id,name,province,lat,lon,time,temp,rh,dew,rain_3h,rain_24h,wind_kmh,wind_dir,pressure,visibility_km
48300,แม่ฮ่องสอน,แม่ฮ่องสอน,19.29897,97.97578,2026-09-30T01:00:00,24.2,93.0,23.0,0.0,12.5,0.0,0.0,1012.2,5.0
48300,แม่ฮ่องสอน,แม่ฮ่องสอน,19.29897,97.97578,2026-09-30T04:00:00,23.2,93.0,22.0,0.2,5.2,0.0,0.0,1012.0,3.0
48300,แม่ฮ่องสอน,แม่ฮ่องสอน,19.29897,97.97578,2026-09-30T07:00:00,23.1,95.0,22.2,0.4,4.4,0.0,0.0,1013.41,2.0
48300,แม่ฮ่องสอน,แม่ฮ่องสอน,19.29897,97.97578,2026-09-30T10:00:00,26.6,82.0,23.2,0.0,1.8,0.0,0.0,1014.31,8.0
48300,แม่ฮ่องสอน,แม่ฮ่องสอน,19.29897,97.97578,2026-09-30T13:00:00,28.7,75.0,23.8,0.0,1.2,0.0,0.0,1012.74,9.0
48300,แม่ฮ่องสอน,แม่ฮ่องสอน,19.29897,97.97578,2026-09-30T16:00:00,25.7,90.0,23.9,1.8,2.4,0.0,0.0,1011.42,8.0
48300,แม่ฮ่องสอน,แม่ฮ่องสอน,19.29897,97.97578,2026-09-30T19:00:00,24.6,92.0,23.3,0.0,2.4,0.0,0.0,1011.94,8.0
48300,แม่ฮ่องสอน,แม่ฮ่องสอน,19.29897,97.97578,2026-09-30T22:00:00,24.2,95.0,23.3,0.0,2.4,0.0,0.0,1014.42,6.0
48302,ดอยอ่างขาง,เชียงใหม่,19.93139,99.04833,2026-09-30T01:00:00,16.2,100.0,16.2,0.0,18.6,0.0,0.0,1013.48,0.5
48302,ดอยอ่างขาง,เชียงใหม่,19.93139,99.04833,2026-09-30T04:00:00,15.8,100.0,15.8,0.0,16.5,0.0,0.0,1012.32,0.5
48302,ดอยอ่างขาง,เชียงใหม่,19.93139,99.04833,2026-09-30T07:00:00,16.7,100.0,16.7,0.0,13.9,0.0,0.0,1013.64,0.5
48302,ดอยอ่างขาง,เชียงใหม่,19.93139,99.04833,2026-09-30T10:00:00,17.8,100.0,17.8,0.0,11.9,0.0,0.0,1015.13,0.5
48302,ดอยอ่างขาง,เชียงใหม่,19.93139,99.04833,2026-09-30T13:00:00,21.0,99.0,20.8,0.0,10.9,0.0,0.0,1012.03,7.0
48302,ดอยอ่างขาง,เชียงใหม่,19.93139,99.04833,2026-09-30T16:00:00,19.4,99.0,19.2,0.2,10.7,0.0,0.0,1010.43,7.0
48302,ดอยอ่างขาง,เชียงใหม่,19.93139,99.04833,2026-09-30T19:00:00,18.3,100.0,18.3,1.4,10.1,0.0,0.0,1011.7,0.5
48302,ดอยอ่างขาง,เชียงใหม่,19.93139,99.04833,2026-09-30T22:00:00,17.5,100.0,17.5,0.2,1.8,0.0,0.0,1014.6,0.5
48303,เชียงราย,เชียงราย,19.96139,99.88139,2026-09-30T01:00:00,24.2,90.0,22.4,0.0,1.2,0.0,0.0,1013.02,10.0
48303,เชียงราย,เชียงราย,19.96139,99.88139,2026-09-30T04:00:00,23.4,97.0,22.9,0.0,1.0,0.0,0.0,1012.44,10.0
48303,เชียงราย,เชียงราย,19.96139,99.88139,2026-09-30T07:00:00,23.5,89.0,21.5,0.0,0.8,0.0,0.0,1013.47,10.0
48303,เชียงราย,เชียงราย,19.96139,99.88139,2026-09-30T10:00:00,27.0,84.0,24.1,0.0,0.8,7.4,210.0,1014.35,10.0
48303,เชียงราย,เชียงราย,19.96139,99.88139,2026-09-30T13:00:00,28.9,68.0,22.4,0.0,0.6,0.0,0.0,1012.12,10.0
48303,เชียงราย,เชียงราย,19.96139,99.88139,2026-09-30T16:00:00,29.5,65.0,22.3,0.0,0.6,7.4,240.0,1009.9,10.0
48303,เชียงราย,เชียงราย,19.96139,99.88139,2026-09-30T19:00:00,27.3,84.0,24.4,0.0,0.6,0.0,0.0,1010.58,10.0
48303,เชียงราย,เชียงราย,19.96139,99.88139,2026-09-30T22:00:00,25.8,90.0,24.1,0.0,0.0,0.0,0.0,1013.37,10.0
48304,เชียงราย สกษ.,เชียงราย,19.87083,99.78278,2026-09-30T01:00:00,23.8,98.0,23.5,0.0,8.0,0.0,0.0,1012.81,11.0
48304,เชียงราย สกษ.,เชียงราย,19.87083,99.78278,2026-09-30T04:00:00,23.8,98.0,23.5,0.0,5.5,0.0,0.0,1012.14,4.0
48304,เชียงราย สกษ.,เชียงราย,19.87083,99.78278,2026-09-30T07:00:00,23.8,98.0,23.5,0.0,5.2,0.0,0.0,1013.39,0.2
48304,เชียงราย สกษ.,เชียงราย,19.87083,99.78278,2026-09-30T10:00:00,26.6,81.0,23.1,0.0,3.7,11.1,180.0,1014.34,11.0
48304,เชียงราย สกษ.,เชียงราย,19.87083,99.78278,2026-09-30T13:00:00,28.8,73.0,23.4,0.0,3.2,9.3,270.0,1011.85,12.0
48304,เชียงราย สกษ.,เชียงราย,19.87083,99.78278,2026-09-30T16:00:00,28.1,72.0,22.5,0.0,1.9,7.4,250.0,1009.9,12.0
48304,เชียงราย สกษ.,เชียงราย,19.87083,99.78278,2026-09-30T19:00:00,26.5,88.0,24.3,0.0,0.2,0.0,0.0,1010.82,12.0
48304,เชียงราย สกษ.,เชียงราย,19.87083,99.78278,2026-09-30T22:00:00,25.0,98.0,24.7,0.0,0.0,0.0,0.0,1013.44,12.0
48307,ทุ่งช้าง,น่าน,19.41194,100.88353,2026-09-30T01:00:00,24.2,99.0,24.0,0.0,0.0,0.0,0.0,1013.35,6.0
48307,ทุ่งช้าง,น่าน,19.41194,100.88353,2026-09-30T04:00:00,23.6,99.0,23.4,0.0,0.0,0.0,0.0,1012.83,6.0
48307,ทุ่งช้าง,น่าน,19.41194,100.88353,2026-09-30T07:00:00,23.8,99.0,23.6,0.2,0.2,0.0,0.0,1013.96,10.0
48307,ทุ่งช้าง,น่าน,19.41194,100.88353,2026-09-30T10:00:00,28.4,80.0,24.5,0.0,0.2,0.0,0.0,1014.46,12.0
48307,ทุ่งช้าง,น่าน,19.41194,100.88353,2026-09-30T13:00:00,32.0,69.0,25.5,0.0,0.2,5.6,240.0,1011.73,12.0
48307,ทุ่งช้าง,น่าน,19.41194,100.88353,2026-09-30T16:00:00,31.5,72.0,25.9,0.0,0.2,0.0,0.0,1009.61,12.0
48307,ทุ่งช้าง,น่าน,19.41194,100.88353,2026-09-30T19:00:00,26.4,89.0,24.5,0.0,0.2,0.0,0.0,1010.79,10.0
48307,ทุ่งช้าง,น่าน,19.41194,100.88353,2026-09-30T22:00:00,24.8,99.0,24.6,0.0,0.2,0.0,0.0,1013.79,8.0
48310,พะเยา,พะเยา,19.13333,99.9,2026-09-30T01:00:00,23.0,98.0,22.7,0.0,2.6,0.0,0.0,1012.09,10.0
48310,พะเยา,พะเยา,19.13333,99.9,2026-09-30T04:00:00,23.1,98.0,22.8,0.0,2.6,0.0,0.0,1011.56,10.0
48310,พะเยา,พะเยา,19.13333,99.9,2026-09-30T07:00:00,23.6,96.0,22.9,0.0,2.6,0.0,0.0,1012.17,12.0
48310,พะเยา,พะเยา,19.13333,99.9,2026-09-30T10:00:00,26.9,81.0,23.4,0.0,2.6,0.0,0.0,1013.6,12.0
48310,พะเยา,พะเยา,19.13333,99.9,2026-09-30T13:00:00,31.5,58.0,22.1,0.0,1.0,3.7,150.0,1010.56,12.0
48310,พะเยา,พะเยา,19.13333,99.9,2026-09-30T16:00:00,29.7,69.0,23.3,0.0,1.0,1.9,130.0,1008.75,12.0
48310,พะเยา,พะเยา,19.13333,99.9,2026-09-30T19:00:00,27.5,78.0,23.3,0.0,1.0,3.7,170.0,1009.67,10.0
48310,พะเยา,พะเยา,19.13333,99.9,2026-09-30T22:00:00,24.7,94.0,23.7,0.0,0.0,0.0,0.0,1012.84,10.0
48315,ท่าวังผา,น่าน,19.11056,100.8025,2026-09-30T01:00:00,24.6,89.0,22.7,0.0,0.0,0.0,0.0,1013.48,9.0
48315,ท่าวังผา,น่าน,19.11056,100.8025,2026-09-30T04:00:00,24.2,91.0,22.6,0.01,0.01,0.0,0.0,1012.97,9.0
48315,ท่าวังผา,น่าน,19.11056,100.8025,2026-09-30T07:00:00,24.3,91.0,22.7,0.0,0.2,0.0,0.0,1014.1,9.0
48315,ท่าวังผา,น่าน,19.11056,100.8025,2026-09-30T10:00:00,29.3,72.0,23.8,0.0,0.2,0.0,0.0,1015.07,12.0
48315,ท่าวังผา,น่าน,19.11056,100.8025,2026-09-30T13:00:00,31.2,63.0,23.2,0.0,0.2,0.0,0.0,1012.27,12.0
48315,ท่าวังผา,น่าน,19.11056,100.8025,2026-09-30T16:00:00,31.1,68.0,24.5,0.0,0.2,0.0,0.0,1009.97,12.0
48315,ท่าวังผา,น่าน,19.11056,100.8025,2026-09-30T19:00:00,27.4,81.0,23.9,0.0,0.2,0.0,0.0,1011.01,10.0
48315,ท่าวังผา,น่าน,19.11056,100.8025,2026-09-30T22:00:00,25.7,89.0,23.8,0.0,0.2,0.0,0.0,1013.87,9.0
48324,เถิน,ลำปาง,17.63661,99.24475,2026-09-30T01:00:00,24.3,100.0,24.3,0.0,12.0,3.7,110.0,1013.12,10.0
48324,เถิน,ลำปาง,17.63661,99.24475,2026-09-30T04:00:00,23.3,100.0,23.3,0.0,12.0,5.6,330.0,1012.46,10.0
48324,เถิน,ลำปาง,17.63661,99.24475,2026-09-30T07:00:00,23.6,100.0,23.6,0.0,12.0,1.9,310.0,1013.56,2.0
48324,เถิน,ลำปาง,17.63661,99.24475,2026-09-30T10:00:00,28.3,86.0,25.8,0.0,12.0,5.6,110.0,1014.21,11.0
48324,เถิน,ลำปาง,17.63661,99.24475,2026-09-30T13:00:00,33.4,67.0,26.3,0.0,11.9,3.7,250.0,1011.68,13.0
48324,เถิน,ลำปาง,17.63661,99.24475,2026-09-30T16:00:00,32.8,70.0,26.7,0.0,1.5,5.6,100.0,1009.39,13.0
48324,เถิน,ลำปาง,17.63661,99.24475,2026-09-30T19:00:00,28.1,89.0,26.1,0.0,0.0,5.6,360.0,1010.53,12.0
48324,เถิน,ลำปาง,17.63661,99.24475,2026-09-30T22:00:00,25.7,98.0,25.4,0.0,0.0,0.0,0.0,1013.69,11.0
48325,แม่สะเรียง,แม่ฮ่องสอน,18.16667,97.93333,2026-09-30T01:00:00,23.2,98.0,22.9,0.0,17.6,0.0,0.0,1013.09,6.0
48325,แม่สะเรียง,แม่ฮ่องสอน,18.16667,97.93333,2026-09-30T04:00:00,23.1,98.0,22.8,2.0,16.2,0.0,0.0,1012.16,4.0
48325,แม่สะเรียง,แม่ฮ่องสอน,18.16667,97.93333,2026-09-30T07:00:00,23.0,98.0,22.7,3.0,8.0,0.0,0.0,1013.58,3.0
48325,แม่สะเรียง,แม่ฮ่องสอน,18.16667,97.93333,2026-09-30T10:00:00,23.6,98.0,23.3,2.0,8.6,0.0,0.0,1015.1,3.0
48325,แม่สะเรียง,แม่ฮ่องสอน,18.16667,97.93333,2026-09-30T13:00:00,27.6,86.0,25.0,0.6,7.6,0.0,0.0,1012.95,6.0
48325,แม่สะเรียง,แม่ฮ่องสอน,18.16667,97.93333,2026-09-30T16:00:00,29.2,79.0,25.2,0.0,7.6,0.0,0.0,1010.63,9.0
48325,แม่สะเรียง,แม่ฮ่องสอน,18.16667,97.93333,2026-09-30T19:00:00,24.9,97.0,24.5,0.0,7.6,0.0,0.0,1011.89,9.0
48325,แม่สะเรียง,แม่ฮ่องสอน,18.16667,97.93333,2026-09-30T22:00:00,23.7,98.0,23.4,0.0,7.6,0.0,0.0,1014.51,7.0
48327,เชียงใหม่,เชียงใหม่,18.77111,98.9725,2026-09-30T01:00:00,23.7,96.0,23.0,0.0,3.8,0.0,0.0,1013.05,10.0
48327,เชียงใหม่,เชียงใหม่,18.77111,98.9725,2026-09-30T04:00:00,23.6,96.0,22.9,0.0,1.2,0.0,0.0,1012.24,10.0
48327,เชียงใหม่,เชียงใหม่,18.77111,98.9725,2026-09-30T07:00:00,24.1,95.0,23.2,0.0,0.6,5.6,140.0,1013.41,10.0
48327,เชียงใหม่,เชียงใหม่,18.77111,98.9725,2026-09-30T10:00:00,27.2,78.0,22.9,0.01,0.6,5.6,240.0,1014.66,10.0
48327,เชียงใหม่,เชียงใหม่,18.77111,98.9725,2026-09-30T13:00:00,31.0,63.0,23.0,0.0,0.01,3.7,170.0,1011.92,10.0
48327,เชียงใหม่,เชียงใหม่,18.77111,98.9725,2026-09-30T16:00:00,29.7,69.0,23.5,0.0,0.01,5.6,160.0,1010.01,10.0
48327,เชียงใหม่,เชียงใหม่,18.77111,98.9725,2026-09-30T19:00:00,26.8,80.0,23.1,0.0,0.01,3.7,200.0,1011.04,10.0
48327,เชียงใหม่,เชียงใหม่,18.77111,98.9725,2026-09-30T22:00:00,24.9,91.0,23.3,0.0,0.01,0.0,0.0,1014.14,10.0
48328,ลำปาง,ลำปาง,18.28333,99.51667,2026-09-30T01:00:00,23.2,97.0,22.7,0.0,15.6,0.0,0.0,1013.57,10.0
48328,ลำปาง,ลำปาง,18.28333,99.51667,2026-09-30T04:00:00,22.8,97.0,22.3,0.0,15.4,0.0,0.0,1012.74,10.0
48328,ลำปาง,ลำปาง,18.28333,99.51667,2026-09-30T07:00:00,23.2,97.0,22.7,0.0,15.4,0.0,0.0,1014.1,7.0
48328,ลำปาง,ลำปาง,18.28333,99.51667,2026-09-30T10:00:00,26.8,82.0,23.4,0.0,13.7,0.0,0.0,1015.1,10.0
48328,ลำปาง,ลำปาง,18.28333,99.51667,2026-09-30T13:00:00,31.3,61.0,22.9,0.0,13.7,0.0,0.0,1012.1,10.0
48328,ลำปาง,ลำปาง,18.28333,99.51667,2026-09-30T16:00:00,30.7,65.0,23.5,0.0,13.6,0.0,0.0,1010.13,10.0
48328,ลำปาง,ลำปาง,18.28333,99.51667,2026-09-30T19:00:00,28.0,79.0,24.1,0.0,0.01,0.0,0.0,1011.07,9.0
48328,ลำปาง,ลำปาง,18.28333,99.51667,2026-09-30T22:00:00,25.5,88.0,23.4,0.0,0.0,0.0,0.0,1014.0,10.0
48329,ลำพูน,ลำพูน,18.56667,99.03333,2026-09-30T01:00:00,24.3,93.0,23.1,0.0,3.5,7.4,210.0,1006.84,10.0
48329,ลำพูน,ลำพูน,18.56667,99.03333,2026-09-30T04:00:00,23.5,96.0,22.8,0.0,2.9,0.0,0.0,1012.34,10.0
48329,ลำพูน,ลำพูน,18.56667,99.03333,2026-09-30T07:00:00,23.2,97.0,22.7,0.0,2.9,5.6,170.0,1013.45,10.0
48329,ลำพูน,ลำพูน,18.56667,99.03333,2026-09-30T10:00:00,26.9,89.0,24.9,0.0,2.8,5.6,10.0,1014.42,10.0
48329,ลำพูน,ลำพูน,18.56667,99.03333,2026-09-30T13:00:00,30.1,74.0,25.0,0.0,2.7,0.0,0.0,1012.29,10.0
48329,ลำพูน,ลำพูน,18.56667,99.03333,2026-09-30T16:00:00,29.9,75.0,24.9,0.2,2.9,5.6,40.0,1010.21,10.0
48329,ลำพูน,ลำพูน,18.56667,99.03333,2026-09-30T19:00:00,26.5,88.0,24.3,0.2,0.4,0.0,0.0,1011.24,10.0
48329,ลำพูน,ลำพูน,18.56667,99.03333,2026-09-30T22:00:00,24.6,95.0,23.7,0.0,0.4,0.0,0.0,1013.72,10.0
48330,แพร่,แพร่,18.16667,100.16667,2026-09-30T01:00:00,24.4,98.0,24.1,6.7,10.2,1.9,260.0,1012.74,7.0
48330,แพร่,แพร่,18.16667,100.16667,2026-09-30T04:00:00,24.0,98.0,23.7,0.2,7.1,0.0,0.0,1011.7,6.0
48330,แพร่,แพร่,18.16667,100.16667,2026-09-30T07:00:00,24.5,99.0,24.3,0.3,7.2,0.0,0.0,1013.33,6.0
48330,แพร่,แพร่,18.16667,100.16667,2026-09-30T10:00:00,27.3,84.0,24.4,0.0,7.2,3.7,250.0,1014.51,7.0
48330,แพร่,แพร่,18.16667,100.16667,2026-09-30T13:00:00,30.7,68.0,24.1,0.0,7.2,3.7,200.0,1011.38,10.0
48330,แพร่,แพร่,18.16667,100.16667,2026-09-30T16:00:00,32.5,59.0,23.4,0.0,7.2,5.6,190.0,1009.49,10.0
48330,แพร่,แพร่,18.16667,100.16667,2026-09-30T19:00:00,29.5,84.0,26.4,0.0,7.2,0.0,0.0,1010.03,10.0
48330,แพร่,แพร่,18.16667,100.16667,2026-09-30T22:00:00,26.5,92.0,25.1,0.0,7.2,0.0,0.0,1013.2,8.0
48331,น่าน,น่าน,18.77972,100.77778,2026-09-30T01:00:00,25.5,98.0,25.2,0.0,0.0,0.0,0.0,1012.72,10.0
48331,น่าน,น่าน,18.77972,100.77778,2026-09-30T04:00:00,25.4,98.0,25.1,0.0,0.0,0.0,0.0,1012.09,10.0
48331,น่าน,น่าน,18.77972,100.77778,2026-09-30T07:00:00,24.7,100.0,24.7,1.2,1.2,0.0,0.0,1013.66,10.0
48331,น่าน,น่าน,18.77972,100.77778,2026-09-30T10:00:00,29.7,79.0,25.6,0.0,1.2,0.0,0.0,1014.56,10.0
48331,น่าน,น่าน,18.77972,100.77778,2026-09-30T13:00:00,33.0,67.0,26.0,0.0,1.2,3.7,110.0,1011.85,10.0
48331,น่าน,น่าน,18.77972,100.77778,2026-09-30T16:00:00,33.4,62.0,25.1,0.0,1.2,5.6,100.0,1009.52,10.0
48331,น่าน,น่าน,18.77972,100.77778,2026-09-30T19:00:00,28.6,86.0,26.1,0.0,1.2,0.0,0.0,1010.19,10.0
48331,น่าน,น่าน,18.77972,100.77778,2026-09-30T22:00:00,27.0,94.0,26.0,0.0,1.2,0.0,0.0,1013.15,10.0
48333,น่าน สกษ.,น่าน,18.86667,100.75,2026-09-30T01:00:00,24.1,94.0,23.1,0.0,0.0,0.0,0.0,1013.29,5.0
48333,น่าน สกษ.,น่าน,18.86667,100.75,2026-09-30T04:00:00,24.1,94.0,23.1,0.0,0.0,0.0,0.0,1012.66,5.0
48333,น่าน สกษ.,น่าน,18.86667,100.75,2026-09-30T07:00:00,24.3,97.0,23.9,0.0,0.0,0.0,0.0,1013.75,8.0
48333,น่าน สกษ.,น่าน,18.86667,100.75,2026-09-30T10:00:00,27.8,79.0,23.9,0.0,0.0,0.0,0.0,1014.45,12.0
48333,น่าน สกษ.,น่าน,18.86667,100.75,2026-09-30T13:00:00,30.6,71.0,24.8,0.0,0.0,0.0,0.0,1012.02,12.0
48333,น่าน สกษ.,น่าน,18.86667,100.75,2026-09-30T16:00:00,32.1,65.0,24.7,0.0,0.0,0.0,0.0,1009.74,12.0
48333,น่าน สกษ.,น่าน,18.86667,100.75,2026-09-30T19:00:00,26.3,92.0,24.9,0.0,0.0,0.0,0.0,1010.3,8.0
48333,น่าน สกษ.,น่าน,18.86667,100.75,2026-09-30T22:00:00,24.8,98.0,24.5,0.0,0.0,0.0,0.0,1013.27,7.0
48334,ลำปาง สกษ.,ลำปาง,18.31667,99.28333,2026-09-30T01:00:00,23.7,93.0,22.5,0.0,14.5,5.6,300.0,1013.23,7.0
48334,ลำปาง สกษ.,ลำปาง,18.31667,99.28333,2026-09-30T04:00:00,23.0,94.0,21.9,0.0,13.8,0.0,0.0,1012.66,7.0
48334,ลำปาง สกษ.,ลำปาง,18.31667,99.28333,2026-09-30T07:00:00,23.5,94.0,22.4,0.0,13.8,0.0,0.0,1013.57,5.0
48334,ลำปาง สกษ.,ลำปาง,18.31667,99.28333,2026-09-30T10:00:00,29.7,70.0,23.6,0.0,13.8,3.7,160.0,1014.29,8.0
48334,ลำปาง สกษ.,ลำปาง,18.31667,99.28333,2026-09-30T13:00:00,30.7,62.0,22.7,0.0,13.8,0.0,0.0,1012.08,8.0
48334,ลำปาง สกษ.,ลำปาง,18.31667,99.28333,2026-09-30T16:00:00,28.9,69.0,22.6,0.0,13.8,9.3,340.0,1009.99,8.0
48334,ลำปาง สกษ.,ลำปาง,18.31667,99.28333,2026-09-30T19:00:00,26.8,80.0,23.0,0.0,0.0,0.0,0.0,1011.1,8.0
48334,ลำปาง สกษ.,ลำปาง,18.31667,99.28333,2026-09-30T22:00:00,24.9,91.0,23.3,0.0,0.0,0.0,0.0,1013.67,8.0
48350,เลย สกษ.,เลย,17.4,101.73333,2026-09-30T01:00:00,23.3,99.0,23.1,0.0,0.01,0.0,0.0,1012.61,8.0
48350,เลย สกษ.,เลย,17.4,101.73333,2026-09-30T04:00:00,23.2,99.0,23.0,0.0,0.01,0.0,0.0,1011.64,8.0
48350,เลย สกษ.,เลย,17.4,101.73333,2026-09-30T07:00:00,23.8,99.0,23.6,0.0,0.01,0.0,0.0,1012.94,0.3
48350,เลย สกษ.,เลย,17.4,101.73333,2026-09-30T10:00:00,30.7,73.0,25.3,0.0,0.01,5.6,70.0,1013.3,10.0
48350,เลย สกษ.,เลย,17.4,101.73333,2026-09-30T13:00:00,32.7,65.0,25.2,0.0,0.0,5.6,140.0,1010.79,12.0
48350,เลย สกษ.,เลย,17.4,101.73333,2026-09-30T16:00:00,33.0,64.0,25.3,0.0,0.0,3.7,210.0,1008.6,12.0
48350,เลย สกษ.,เลย,17.4,101.73333,2026-09-30T19:00:00,27.1,93.0,25.8,0.0,0.0,0.0,0.0,1009.82,10.0
48350,เลย สกษ.,เลย,17.4,101.73333,2026-09-30T22:00:00,25.3,99.0,25.1,4.2,4.2,0.0,0.0,1012.79,8.0
48351,อุตรดิตถ์,อุตรดิตถ์,17.61667,100.1,2026-09-30T01:00:00,25.1,99.0,24.9,3.9,16.2,3.7,10.0,1013.18,5.0
48351,อุตรดิตถ์,อุตรดิตถ์,17.61667,100.1,2026-09-30T04:00:00,25.5,99.0,25.3,0.5,16.7,0.0,0.0,1012.17,5.0
48351,อุตรดิตถ์,อุตรดิตถ์,17.61667,100.1,2026-09-30T07:00:00,25.0,100.0,25.0,0.0,15.1,0.0,0.0,1012.98,6.0
48351,อุตรดิตถ์,อุตรดิตถ์,17.61667,100.1,2026-09-30T10:00:00,29.6,82.0,26.1,0.0,15.1,0.0,0.0,1014.3,11.0
48351,อุตรดิตถ์,อุตรดิตถ์,17.61667,100.1,2026-09-30T13:00:00,33.3,61.0,24.8,0.0,14.9,0.0,0.0,1011.75,11.0
48351,อุตรดิตถ์,อุตรดิตถ์,17.61667,100.1,2026-09-30T16:00:00,34.1,53.0,23.2,0.0,14.9,5.6,180.0,1009.5,7.0
48351,อุตรดิตถ์,อุตรดิตถ์,17.61667,100.1,2026-09-30T19:00:00,29.9,73.0,24.6,0.0,14.9,0.0,0.0,1010.18,6.0
48351,อุตรดิตถ์,อุตรดิตถ์,17.61667,100.1,2026-09-30T22:00:00,27.5,91.0,25.9,0.0,4.4,0.0,0.0,1012.85,5.0
48352,หนองคาย,หนองคาย,17.86511,102.74728,2026-09-30T01:00:00,26.3,91.0,24.7,0.0,0.0,0.0,0.0,1012.4,10.0
48352,หนองคาย,หนองคาย,17.86511,102.74728,2026-09-30T04:00:00,25.3,93.0,24.1,0.0,0.0,0.0,0.0,1011.96,10.0
48352,หนองคาย,หนองคาย,17.86511,102.74728,2026-09-30T07:00:00,27.9,85.0,25.2,0.0,0.0,0.0,0.0,1012.96,12.0
48352,หนองคาย,หนองคาย,17.86511,102.74728,2026-09-30T10:00:00,32.2,67.0,25.3,0.0,0.0,3.7,30.0,1013.83,12.0
48352,หนองคาย,หนองคาย,17.86511,102.74728,2026-09-30T13:00:00,33.7,59.0,24.6,0.0,0.0,5.6,280.0,1011.45,12.0
48352,หนองคาย,หนองคาย,17.86511,102.74728,2026-09-30T16:00:00,34.5,59.0,25.2,0.0,0.0,3.7,330.0,1009.24,12.0
48352,หนองคาย,หนองคาย,17.86511,102.74728,2026-09-30T19:00:00,30.0,76.0,25.3,0.0,0.0,0.0,0.0,1010.03,10.0
48352,หนองคาย,หนองคาย,17.86511,102.74728,2026-09-30T22:00:00,28.3,84.0,25.3,0.0,0.0,0.0,0.0,1012.33,10.0
48353,เลย,เลย,17.45,101.73333,2026-09-30T01:00:00,24.2,99.0,24.0,0.0,0.0,0.0,0.0,1012.87,7.0
48353,เลย,เลย,17.45,101.73333,2026-09-30T04:00:00,23.4,99.0,23.2,0.0,0.0,0.0,0.0,1012.09,6.0
48353,เลย,เลย,17.45,101.73333,2026-09-30T07:00:00,23.8,99.0,23.6,0.0,0.0,0.0,0.0,1013.41,2.0
48353,เลย,เลย,17.45,101.73333,2026-09-30T10:00:00,30.8,69.0,24.4,0.0,0.0,3.7,20.0,1013.48,10.0
48353,เลย,เลย,17.45,101.73333,2026-09-30T13:00:00,33.7,60.0,24.8,0.0,0.0,0.0,0.0,1011.06,10.0
48353,เลย,เลย,17.45,101.73333,2026-09-30T16:00:00,33.5,56.0,23.4,0.0,0.0,0.0,0.0,1007.09,10.0
48353,เลย,เลย,17.45,101.73333,2026-09-30T19:00:00,29.3,79.0,25.3,0.0,0.0,0.0,0.0,1008.4,10.0
48353,เลย,เลย,17.45,101.73333,2026-09-30T22:00:00,27.0,90.0,25.3,0.0,0.0,0.0,0.0,1011.52,10.0
48354,อุดรธานี,อุดรธานี,17.38333,102.8,2026-09-30T04:00:00,24.3,96.0,23.6,0.0,0.0,3.7,280.0,1011.53,10.0
48354,อุดรธานี,อุดรธานี,17.38333,102.8,2026-09-30T07:00:00,25.9,93.0,24.6,0.0,0.0,0.0,0.0,1013.31,12.0
48354,อุดรธานี,อุดรธานี,17.38333,102.8,2026-09-30T10:00:00,30.8,70.0,24.7,0.0,0.0,11.1,240.0,1013.78,12.0
48354,อุดรธานี,อุดรธานี,17.38333,102.8,2026-09-30T13:00:00,32.9,66.0,25.8,0.0,0.0,9.3,230.0,1011.47,12.0
48354,อุดรธานี,อุดรธานี,17.38333,102.8,2026-09-30T16:00:00,33.8,59.0,24.8,0.0,0.0,5.6,240.0,1009.19,12.0
48354,อุดรธานี,อุดรธานี,17.38333,102.8,2026-09-30T19:00:00,28.9,81.0,25.4,0.0,0.0,5.6,210.0,1010.16,12.0
48354,อุดรธานี,อุดรธานี,17.38333,102.8,2026-09-30T22:00:00,26.8,89.0,24.8,0.0,0.0,0.0,0.0,1012.3,10.0
48355,สกลนคร สกษ.,สกลนคร,17.12503,104.061,2026-09-30T01:00:00,24.9,98.0,24.6,0.0,0.0,0.0,0.0,1012.04,10.0
48355,สกลนคร สกษ.,สกลนคร,17.12503,104.061,2026-09-30T04:00:00,24.0,98.0,23.7,0.0,0.0,0.0,0.0,1011.31,10.0
48355,สกลนคร สกษ.,สกลนคร,17.12503,104.061,2026-09-30T07:00:00,25.3,99.0,25.1,0.0,0.0,0.0,0.0,1013.21,10.0
48355,สกลนคร สกษ.,สกลนคร,17.12503,104.061,2026-09-30T10:00:00,33.3,67.0,26.4,0.0,0.0,0.0,0.0,1013.76,15.0
48355,สกลนคร สกษ.,สกลนคร,17.12503,104.061,2026-09-30T13:00:00,35.1,60.0,26.2,0.0,0.0,0.0,0.0,1011.67,15.0
48355,สกลนคร สกษ.,สกลนคร,17.12503,104.061,2026-09-30T16:00:00,33.6,63.0,25.6,0.0,0.0,0.0,0.0,1009.93,12.0
48355,สกลนคร สกษ.,สกลนคร,17.12503,104.061,2026-09-30T19:00:00,27.8,93.0,26.5,0.0,0.0,0.0,0.0,1010.82,10.0
48355,สกลนคร สกษ.,สกลนคร,17.12503,104.061,2026-09-30T22:00:00,26.0,96.0,25.3,0.0,0.0,0.0,0.0,1012.46,10.0
48356,สกลนคร,สกลนคร,17.15,104.13333,2026-09-30T01:00:00,25.1,94.0,24.1,0.0,0.0,1.9,210.0,1011.79,10.0
48356,สกลนคร,สกลนคร,17.15,104.13333,2026-09-30T04:00:00,24.6,97.0,24.0,0.0,0.0,1.9,210.0,1011.69,10.0
48356,สกลนคร,สกลนคร,17.15,104.13333,2026-09-30T07:00:00,25.7,93.0,24.4,0.0,0.0,3.7,350.0,1012.88,12.0
48356,สกลนคร,สกลนคร,17.15,104.13333,2026-09-30T10:00:00,31.9,66.0,24.8,0.0,0.0,5.6,310.0,1013.29,15.0
48356,สกลนคร,สกลนคร,17.15,104.13333,2026-09-30T13:00:00,31.5,65.0,24.0,0.0,0.0,3.7,70.0,1011.23,15.0
48356,สกลนคร,สกลนคร,17.15,104.13333,2026-09-30T16:00:00,33.5,57.0,23.9,0.0,0.0,5.6,320.0,1009.28,15.0
48356,สกลนคร,สกลนคร,17.15,104.13333,2026-09-30T19:00:00,29.0,77.0,24.6,0.0,0.0,3.7,190.0,1010.23,12.0
48356,สกลนคร,สกลนคร,17.15,104.13333,2026-09-30T22:00:00,26.5,89.0,24.5,0.0,0.0,0.0,0.0,1012.03,10.0
48357,นครพนม,นครพนม,17.41083,104.7825,2026-09-30T01:00:00,26.0,94.0,25.0,0.0,4.0,0.0,0.0,1012.78,12.0
48357,นครพนม,นครพนม,17.41083,104.7825,2026-09-30T04:00:00,25.5,96.0,24.8,0.0,4.0,0.0,0.0,1012.43,11.0
48357,นครพนม,นครพนม,17.41083,104.7825,2026-09-30T07:00:00,25.9,93.0,24.7,0.0,0.0,3.7,60.0,1013.75,10.0
48357,นครพนม,นครพนม,17.41083,104.7825,2026-09-30T10:00:00,32.2,68.0,25.6,0.0,0.0,5.6,240.0,1014.09,12.0
48357,นครพนม,นครพนม,17.41083,104.7825,2026-09-30T13:00:00,34.0,62.0,25.6,0.0,0.0,5.6,170.0,1011.58,12.0
48357,นครพนม,นครพนม,17.41083,104.7825,2026-09-30T16:00:00,34.0,62.0,25.6,0.0,0.0,0.0,0.0,1009.71,12.0
48357,นครพนม,นครพนม,17.41083,104.7825,2026-09-30T19:00:00,29.9,82.0,26.5,0.0,0.0,0.0,0.0,1010.84,12.0
48357,นครพนม,นครพนม,17.41083,104.7825,2026-09-30T22:00:00,28.1,93.0,26.8,0.0,0.0,0.0,0.0,1012.32,12.0
48358,นครพนม สกษ.,นครพนม,17.44306,104.77361,2026-09-30T01:00:00,25.7,97.0,25.3,0.0,2.2,3.7,330.0,1012.82,10.0
48358,นครพนม สกษ.,นครพนม,17.44306,104.77361,2026-09-30T04:00:00,25.3,97.0,24.9,0.0,2.2,0.0,0.0,1011.2,10.0
48358,นครพนม สกษ.,นครพนม,17.44306,104.77361,2026-09-30T07:00:00,25.7,97.0,25.3,0.0,0.0,3.7,30.0,1012.64,12.0
48358,นครพนม สกษ.,นครพนม,17.44306,104.77361,2026-09-30T10:00:00,32.4,72.0,26.7,0.0,0.0,3.7,330.0,1014.2,14.0
48358,นครพนม สกษ.,นครพนม,17.44306,104.77361,2026-09-30T13:00:00,33.7,62.0,25.4,0.0,0.0,3.7,320.0,1012.03,14.0
48358,นครพนม สกษ.,นครพนม,17.44306,104.77361,2026-09-30T16:00:00,32.5,74.0,27.3,0.0,0.0,0.0,0.0,1010.08,14.0
48358,นครพนม สกษ.,นครพนม,17.44306,104.77361,2026-09-30T19:00:00,27.2,96.0,26.5,0.0,0.0,0.0,0.0,1011.18,10.0
48358,นครพนม สกษ.,นครพนม,17.44306,104.77361,2026-09-30T22:00:00,26.2,97.0,25.6,0.0,0.0,0.0,0.0,1012.73,10.0
48360,หนองบัวลำภู,หนองบัวลำภู,17.2325,102.42944,2026-09-30T01:00:00,23.0,94.0,21.9,0.0,0.0,0.0,0.0,1010.96,10.0
48360,หนองบัวลำภู,หนองบัวลำภู,17.2325,102.42944,2026-09-30T04:00:00,22.4,95.0,21.5,0.0,0.0,0.0,0.0,1010.09,10.0
48360,หนองบัวลำภู,หนองบัวลำภู,17.2325,102.42944,2026-09-30T07:00:00,22.9,96.0,22.1,0.0,0.0,0.0,0.0,1011.97,10.0
48360,หนองบัวลำภู,หนองบัวลำภู,17.2325,102.42944,2026-09-30T10:00:00,31.3,62.0,23.2,0.0,0.0,0.0,0.0,1012.27,11.0
48360,หนองบัวลำภู,หนองบัวลำภู,17.2325,102.42944,2026-09-30T13:00:00,32.9,58.0,23.4,0.0,0.0,0.0,0.0,1009.69,11.0
48360,หนองบัวลำภู,หนองบัวลำภู,17.2325,102.42944,2026-09-30T16:00:00,32.3,61.0,23.7,0.0,0.0,0.0,0.0,1007.5,10.0
48360,หนองบัวลำภู,หนองบัวลำภู,17.2325,102.42944,2026-09-30T19:00:00,27.2,79.0,23.2,0.0,0.0,0.0,0.0,1008.53,10.0
48360,หนองบัวลำภู,หนองบัวลำภู,17.2325,102.42944,2026-09-30T22:00:00,24.6,93.0,23.4,0.0,0.0,0.0,0.0,1010.8,10.0
48363,บึงกาฬ,บึงกาฬ,18.41361,103.51672,2026-09-30T01:00:00,24.2,95.0,23.3,0.0,0.4,1.9,200.0,1012.67,8.0
48363,บึงกาฬ,บึงกาฬ,18.41361,103.51672,2026-09-30T04:00:00,23.3,94.0,22.2,0.0,0.4,0.0,0.0,1011.7,8.0
48363,บึงกาฬ,บึงกาฬ,18.41361,103.51672,2026-09-30T07:00:00,26.2,84.0,23.3,0.0,0.4,1.9,110.0,1013.35,9.0
48363,บึงกาฬ,บึงกาฬ,18.41361,103.51672,2026-09-30T10:00:00,31.7,62.0,23.6,0.0,0.4,1.9,120.0,1013.92,9.0
48363,บึงกาฬ,บึงกาฬ,18.41361,103.51672,2026-09-30T13:00:00,33.4,60.0,24.5,0.0,0.4,13.0,180.0,1011.37,9.0
48363,บึงกาฬ,บึงกาฬ,18.41361,103.51672,2026-09-30T16:00:00,33.5,54.0,22.9,0.0,0.0,5.6,260.0,1009.33,9.0
48363,บึงกาฬ,บึงกาฬ,18.41361,103.51672,2026-09-30T19:00:00,28.0,83.0,24.8,0.0,0.0,1.9,270.0,1010.18,9.0
48363,บึงกาฬ,บึงกาฬ,18.41361,103.51672,2026-09-30T22:00:00,26.6,86.0,24.0,0.0,0.0,3.7,280.0,1012.31,9.0
48372,สุโขทัย,สุโขทัย,17.10611,99.8,2026-09-30T01:00:00,25.2,91.0,23.6,0.0,1.0,5.6,70.0,1013.4,10.0
48372,สุโขทัย,สุโขทัย,17.10611,99.8,2026-09-30T04:00:00,25.2,92.0,23.9,0.0,1.0,3.7,40.0,1012.6,10.0
48372,สุโขทัย,สุโขทัย,17.10611,99.8,2026-09-30T07:00:00,25.6,93.0,24.3,0.0,1.0,7.4,50.0,1013.25,10.0
48372,สุโขทัย,สุโขทัย,17.10611,99.8,2026-09-30T10:00:00,30.0,81.0,26.4,0.0,1.0,11.1,280.0,1014.4,10.0
48372,สุโขทัย,สุโขทัย,17.10611,99.8,2026-09-30T13:00:00,33.0,67.0,26.0,0.0,1.0,5.6,30.0,1012.29,10.0
48372,สุโขทัย,สุโขทัย,17.10611,99.8,2026-09-30T16:00:00,33.2,57.0,23.6,0.0,0.0,3.7,100.0,1009.72,10.0
48372,สุโขทัย,สุโขทัย,17.10611,99.8,2026-09-30T19:00:00,29.4,67.0,22.7,0.0,0.0,0.0,0.0,1010.6,10.0
48372,สุโขทัย,สุโขทัย,17.10611,99.8,2026-09-30T22:00:00,28.4,78.0,24.2,0.0,0.0,0.0,0.0,1013.19,10.0
48373,ศรีสำโรง สกษ.,สุโขทัย,17.16136,99.86167,2026-09-30T01:00:00,24.2,94.0,23.2,0.0,0.0,0.0,0.0,1013.15,6.0
48373,ศรีสำโรง สกษ.,สุโขทัย,17.16136,99.86167,2026-09-30T04:00:00,24.1,95.0,23.2,0.0,0.0,0.0,0.0,1012.07,5.0
48373,ศรีสำโรง สกษ.,สุโขทัย,17.16136,99.86167,2026-09-30T07:00:00,24.7,93.0,23.5,0.0,0.0,0.0,0.0,1013.45,5.0
48373,ศรีสำโรง สกษ.,สุโขทัย,17.16136,99.86167,2026-09-30T10:00:00,29.7,71.0,23.8,0.0,0.0,0.0,0.0,1014.3,8.0
48373,ศรีสำโรง สกษ.,สุโขทัย,17.16136,99.86167,2026-09-30T13:00:00,31.9,61.0,23.5,0.0,0.0,0.0,0.0,1012.61,10.0
48373,ศรีสำโรง สกษ.,สุโขทัย,17.16136,99.86167,2026-09-30T16:00:00,32.3,58.0,22.9,0.0,0.0,0.0,0.0,1009.67,10.0
48373,ศรีสำโรง สกษ.,สุโขทัย,17.16136,99.86167,2026-09-30T19:00:00,27.8,75.0,23.0,0.0,0.0,0.0,0.0,1010.58,8.0
48373,ศรีสำโรง สกษ.,สุโขทัย,17.16136,99.86167,2026-09-30T22:00:00,26.5,85.0,23.7,0.0,0.0,0.0,0.0,1013.49,7.0
48374,หล่มสัก,เพชรบูรณ์,16.77361,101.24944,2026-09-30T04:00:00,24.3,98.0,24.0,3.4,3.4,0.0,0.0,1012.77,8.0
48374,หล่มสัก,เพชรบูรณ์,16.77361,101.24944,2026-09-30T07:00:00,25.0,95.0,24.1,0.2,3.6,0.0,0.0,1013.6,10.0
48374,หล่มสัก,เพชรบูรณ์,16.77361,101.24944,2026-09-30T10:00:00,29.5,74.0,24.3,0.0,3.6,11.1,240.0,1014.69,10.0
48374,หล่มสัก,เพชรบูรณ์,16.77361,101.24944,2026-09-30T13:00:00,33.0,57.0,23.3,0.0,3.6,9.3,210.0,1012.21,10.0
48374,หล่มสัก,เพชรบูรณ์,16.77361,101.24944,2026-09-30T16:00:00,33.0,55.0,22.8,0.0,3.6,1.9,230.0,1009.79,10.0
48374,หล่มสัก,เพชรบูรณ์,16.77361,101.24944,2026-09-30T19:00:00,29.4,81.0,25.9,0.0,3.6,0.0,0.0,1010.65,10.0
48374,หล่มสัก,เพชรบูรณ์,16.77361,101.24944,2026-09-30T22:00:00,27.0,87.0,24.7,0.0,3.6,0.0,0.0,1013.78,10.0
48375,แม่สอด,ตาก,16.65917,98.55083,2026-09-30T01:00:00,23.5,96.0,22.8,0.0,7.4,0.0,0.0,1011.48,8.0
48375,แม่สอด,ตาก,16.65917,98.55083,2026-09-30T04:00:00,23.0,96.0,22.2,0.0,3.9,0.0,0.0,1010.74,6.0
48375,แม่สอด,ตาก,16.65917,98.55083,2026-09-30T07:00:00,23.5,96.0,22.8,0.0,3.9,0.0,0.0,1012.06,8.0
48375,แม่สอด,ตาก,16.65917,98.55083,2026-09-30T10:00:00,28.0,81.0,24.4,0.0,3.9,0.0,0.0,1012.96,10.0
48375,แม่สอด,ตาก,16.65917,98.55083,2026-09-30T13:00:00,31.5,63.0,23.6,0.0,1.7,9.3,270.0,1010.47,10.0
48375,แม่สอด,ตาก,16.65917,98.55083,2026-09-30T16:00:00,32.0,60.0,23.3,0.0,0.5,5.6,310.0,1008.23,10.0
48375,แม่สอด,ตาก,16.65917,98.55083,2026-09-30T19:00:00,26.0,92.0,24.6,0.0,0.0,0.0,0.0,1009.66,10.0
48375,แม่สอด,ตาก,16.65917,98.55083,2026-09-30T22:00:00,26.0,88.0,23.8,0.0,0.0,0.0,0.0,1012.51,10.0
48376,ตาก,ตาก,16.87833,99.14333,2026-09-30T01:00:00,27.2,99.0,27.1,0.0,17.0,0.0,0.0,1013.09,8.0
48376,ตาก,ตาก,16.87833,99.14333,2026-09-30T04:00:00,26.7,96.0,26.0,0.0,16.4,0.0,0.0,1012.41,8.0
48376,ตาก,ตาก,16.87833,99.14333,2026-09-30T07:00:00,27.2,96.0,26.5,0.0,16.4,0.0,0.0,1013.46,8.0
48376,ตาก,ตาก,16.87833,99.14333,2026-09-30T10:00:00,31.8,80.0,28.0,0.0,16.4,5.6,50.0,1014.57,9.0
48376,ตาก,ตาก,16.87833,99.14333,2026-09-30T13:00:00,35.0,68.0,28.2,0.0,16.4,3.7,80.0,1012.31,9.0
48376,ตาก,ตาก,16.87833,99.14333,2026-09-30T16:00:00,34.4,68.0,27.7,0.0,0.2,5.6,180.0,1009.95,9.0
48376,ตาก,ตาก,16.87833,99.14333,2026-09-30T19:00:00,31.0,86.0,28.4,0.0,0.0,0.0,0.0,1010.78,9.0
48376,ตาก,ตาก,16.87833,99.14333,2026-09-30T22:00:00,30.7,83.0,27.4,0.0,0.0,3.7,270.0,1013.9,8.0
48377,เขื่อนภูมิพล,ตาก,17.24389,99.0025,2026-09-30T01:00:00,23.3,99.0,23.1,0.0,4.3,0.0,0.0,1012.97,6.0
48377,เขื่อนภูมิพล,ตาก,17.24389,99.0025,2026-09-30T04:00:00,23.0,96.0,22.2,0.0,3.3,0.0,0.0,1012.63,6.0
48377,เขื่อนภูมิพล,ตาก,17.24389,99.0025,2026-09-30T07:00:00,24.0,96.0,23.3,0.0,3.3,0.0,0.0,1012.26,7.0
48377,เขื่อนภูมิพล,ตาก,17.24389,99.0025,2026-09-30T10:00:00,28.5,78.0,24.2,0.0,3.3,0.0,0.0,1014.04,7.0
48377,เขื่อนภูมิพล,ตาก,17.24389,99.0025,2026-09-30T13:00:00,32.0,66.0,24.9,0.0,2.1,11.1,160.0,1011.79,7.0
48377,เขื่อนภูมิพล,ตาก,17.24389,99.0025,2026-09-30T16:00:00,32.0,52.0,20.8,0.0,0.0,0.0,0.0,1009.77,7.0
48377,เขื่อนภูมิพล,ตาก,17.24389,99.0025,2026-09-30T19:00:00,27.7,72.0,22.2,0.0,0.0,0.0,0.0,1010.68,7.0
48377,เขื่อนภูมิพล,ตาก,17.24389,99.0025,2026-09-30T22:00:00,25.6,87.0,23.2,0.0,0.0,0.0,0.0,1013.76,7.0
48378,พิษณุโลก,พิษณุโลก,16.79481,100.2793,2026-09-30T01:00:00,26.5,94.0,25.5,0.0,0.0,1.9,190.0,1013.34,10.0
48378,พิษณุโลก,พิษณุโลก,16.79481,100.2793,2026-09-30T04:00:00,25.5,97.0,24.9,0.0,0.0,0.0,0.0,1012.19,10.0
48378,พิษณุโลก,พิษณุโลก,16.79481,100.2793,2026-09-30T07:00:00,25.5,97.0,24.9,0.0,0.0,3.7,90.0,1012.89,10.0
48378,พิษณุโลก,พิษณุโลก,16.79481,100.2793,2026-09-30T10:00:00,31.6,72.0,26.0,0.0,0.0,3.7,100.0,1014.03,10.0
48378,พิษณุโลก,พิษณุโลก,16.79481,100.2793,2026-09-30T13:00:00,32.5,67.0,25.6,0.0,0.0,3.7,160.0,1012.42,10.0
48378,พิษณุโลก,พิษณุโลก,16.79481,100.2793,2026-09-30T16:00:00,34.5,61.0,25.8,0.0,0.0,3.7,80.0,1009.74,10.0
48378,พิษณุโลก,พิษณุโลก,16.79481,100.2793,2026-09-30T19:00:00,28.8,83.0,25.7,0.0,0.0,0.0,0.0,1010.31,10.0
48378,พิษณุโลก,พิษณุโลก,16.79481,100.2793,2026-09-30T22:00:00,27.4,94.0,26.4,0.0,0.0,0.0,0.0,1013.0,10.0
48379,เพชรบูรณ์,เพชรบูรณ์,16.43333,101.15,2026-09-30T01:00:00,25.6,93.0,24.4,0.0,0.0,0.0,0.0,1011.19,10.0
48379,เพชรบูรณ์,เพชรบูรณ์,16.43333,101.15,2026-09-30T04:00:00,24.9,97.0,24.3,13.0,13.0,0.0,0.0,1010.82,10.0
48379,เพชรบูรณ์,เพชรบูรณ์,16.43333,101.15,2026-09-30T07:00:00,24.6,99.0,24.4,0.0,13.0,0.0,0.0,1011.84,10.0
48379,เพชรบูรณ์,เพชรบูรณ์,16.43333,101.15,2026-09-30T10:00:00,29.5,81.0,26.0,0.0,13.0,0.0,0.0,1013.17,10.0
48379,เพชรบูรณ์,เพชรบูรณ์,16.43333,101.15,2026-09-30T13:00:00,33.0,61.0,24.5,0.0,13.0,0.0,0.0,1010.98,10.0
48379,เพชรบูรณ์,เพชรบูรณ์,16.43333,101.15,2026-09-30T16:00:00,33.5,63.0,25.5,0.0,13.0,0.0,0.0,1008.36,10.0
48379,เพชรบูรณ์,เพชรบูรณ์,16.43333,101.15,2026-09-30T19:00:00,28.6,77.0,24.1,0.0,13.0,0.0,0.0,1009.26,10.0
48379,เพชรบูรณ์,เพชรบูรณ์,16.43333,101.15,2026-09-30T22:00:00,27.1,85.0,24.4,0.0,13.0,0.0,0.0,1012.19,10.0
48380,กำแพงเพชร,กำแพงเพชร,16.48681,99.52697,2026-09-30T01:00:00,25.7,95.0,24.8,0.0,11.4,0.0,0.0,1012.76,10.0
48380,กำแพงเพชร,กำแพงเพชร,16.48681,99.52697,2026-09-30T04:00:00,25.0,94.0,24.0,0.0,11.4,0.0,0.0,1011.94,10.0
48380,กำแพงเพชร,กำแพงเพชร,16.48681,99.52697,2026-09-30T07:00:00,25.0,97.0,24.4,0.0,11.4,0.0,0.0,1012.97,10.0
48380,กำแพงเพชร,กำแพงเพชร,16.48681,99.52697,2026-09-30T10:00:00,29.3,80.0,25.5,0.0,11.4,0.0,0.0,1014.13,12.0
48380,กำแพงเพชร,กำแพงเพชร,16.48681,99.52697,2026-09-30T13:00:00,32.5,62.0,24.2,0.0,11.4,5.6,70.0,1012.1,12.0
48380,กำแพงเพชร,กำแพงเพชร,16.48681,99.52697,2026-09-30T16:00:00,33.3,60.0,24.3,0.0,11.2,9.3,320.0,1009.44,12.0
48380,กำแพงเพชร,กำแพงเพชร,16.48681,99.52697,2026-09-30T19:00:00,30.0,80.0,26.2,0.0,0.0,0.0,0.0,1010.59,10.0
48380,กำแพงเพชร,กำแพงเพชร,16.48681,99.52697,2026-09-30T22:00:00,28.4,86.0,25.9,0.0,0.0,0.0,0.0,1013.28,10.0
48381,ขอนแก่น,ขอนแก่น,16.46111,102.78972,2026-09-30T01:00:00,25.9,93.0,24.6,0.0,0.0,3.7,220.0,1013.67,10.0
48381,ขอนแก่น,ขอนแก่น,16.46111,102.78972,2026-09-30T04:00:00,24.5,96.0,23.8,0.0,0.0,0.0,0.0,1013.39,10.0
48381,ขอนแก่น,ขอนแก่น,16.46111,102.78972,2026-09-30T07:00:00,25.0,98.0,24.7,0.0,0.0,0.0,0.0,1014.16,10.0
48381,ขอนแก่น,ขอนแก่น,16.46111,102.78972,2026-09-30T10:00:00,32.2,71.0,26.4,0.0,0.0,0.0,0.0,1014.87,10.0
48381,ขอนแก่น,ขอนแก่น,16.46111,102.78972,2026-09-30T13:00:00,33.5,67.0,26.4,0.0,0.0,0.0,0.0,1012.1,10.0
48381,ขอนแก่น,ขอนแก่น,16.46111,102.78972,2026-09-30T16:00:00,32.7,67.0,25.7,0.0,0.0,3.7,270.0,1010.04,10.0
48381,ขอนแก่น,ขอนแก่น,16.46111,102.78972,2026-09-30T19:00:00,29.4,82.0,26.0,0.0,0.0,0.0,0.0,1011.23,10.0
48381,ขอนแก่น,ขอนแก่น,16.46111,102.78972,2026-09-30T22:00:00,27.5,96.0,26.8,0.0,0.0,0.0,0.0,1013.58,10.0
48382,มหาสารคาม,มหาสารคาม,16.24722,103.06805,2026-09-30T01:00:00,25.5,93.0,24.2,0.0,0.0,0.0,0.0,1013.11,10.0
48382,มหาสารคาม,มหาสารคาม,16.24722,103.06805,2026-09-30T04:00:00,24.8,97.0,24.2,0.0,0.0,0.0,0.0,1012.65,10.0
48382,มหาสารคาม,มหาสารคาม,16.24722,103.06805,2026-09-30T07:00:00,26.7,90.0,24.8,0.0,0.0,0.0,0.0,1013.66,10.0
48382,มหาสารคาม,มหาสารคาม,16.24722,103.06805,2026-09-30T10:00:00,32.5,67.0,25.5,0.0,0.0,0.0,0.0,1014.4,10.0
48382,มหาสารคาม,มหาสารคาม,16.24722,103.06805,2026-09-30T13:00:00,33.5,53.0,22.6,0.0,0.0,1.9,220.0,1012.31,10.0
48382,มหาสารคาม,มหาสารคาม,16.24722,103.06805,2026-09-30T16:00:00,34.5,49.0,22.3,0.0,0.0,3.7,330.0,1010.01,10.0
48382,มหาสารคาม,มหาสารคาม,16.24722,103.06805,2026-09-30T19:00:00,29.6,81.0,25.9,0.0,0.0,0.0,0.0,1011.3,10.0
48382,มหาสารคาม,มหาสารคาม,16.24722,103.06805,2026-09-30T22:00:00,28.1,84.0,25.1,0.0,0.0,0.0,0.0,1012.98,10.0
48383,มุกดาหาร,มุกดาหาร,16.54139,104.72889,2026-09-30T01:00:00,26.4,93.0,25.1,0.0,0.0,0.0,0.0,1010.66,10.0
48383,มุกดาหาร,มุกดาหาร,16.54139,104.72889,2026-09-30T04:00:00,25.8,93.0,24.6,0.0,0.0,0.0,0.0,1011.01,10.0
48383,มุกดาหาร,มุกดาหาร,16.54139,104.72889,2026-09-30T07:00:00,26.0,93.0,24.8,0.0,0.0,0.0,0.0,1012.08,10.0
48383,มุกดาหาร,มุกดาหาร,16.54139,104.72889,2026-09-30T10:00:00,31.8,71.0,25.9,0.0,0.0,0.0,0.0,1013.46,10.0
48383,มุกดาหาร,มุกดาหาร,16.54139,104.72889,2026-09-30T13:00:00,32.8,64.0,25.2,0.0,0.0,0.0,0.0,1010.71,10.0
48383,มุกดาหาร,มุกดาหาร,16.54139,104.72889,2026-09-30T16:00:00,33.2,63.0,25.3,0.0,0.0,0.0,0.0,1008.62,10.0
48383,มุกดาหาร,มุกดาหาร,16.54139,104.72889,2026-09-30T19:00:00,30.5,72.0,24.8,0.0,0.0,0.0,0.0,1009.92,10.0
48383,มุกดาหาร,มุกดาหาร,16.54139,104.72889,2026-09-30T22:00:00,28.0,85.0,25.1,0.0,0.0,0.0,0.0,1011.4,10.0
48384,ท่าพระ สกษ.,ขอนแก่น,16.33333,102.81667,2026-09-30T01:00:00,24.6,98.0,24.3,0.0,0.0,0.0,0.0,1011.76,8.0
48384,ท่าพระ สกษ.,ขอนแก่น,16.33333,102.81667,2026-09-30T04:00:00,24.1,99.0,23.9,0.0,0.0,0.0,0.0,1010.98,8.0
48384,ท่าพระ สกษ.,ขอนแก่น,16.33333,102.81667,2026-09-30T07:00:00,24.3,99.0,24.1,0.0,0.0,0.0,0.0,1012.29,8.0
48384,ท่าพระ สกษ.,ขอนแก่น,16.33333,102.81667,2026-09-30T10:00:00,32.4,66.0,25.2,0.0,0.0,0.0,0.0,1013.25,9.0
48384,ท่าพระ สกษ.,ขอนแก่น,16.33333,102.81667,2026-09-30T13:00:00,34.2,57.0,24.4,0.0,0.0,0.0,0.0,1010.51,9.0
48384,ท่าพระ สกษ.,ขอนแก่น,16.33333,102.81667,2026-09-30T16:00:00,34.7,56.0,24.7,0.0,0.0,0.0,0.0,1008.56,9.0
48384,ท่าพระ สกษ.,ขอนแก่น,16.33333,102.81667,2026-09-30T19:00:00,26.8,91.0,25.2,0.0,0.0,0.0,0.0,1008.81,8.0
48384,ท่าพระ สกษ.,ขอนแก่น,16.33333,102.81667,2026-09-30T22:00:00,25.7,96.0,25.0,0.0,0.0,0.0,0.0,1011.62,8.0
48385,อุ้มผาง,ตาก,16.02472,98.86444,2026-09-30T01:00:00,23.0,92.0,21.6,0.0,5.5,0.0,0.0,1012.64,8.0
48385,อุ้มผาง,ตาก,16.02472,98.86444,2026-09-30T04:00:00,22.6,95.0,21.7,0.0,4.1,0.0,0.0,1011.9,8.0
48385,อุ้มผาง,ตาก,16.02472,98.86444,2026-09-30T07:00:00,21.9,94.0,20.8,0.0,4.1,0.0,0.0,1013.07,9.0
48385,อุ้มผาง,ตาก,16.02472,98.86444,2026-09-30T10:00:00,28.1,70.0,22.0,0.0,4.1,1.9,260.0,1013.15,9.0
48385,อุ้มผาง,ตาก,16.02472,98.86444,2026-09-30T13:00:00,30.0,66.0,22.8,0.0,3.4,1.9,270.0,1010.81,9.0
48385,อุ้มผาง,ตาก,16.02472,98.86444,2026-09-30T16:00:00,32.1,56.0,22.3,0.0,3.4,5.6,270.0,1007.93,9.0
48385,อุ้มผาง,ตาก,16.02472,98.86444,2026-09-30T19:00:00,27.8,75.0,23.0,0.0,3.3,1.9,10.0,1009.58,9.0
48385,อุ้มผาง,ตาก,16.02472,98.86444,2026-09-30T22:00:00,24.9,88.0,22.8,0.0,0.0,0.0,0.0,1013.78,8.0
48386,พิจิตร สกษ.,พิจิตร,16.33878,100.36711,2026-09-30T01:00:00,26.2,95.0,25.3,0.0,0.0,0.0,0.0,1011.02,6.0
48386,พิจิตร สกษ.,พิจิตร,16.33878,100.36711,2026-09-30T04:00:00,25.3,99.0,25.1,0.0,0.0,0.0,0.0,1010.23,6.0
48386,พิจิตร สกษ.,พิจิตร,16.33878,100.36711,2026-09-30T07:00:00,27.0,96.0,26.3,0.0,0.0,0.0,0.0,1011.19,8.0
48386,พิจิตร สกษ.,พิจิตร,16.33878,100.36711,2026-09-30T10:00:00,30.0,82.0,26.5,0.0,0.0,0.0,0.0,1002.55,7.0
48386,พิจิตร สกษ.,พิจิตร,16.33878,100.36711,2026-09-30T13:00:00,32.7,69.0,26.1,0.0,0.0,0.0,0.0,1010.38,8.0
48386,พิจิตร สกษ.,พิจิตร,16.33878,100.36711,2026-09-30T16:00:00,33.4,67.0,26.5,0.0,0.0,0.0,0.0,1007.7,9.0
48386,พิจิตร สกษ.,พิจิตร,16.33878,100.36711,2026-09-30T19:00:00,29.8,87.0,27.4,0.0,0.0,0.0,0.0,1008.96,8.0
48386,พิจิตร สกษ.,พิจิตร,16.33878,100.36711,2026-09-30T22:00:00,28.5,97.0,27.9,0.0,0.0,0.0,0.0,1011.38,7.0
48387,ดอยมูเซอร์ สกษ.,ตาก,16.75,98.93333,2026-09-30T01:00:00,20.7,93.0,19.6,0.0,10.5,0.0,0.0,1013.17,0.7
48387,ดอยมูเซอร์ สกษ.,ตาก,16.75,98.93333,2026-09-30T04:00:00,19.7,94.0,18.7,0.0,10.5,0.0,0.0,1012.97,1.0
48387,ดอยมูเซอร์ สกษ.,ตาก,16.75,98.93333,2026-09-30T07:00:00,19.8,93.0,18.7,0.0,10.5,0.0,0.0,1013.65,6.0
48387,ดอยมูเซอร์ สกษ.,ตาก,16.75,98.93333,2026-09-30T10:00:00,25.5,70.0,19.6,0.0,10.5,9.3,220.0,1007.5,8.0
48387,ดอยมูเซอร์ สกษ.,ตาก,16.75,98.93333,2026-09-30T13:00:00,27.2,66.0,20.3,0.0,8.5,5.6,240.0,1011.42,9.0
48387,ดอยมูเซอร์ สกษ.,ตาก,16.75,98.93333,2026-09-30T16:00:00,27.4,66.0,20.4,0.0,7.3,5.6,260.0,1009.37,9.0
48387,ดอยมูเซอร์ สกษ.,ตาก,16.75,98.93333,2026-09-30T19:00:00,23.0,87.0,20.7,0.0,0.0,0.0,0.0,1011.63,9.0
48387,ดอยมูเซอร์ สกษ.,ตาก,16.75,98.93333,2026-09-30T22:00:00,22.3,92.0,20.9,0.0,0.0,0.0,0.0,1014.27,8.0
48390,กาฬสินธุ์,กาฬสินธุ์,16.33203,103.58753,2026-09-30T01:00:00,25.6,95.0,24.7,0.0,0.0,0.0,0.0,1012.04,8.0
48390,กาฬสินธุ์,กาฬสินธุ์,16.33203,103.58753,2026-09-30T04:00:00,24.9,95.0,24.0,0.0,0.0,0.0,0.0,1011.78,9.0
48390,กาฬสินธุ์,กาฬสินธุ์,16.33203,103.58753,2026-09-30T07:00:00,26.8,90.0,24.9,0.0,0.0,0.0,0.0,1013.19,9.0
48390,กาฬสินธุ์,กาฬสินธุ์,16.33203,103.58753,2026-09-30T10:00:00,30.9,68.0,24.3,0.0,0.0,5.6,80.0,1014.27,10.0
48390,กาฬสินธุ์,กาฬสินธุ์,16.33203,103.58753,2026-09-30T13:00:00,33.7,55.0,23.3,0.0,0.0,5.6,330.0,1011.65,10.0
48390,กาฬสินธุ์,กาฬสินธุ์,16.33203,103.58753,2026-09-30T16:00:00,34.0,53.0,23.0,0.0,0.0,3.7,80.0,1008.32,10.0
48390,กาฬสินธุ์,กาฬสินธุ์,16.33203,103.58753,2026-09-30T19:00:00,27.7,91.0,26.0,0.0,0.0,0.0,0.0,1010.54,9.0
48390,กาฬสินธุ์,กาฬสินธุ์,16.33203,103.58753,2026-09-30T22:00:00,26.8,96.0,26.1,0.0,0.0,0.0,0.0,1012.38,8.0
48391,อำนาจเจริญ,อำนาจเจริญ,15.90375,104.61805,2026-09-30T01:00:00,25.1,99.0,24.9,0.0,0.0,0.0,0.0,1012.57,10.0
48391,อำนาจเจริญ,อำนาจเจริญ,15.90375,104.61805,2026-09-30T04:00:00,25.2,99.0,25.0,0.0,0.0,0.0,0.0,1012.02,10.0
48391,อำนาจเจริญ,อำนาจเจริญ,15.90375,104.61805,2026-09-30T07:00:00,27.6,94.0,26.5,0.0,0.0,0.0,0.0,1013.17,10.0
48391,อำนาจเจริญ,อำนาจเจริญ,15.90375,104.61805,2026-09-30T10:00:00,30.5,76.0,25.7,0.0,0.0,5.6,60.0,1013.99,10.0
48391,อำนาจเจริญ,อำนาจเจริญ,15.90375,104.61805,2026-09-30T13:00:00,32.2,65.0,24.8,0.0,0.0,0.0,0.0,1011.52,10.0
48391,อำนาจเจริญ,อำนาจเจริญ,15.90375,104.61805,2026-09-30T16:00:00,33.7,60.0,25.0,0.0,0.0,0.0,0.0,1009.29,10.0
48391,อำนาจเจริญ,อำนาจเจริญ,15.90375,104.61805,2026-09-30T19:00:00,28.0,89.0,26.0,0.0,0.0,0.0,0.0,1010.58,10.0
48391,อำนาจเจริญ,อำนาจเจริญ,15.90375,104.61805,2026-09-30T22:00:00,26.3,94.0,25.3,0.0,0.0,0.0,0.0,1012.53,10.0
48400,นครสวรรค์,นครสวรรค์,15.67183,100.13236,2026-09-30T01:00:00,27.3,94.0,26.2,0.0,0.2,0.0,0.0,1013.04,7.0
48400,นครสวรรค์,นครสวรรค์,15.67183,100.13236,2026-09-30T04:00:00,26.8,95.0,25.9,0.0,0.2,0.0,0.0,1011.78,7.0
48400,นครสวรรค์,นครสวรรค์,15.67183,100.13236,2026-09-30T07:00:00,26.8,98.0,26.4,0.0,0.2,0.0,0.0,1012.96,6.0
48400,นครสวรรค์,นครสวรรค์,15.67183,100.13236,2026-09-30T10:00:00,30.3,83.0,27.1,0.0,0.2,0.0,0.0,1014.34,10.0
48400,นครสวรรค์,นครสวรรค์,15.67183,100.13236,2026-09-30T13:00:00,31.6,78.0,27.2,0.0,0.2,0.0,0.0,1012.48,10.0
48400,นครสวรรค์,นครสวรรค์,15.67183,100.13236,2026-09-30T16:00:00,33.3,70.0,27.1,0.0,0.2,0.0,0.0,1009.79,10.0
48400,นครสวรรค์,นครสวรรค์,15.67183,100.13236,2026-09-30T19:00:00,28.5,92.0,27.1,0.0,0.2,0.0,0.0,1011.0,9.0
48400,นครสวรรค์,นครสวรรค์,15.67183,100.13236,2026-09-30T22:00:00,27.0,97.0,26.4,0.0,0.0,0.0,0.0,1013.33,8.0
48401,ตากฟ้า สกษ.,นครสวรรค์,15.34944,100.53028,2026-09-30T01:00:00,26.3,91.0,24.7,0.0,0.0,0.0,0.0,1013.54,5.0
48401,ตากฟ้า สกษ.,นครสวรรค์,15.34944,100.53028,2026-09-30T04:00:00,26.5,90.0,24.8,0.0,0.0,0.0,0.0,1012.55,6.0
48401,ตากฟ้า สกษ.,นครสวรรค์,15.34944,100.53028,2026-09-30T07:00:00,26.0,98.0,25.6,0.0,0.0,0.0,0.0,1013.41,0.8
48401,ตากฟ้า สกษ.,นครสวรรค์,15.34944,100.53028,2026-09-30T10:00:00,31.0,70.0,24.9,0.0,0.0,0.0,0.0,1014.79,7.0
48401,ตากฟ้า สกษ.,นครสวรรค์,15.34944,100.53028,2026-09-30T13:00:00,33.4,61.0,24.8,0.0,0.0,3.7,190.0,1012.8,8.0
48401,ตากฟ้า สกษ.,นครสวรรค์,15.34944,100.53028,2026-09-30T16:00:00,33.7,61.0,25.1,0.0,0.0,0.0,0.0,1010.12,8.0
48401,ตากฟ้า สกษ.,นครสวรรค์,15.34944,100.53028,2026-09-30T19:00:00,30.4,79.0,26.3,0.0,0.0,0.0,0.0,1011.81,6.0
48401,ตากฟ้า สกษ.,นครสวรรค์,15.34944,100.53028,2026-09-30T22:00:00,27.2,93.0,25.9,0.0,0.0,0.0,0.0,1014.04,6.0
48402,ชัยนาท สกษ.,ชัยนาท,15.15,100.18333,2026-09-30T01:00:00,26.6,91.0,25.0,0.0,0.0,1.9,160.0,1013.07,10.0
48402,ชัยนาท สกษ.,ชัยนาท,15.15,100.18333,2026-09-30T04:00:00,26.1,93.0,24.9,0.0,0.0,3.7,150.0,1012.32,10.0
48402,ชัยนาท สกษ.,ชัยนาท,15.15,100.18333,2026-09-30T07:00:00,26.4,93.0,25.1,0.0,0.0,1.9,140.0,1013.08,12.0
48402,ชัยนาท สกษ.,ชัยนาท,15.15,100.18333,2026-09-30T10:00:00,31.5,72.0,25.9,0.0,0.0,0.0,0.0,1014.36,12.0
48402,ชัยนาท สกษ.,ชัยนาท,15.15,100.18333,2026-09-30T13:00:00,33.2,59.0,24.2,0.0,0.0,0.0,0.0,1012.24,12.0
48402,ชัยนาท สกษ.,ชัยนาท,15.15,100.18333,2026-09-30T16:00:00,33.5,60.0,24.6,0.0,0.0,0.0,0.0,1009.66,12.0
48402,ชัยนาท สกษ.,ชัยนาท,15.15,100.18333,2026-09-30T19:00:00,28.1,80.0,24.4,0.0,0.0,5.6,100.0,1011.21,10.0
48402,ชัยนาท สกษ.,ชัยนาท,15.15,100.18333,2026-09-30T22:00:00,26.3,89.0,24.4,0.0,0.0,3.7,80.0,1013.44,10.0
48403,ชัยภูมิ,ชัยภูมิ,15.8,102.03333,2026-09-30T01:00:00,26.0,92.0,24.6,0.0,0.0,0.0,0.0,1012.77,10.0
48403,ชัยภูมิ,ชัยภูมิ,15.8,102.03333,2026-09-30T04:00:00,25.2,92.0,23.7,0.0,0.0,0.0,0.0,1011.88,10.0
48403,ชัยภูมิ,ชัยภูมิ,15.8,102.03333,2026-09-30T07:00:00,25.9,89.0,24.0,0.0,0.0,0.0,0.0,1013.02,10.0
48403,ชัยภูมิ,ชัยภูมิ,15.8,102.03333,2026-09-30T10:00:00,30.7,67.0,23.9,0.0,0.0,0.0,0.0,1014.2,10.0
48403,ชัยภูมิ,ชัยภูมิ,15.8,102.03333,2026-09-30T13:00:00,33.2,59.0,24.2,0.0,0.0,0.0,0.0,1011.76,10.0
48403,ชัยภูมิ,ชัยภูมิ,15.8,102.03333,2026-09-30T16:00:00,34.2,55.0,23.8,0.0,0.0,0.0,0.0,1009.5,10.0
48403,ชัยภูมิ,ชัยภูมิ,15.8,102.03333,2026-09-30T19:00:00,31.2,71.0,25.4,0.0,0.0,0.0,0.0,1010.46,10.0
48403,ชัยภูมิ,ชัยภูมิ,15.8,102.03333,2026-09-30T22:00:00,28.4,83.0,25.3,0.0,0.0,0.0,0.0,1012.72,10.0
48404,ร้อยเอ็ด สกษ.,ร้อยเอ็ด,16.07322,103.60844,2026-09-30T01:00:00,25.4,99.0,25.2,0.0,0.0,3.7,220.0,1011.86,10.0
48404,ร้อยเอ็ด สกษ.,ร้อยเอ็ด,16.07322,103.60844,2026-09-30T04:00:00,24.5,99.0,24.3,0.0,0.0,0.0,0.0,1011.55,10.0
48404,ร้อยเอ็ด สกษ.,ร้อยเอ็ด,16.07322,103.60844,2026-09-30T07:00:00,25.5,99.0,25.3,0.0,0.0,3.7,350.0,1012.55,10.0
48404,ร้อยเอ็ด สกษ.,ร้อยเอ็ด,16.07322,103.60844,2026-09-30T10:00:00,30.6,79.0,26.6,0.0,0.0,3.7,330.0,1014.08,10.0
48404,ร้อยเอ็ด สกษ.,ร้อยเอ็ด,16.07322,103.60844,2026-09-30T13:00:00,32.9,70.0,26.7,0.0,0.0,7.4,260.0,1011.76,10.0
48404,ร้อยเอ็ด สกษ.,ร้อยเอ็ด,16.07322,103.60844,2026-09-30T16:00:00,33.5,68.0,26.7,0.0,0.0,0.0,0.0,1009.43,10.0
48404,ร้อยเอ็ด สกษ.,ร้อยเอ็ด,16.07322,103.60844,2026-09-30T19:00:00,27.8,95.0,27.0,0.0,0.0,0.0,0.0,1010.67,10.0
48404,ร้อยเอ็ด สกษ.,ร้อยเอ็ด,16.07322,103.60844,2026-09-30T22:00:00,26.8,99.0,26.7,0.0,0.0,0.0,0.0,1012.25,10.0
48405,ร้อยเอ็ด,ร้อยเอ็ด,16.02,103.74389,2026-09-30T01:00:00,26.6,87.0,24.3,0.0,0.0,0.0,0.0,1011.64,10.0
48405,ร้อยเอ็ด,ร้อยเอ็ด,16.02,103.74389,2026-09-30T04:00:00,25.8,89.0,23.9,0.0,0.0,0.0,0.0,1011.42,10.0
48405,ร้อยเอ็ด,ร้อยเอ็ด,16.02,103.74389,2026-09-30T07:00:00,26.0,92.0,24.6,0.0,0.0,5.6,350.0,1012.34,10.0
48405,ร้อยเอ็ด,ร้อยเอ็ด,16.02,103.74389,2026-09-30T10:00:00,32.6,64.0,25.0,0.0,0.0,5.6,350.0,1013.36,10.0
48405,ร้อยเอ็ด,ร้อยเอ็ด,16.02,103.74389,2026-09-30T13:00:00,33.3,63.0,25.3,0.0,0.0,7.4,350.0,1011.19,10.0
48405,ร้อยเอ็ด,ร้อยเอ็ด,16.02,103.74389,2026-09-30T16:00:00,30.5,79.0,26.5,31.8,31.8,0.0,0.0,1009.26,10.0
48405,ร้อยเอ็ด,ร้อยเอ็ด,16.02,103.74389,2026-09-30T19:00:00,28.4,89.0,26.4,0.0,31.8,0.0,0.0,1010.1,10.0
48405,ร้อยเอ็ด,ร้อยเอ็ด,16.02,103.74389,2026-09-30T22:00:00,27.0,93.0,25.7,0.0,31.8,0.0,0.0,1011.62,10.0
48406,ยโสธร,ตาดทอง,15.79494,104.21436,2026-09-30T01:00:00,26.5,93.0,25.4,0.0,0.0,1.9,210.0,1012.44,10.0
48406,ยโสธร,ตาดทอง,15.79494,104.21436,2026-09-30T04:00:00,26.1,95.0,25.2,0.0,0.0,0.0,0.0,1011.92,10.0
48406,ยโสธร,ตาดทอง,15.79494,104.21436,2026-09-30T07:00:00,27.4,94.0,26.3,0.0,0.0,5.6,300.0,1013.96,10.0
48406,ยโสธร,ตาดทอง,15.79494,104.21436,2026-09-30T10:00:00,30.8,68.0,24.2,0.0,0.0,7.4,270.0,1015.17,10.0
48406,ยโสธร,ตาดทอง,15.79494,104.21436,2026-09-30T13:00:00,33.0,54.0,22.5,0.0,0.0,0.0,0.0,1011.82,10.0
48406,ยโสธร,ตาดทอง,15.79494,104.21436,2026-09-30T16:00:00,33.4,46.0,20.0,0.0,0.0,3.7,60.0,1009.5,10.0
48406,ยโสธร,ตาดทอง,15.79494,104.21436,2026-09-30T19:00:00,25.2,78.0,21.1,0.0,0.0,0.0,0.0,1011.17,10.0
48406,ยโสธร,ตาดทอง,15.79494,104.21436,2026-09-30T22:00:00,27.7,87.0,25.4,0.0,0.0,0.0,0.0,1012.37,10.0
48407,อุบลราชธานี (ศูนย์ฯ),อุบลราชธานี,15.25,104.86667,2026-09-30T01:00:00,26.8,87.0,24.5,0.0,0.0,3.7,170.0,1012.57,10.0
48407,อุบลราชธานี (ศูนย์ฯ),อุบลราชธานี,15.25,104.86667,2026-09-30T04:00:00,26.1,91.0,24.5,0.0,0.0,0.0,0.0,1011.52,10.0
48407,อุบลราชธานี (ศูนย์ฯ),อุบลราชธานี,15.25,104.86667,2026-09-30T07:00:00,27.4,89.0,25.4,0.0,0.0,3.7,160.0,1013.66,10.0
48407,อุบลราชธานี (ศูนย์ฯ),อุบลราชธานี,15.25,104.86667,2026-09-30T10:00:00,31.3,67.0,24.5,0.0,0.0,5.6,330.0,1014.14,10.0
48407,อุบลราชธานี (ศูนย์ฯ),อุบลราชธานี,15.25,104.86667,2026-09-30T13:00:00,33.4,57.0,23.6,0.01,0.01,7.4,340.0,1011.35,10.0
48407,อุบลราชธานี (ศูนย์ฯ),อุบลราชธานี,15.25,104.86667,2026-09-30T16:00:00,33.0,54.0,22.5,0.01,0.01,9.3,350.0,1009.32,10.0
48407,อุบลราชธานี (ศูนย์ฯ),อุบลราชธานี,15.25,104.86667,2026-09-30T19:00:00,30.0,69.0,23.6,0.0,0.01,0.0,0.0,1010.65,10.0
48407,อุบลราชธานี (ศูนย์ฯ),อุบลราชธานี,15.25,104.86667,2026-09-30T22:00:00,27.9,85.0,25.0,0.0,0.01,0.0,0.0,1012.19,10.0
48408,อุบลราชธานี สกษ.,อุบลราชธานี,15.23914,105.0235,2026-09-30T01:00:00,25.1,97.0,24.7,0.0,0.0,3.7,160.0,1012.8,10.0
48408,อุบลราชธานี สกษ.,อุบลราชธานี,15.23914,105.0235,2026-09-30T04:00:00,24.6,97.0,24.0,0.0,0.0,0.0,0.0,1011.75,10.0
48408,อุบลราชธานี สกษ.,อุบลราชธานี,15.23914,105.0235,2026-09-30T07:00:00,26.0,97.0,25.4,0.0,0.0,3.7,150.0,1013.67,10.0
48408,อุบลราชธานี สกษ.,อุบลราชธานี,15.23914,105.0235,2026-09-30T10:00:00,32.4,67.0,25.4,0.0,0.0,3.7,230.0,1014.01,10.0
48408,อุบลราชธานี สกษ.,อุบลราชธานี,15.23914,105.0235,2026-09-30T13:00:00,32.5,68.0,25.8,0.0,0.0,5.6,300.0,1011.77,10.0
48408,อุบลราชธานี สกษ.,อุบลราชธานี,15.23914,105.0235,2026-09-30T16:00:00,33.2,62.0,25.0,0.0,0.0,3.7,350.0,1009.37,10.0
48408,อุบลราชธานี สกษ.,อุบลราชธานี,15.23914,105.0235,2026-09-30T19:00:00,28.8,89.0,26.8,0.0,0.0,0.0,0.0,1010.85,10.0
48408,อุบลราชธานี สกษ.,อุบลราชธานี,15.23914,105.0235,2026-09-30T22:00:00,26.6,96.0,25.9,0.0,0.0,0.0,0.0,1012.59,10.0
48409,ศรีสะเกษ,ศรีสะเกษ,15.0,104.05,2026-09-30T01:00:00,28.0,92.0,26.6,0.0,0.0,0.0,0.0,1012.35,10.0
48409,ศรีสะเกษ,ศรีสะเกษ,15.0,104.05,2026-09-30T04:00:00,27.4,92.0,26.0,0.0,0.0,0.0,0.0,1011.48,10.0
48409,ศรีสะเกษ,ศรีสะเกษ,15.0,104.05,2026-09-30T07:00:00,27.8,88.0,25.7,0.0,0.0,5.6,190.0,1013.26,10.0
48409,ศรีสะเกษ,ศรีสะเกษ,15.0,104.05,2026-09-30T10:00:00,32.5,61.0,23.9,0.0,0.0,0.0,0.0,1014.05,10.0
48409,ศรีสะเกษ,ศรีสะเกษ,15.0,104.05,2026-09-30T13:00:00,33.3,60.0,24.3,0.0,0.0,3.7,320.0,1011.94,10.0
48409,ศรีสะเกษ,ศรีสะเกษ,15.0,104.05,2026-09-30T16:00:00,33.5,55.0,23.3,0.0,0.0,3.7,90.0,1009.38,10.0
48409,ศรีสะเกษ,ศรีสะเกษ,15.0,104.05,2026-09-30T19:00:00,30.1,82.0,26.6,0.0,0.0,0.0,0.0,1010.76,10.0
48409,ศรีสะเกษ,ศรีสะเกษ,15.0,104.05,2026-09-30T22:00:00,28.9,89.0,26.9,0.0,0.0,0.0,0.0,1012.27,10.0
48410,อุทัยธานี,อุทัยธานี,15.37417,100.03889,2026-09-30T01:00:00,27.5,90.0,25.7,0.0,0.01,0.0,0.0,1012.62,10.0
48410,อุทัยธานี,อุทัยธานี,15.37417,100.03889,2026-09-30T04:00:00,27.0,92.0,25.6,0.0,0.01,0.0,0.0,1011.46,10.0
48410,อุทัยธานี,อุทัยธานี,15.37417,100.03889,2026-09-30T07:00:00,27.1,92.0,25.7,0.0,0.01,0.0,0.0,1013.47,10.0
48410,อุทัยธานี,อุทัยธานี,15.37417,100.03889,2026-09-30T10:00:00,31.5,75.0,26.5,0.0,0.01,0.0,0.0,1014.63,10.0
48410,อุทัยธานี,อุทัยธานี,15.37417,100.03889,2026-09-30T13:00:00,33.2,64.0,25.5,0.0,0.0,0.0,0.0,1012.8,10.0
48410,อุทัยธานี,อุทัยธานี,15.37417,100.03889,2026-09-30T16:00:00,33.4,62.0,25.2,0.0,0.0,0.0,0.0,1009.81,10.0
48410,อุทัยธานี,อุทัยธานี,15.37417,100.03889,2026-09-30T19:00:00,30.0,78.0,25.6,0.0,0.0,0.0,0.0,1011.02,10.0
48410,อุทัยธานี,อุทัยธานี,15.37417,100.03889,2026-09-30T22:00:00,28.3,86.0,25.8,0.0,0.0,0.0,0.0,1013.16,10.0
48413,วิเชียรบุรี,เพชรบูรณ์,15.657,101.108,2026-09-30T04:00:00,26.0,89.0,24.1,0.0,0.0,0.0,0.0,1011.02,6.0
48413,วิเชียรบุรี,เพชรบูรณ์,15.657,101.108,2026-09-30T07:00:00,26.5,84.0,23.6,0.0,0.0,0.0,0.0,1012.37,10.0
48413,วิเชียรบุรี,เพชรบูรณ์,15.657,101.108,2026-09-30T10:00:00,30.7,64.0,23.1,0.0,0.0,0.0,0.0,1013.64,10.0
48413,วิเชียรบุรี,เพชรบูรณ์,15.657,101.108,2026-09-30T13:00:00,33.3,56.0,23.4,0.0,0.0,3.7,140.0,1011.71,10.0
48413,วิเชียรบุรี,เพชรบูรณ์,15.657,101.108,2026-09-30T16:00:00,32.8,61.0,24.2,0.0,0.0,7.4,250.0,1009.33,10.0
48413,วิเชียรบุรี,เพชรบูรณ์,15.657,101.108,2026-09-30T19:00:00,29.6,76.0,24.9,0.0,0.0,0.0,0.0,1009.67,10.0
48413,วิเชียรบุรี,เพชรบูรณ์,15.657,101.108,2026-09-30T22:00:00,28.5,85.0,25.8,0.0,0.0,0.0,0.0,1012.94,7.0
48415,พระนครศรีอยุธยา,พระนครศรีอยุธยา,14.53472,100.725,2026-09-30T01:00:00,28.2,96.0,27.5,0.0,0.0,0.0,0.0,1012.63,6.0
48415,พระนครศรีอยุธยา,พระนครศรีอยุธยา,14.53472,100.725,2026-09-30T04:00:00,27.1,99.0,27.0,0.0,0.0,0.0,0.0,1011.88,6.0
48415,พระนครศรีอยุธยา,พระนครศรีอยุธยา,14.53472,100.725,2026-09-30T07:00:00,27.4,99.0,27.3,0.0,0.0,0.0,0.0,1012.86,6.0
48415,พระนครศรีอยุธยา,พระนครศรีอยุธยา,14.53472,100.725,2026-09-30T10:00:00,31.8,80.0,28.0,0.0,0.0,5.6,130.0,1014.6,8.0
48415,พระนครศรีอยุธยา,พระนครศรีอยุธยา,14.53472,100.725,2026-09-30T13:00:00,33.8,68.0,27.1,0.0,0.0,3.7,230.0,1012.7,8.0
48415,พระนครศรีอยุธยา,พระนครศรีอยุธยา,14.53472,100.725,2026-09-30T16:00:00,33.2,68.0,26.5,0.0,0.0,5.6,270.0,1009.82,8.0
48415,พระนครศรีอยุธยา,พระนครศรีอยุธยา,14.53472,100.725,2026-09-30T19:00:00,30.2,84.0,27.1,0.0,0.0,0.0,0.0,1011.02,7.0
48415,พระนครศรีอยุธยา,พระนครศรีอยุธยา,14.53472,100.725,2026-09-30T22:00:00,28.8,92.0,27.4,0.0,0.0,3.7,250.0,1013.52,6.0
48416,ท่าตูม,สุรินทร์,15.31667,103.68333,2026-09-30T01:00:00,26.0,95.0,25.1,0.0,0.0,1.9,200.0,1009.7,7.0
48416,ท่าตูม,สุรินทร์,15.31667,103.68333,2026-09-30T04:00:00,25.5,95.0,24.6,0.0,0.0,3.7,230.0,1008.98,7.0
48416,ท่าตูม,สุรินทร์,15.31667,103.68333,2026-09-30T07:00:00,26.5,86.0,24.0,0.0,0.0,0.0,0.0,1013.06,8.0
48416,ท่าตูม,สุรินทร์,15.31667,103.68333,2026-09-30T10:00:00,32.1,71.0,26.1,0.0,0.0,5.6,280.0,1014.64,9.0
48416,ท่าตูม,สุรินทร์,15.31667,103.68333,2026-09-30T13:00:00,33.9,64.0,26.1,0.0,0.0,7.4,40.0,1012.13,9.0
48416,ท่าตูม,สุรินทร์,15.31667,103.68333,2026-09-30T16:00:00,33.5,60.0,24.6,0.0,0.0,5.6,20.0,1009.74,9.0
48416,ท่าตูม,สุรินทร์,15.31667,103.68333,2026-09-30T19:00:00,29.6,90.0,27.8,0.0,0.0,0.0,0.0,1010.89,9.0
48416,ท่าตูม,สุรินทร์,15.31667,103.68333,2026-09-30T22:00:00,27.9,95.0,27.1,0.0,0.0,0.0,0.0,1012.47,7.0
48417,นครนายก,นครนายก,14.21667,101.38333,2026-09-30T01:00:00,20.3,99.0,20.1,0.0,0.4,13.0,210.0,1013.69,0.1
48417,นครนายก,นครนายก,14.21667,101.38333,2026-09-30T04:00:00,19.3,98.0,19.0,0.0,0.0,14.8,190.0,1012.97,8.0
48417,นครนายก,นครนายก,14.21667,101.38333,2026-09-30T07:00:00,20.1,99.0,19.9,0.0,0.0,11.1,190.0,1013.82,8.0
48417,นครนายก,นครนายก,14.21667,101.38333,2026-09-30T10:00:00,25.2,95.0,24.3,0.0,0.0,5.6,280.0,1012.34,8.0
48417,นครนายก,นครนายก,14.21667,101.38333,2026-09-30T13:00:00,22.9,94.0,21.8,0.0,0.0,3.7,210.0,1012.1,8.0
48417,นครนายก,นครนายก,14.21667,101.38333,2026-09-30T16:00:00,25.2,78.0,21.1,0.0,0.0,1.9,70.0,1008.56,8.0
48417,นครนายก,นครนายก,14.21667,101.38333,2026-09-30T19:00:00,19.8,94.0,18.8,0.0,0.0,0.0,0.0,1013.79,8.0
48417,นครนายก,นครนายก,14.21667,101.38333,2026-09-30T22:00:00,20.3,98.0,20.0,0.0,0.0,3.7,220.0,1015.3,8.0
48418,บัวชุม,ลพบุรี,15.26667,101.18736,2026-09-30T01:00:00,25.7,97.0,25.1,0.0,0.0,0.0,0.0,1012.9,6.0
48418,บัวชุม,ลพบุรี,15.26667,101.18736,2026-09-30T04:00:00,25.0,98.0,24.7,0.0,0.0,0.0,0.0,1012.91,6.0
48418,บัวชุม,ลพบุรี,15.26667,101.18736,2026-09-30T07:00:00,25.4,99.0,25.2,0.0,0.0,0.0,0.0,1013.45,5.0
48418,บัวชุม,ลพบุรี,15.26667,101.18736,2026-09-30T10:00:00,29.6,66.0,22.6,0.0,0.0,3.7,260.0,1014.91,5.0
48418,บัวชุม,ลพบุรี,15.26667,101.18736,2026-09-30T13:00:00,32.9,48.0,20.5,0.0,0.0,0.0,0.0,1012.07,6.0
48418,บัวชุม,ลพบุรี,15.26667,101.18736,2026-09-30T16:00:00,33.9,46.0,20.7,0.0,0.0,3.7,280.0,1009.45,7.0
48418,บัวชุม,ลพบุรี,15.26667,101.18736,2026-09-30T19:00:00,27.5,73.0,22.3,0.0,0.0,0.0,0.0,1010.83,6.0
48418,บัวชุม,ลพบุรี,15.26667,101.18736,2026-09-30T22:00:00,27.5,81.0,23.9,0.0,0.0,0.0,0.0,1013.59,6.0
48419,ปทุมธานี สกษ.,ปทุมธานี,14.1,100.61667,2026-09-30T01:00:00,27.5,84.0,24.6,0.0,0.0,5.6,150.0,1012.68,8.0
48419,ปทุมธานี สกษ.,ปทุมธานี,14.1,100.61667,2026-09-30T04:00:00,26.5,88.0,24.3,0.0,0.0,0.0,0.0,1010.95,8.0
48419,ปทุมธานี สกษ.,ปทุมธานี,14.1,100.61667,2026-09-30T07:00:00,27.0,92.0,25.6,0.0,0.0,0.0,0.0,1012.85,9.0
48419,ปทุมธานี สกษ.,ปทุมธานี,14.1,100.61667,2026-09-30T10:00:00,31.6,69.0,25.1,0.0,0.0,3.7,60.0,1013.8,9.0
48419,ปทุมธานี สกษ.,ปทุมธานี,14.1,100.61667,2026-09-30T13:00:00,33.0,61.0,24.5,0.0,0.0,7.4,20.0,1011.6,9.0
48419,ปทุมธานี สกษ.,ปทุมธานี,14.1,100.61667,2026-09-30T16:00:00,33.5,61.0,25.0,0.0,0.0,5.6,120.0,1009.55,9.0
48419,ปทุมธานี สกษ.,ปทุมธานี,14.1,100.61667,2026-09-30T19:00:00,31.5,76.0,26.6,0.0,0.0,3.7,150.0,1010.83,8.0
48419,ปทุมธานี สกษ.,ปทุมธานี,14.1,100.61667,2026-09-30T22:00:00,29.5,78.0,25.2,0.0,0.0,9.3,300.0,1013.3,8.0
48420,สมุทรปราการ สกษ.,สมุทรปราการ,13.51667,100.76167,2026-09-30T01:00:00,28.1,88.0,25.8,0.0,0.0,3.7,160.0,1012.47,6.0
48420,สมุทรปราการ สกษ.,สมุทรปราการ,13.51667,100.76167,2026-09-30T04:00:00,27.7,89.0,25.7,0.0,0.0,5.6,100.0,1011.68,6.0
48420,สมุทรปราการ สกษ.,สมุทรปราการ,13.51667,100.76167,2026-09-30T07:00:00,27.8,90.0,26.0,0.0,0.0,1.9,160.0,1012.57,8.0
48420,สมุทรปราการ สกษ.,สมุทรปราการ,13.51667,100.76167,2026-09-30T10:00:00,30.6,77.0,26.1,0.0,0.0,7.4,110.0,1014.01,10.0
48420,สมุทรปราการ สกษ.,สมุทรปราการ,13.51667,100.76167,2026-09-30T13:00:00,31.7,71.0,25.8,0.0,0.0,13.0,110.0,1012.37,11.0
48420,สมุทรปราการ สกษ.,สมุทรปราการ,13.51667,100.76167,2026-09-30T16:00:00,31.9,67.0,25.0,0.0,0.0,9.3,120.0,1009.45,11.0
48420,สมุทรปราการ สกษ.,สมุทรปราการ,13.51667,100.76167,2026-09-30T19:00:00,30.2,74.0,25.1,0.0,0.0,7.4,130.0,1011.23,9.0
48420,สมุทรปราการ สกษ.,สมุทรปราการ,13.51667,100.76167,2026-09-30T22:00:00,29.5,76.0,24.8,0.0,0.0,7.4,120.0,1013.04,8.0
48421,ทองผาภูมิ,กาญจนบุรี,14.74222,98.63639,2026-09-30T01:00:00,25.0,96.0,24.3,0.0,8.0,0.0,0.0,1013.6,5.0
48421,ทองผาภูมิ,กาญจนบุรี,14.74222,98.63639,2026-09-30T04:00:00,24.4,97.0,23.8,0.0,5.0,0.0,0.0,1012.69,5.0
48421,ทองผาภูมิ,กาญจนบุรี,14.74222,98.63639,2026-09-30T07:00:00,24.2,94.0,23.2,0.0,4.6,0.0,0.0,1013.57,5.0
48421,ทองผาภูมิ,กาญจนบุรี,14.74222,98.63639,2026-09-30T10:00:00,28.0,81.0,24.4,0.0,4.4,0.0,0.0,1014.66,8.0
48421,ทองผาภูมิ,กาญจนบุรี,14.74222,98.63639,2026-09-30T13:00:00,32.5,62.0,24.2,0.0,4.4,0.0,0.0,1012.54,10.0
48421,ทองผาภูมิ,กาญจนบุรี,14.74222,98.63639,2026-09-30T16:00:00,32.3,63.0,24.5,0.0,3.5,0.0,0.0,1009.88,10.0
48421,ทองผาภูมิ,กาญจนบุรี,14.74222,98.63639,2026-09-30T19:00:00,27.3,87.0,25.0,0.8,0.8,0.0,0.0,1011.37,6.0
48421,ทองผาภูมิ,กาญจนบุรี,14.74222,98.63639,2026-09-30T22:00:00,26.2,94.0,25.2,0.0,0.8,0.0,0.0,1014.56,6.0
48425,สุพรรณบุรี,สุพรรณบุรี,14.47444,100.13889,2026-09-30T01:00:00,26.8,92.0,25.4,0.0,0.4,3.7,210.0,1013.08,6.0
48425,สุพรรณบุรี,สุพรรณบุรี,14.47444,100.13889,2026-09-30T04:00:00,26.0,93.0,24.8,0.0,0.4,3.7,200.0,1012.16,6.0
48425,สุพรรณบุรี,สุพรรณบุรี,14.47444,100.13889,2026-09-30T07:00:00,26.3,92.0,24.9,0.0,0.4,3.7,190.0,1012.76,10.0
48425,สุพรรณบุรี,สุพรรณบุรี,14.47444,100.13889,2026-09-30T10:00:00,31.0,75.0,26.1,0.0,0.4,7.4,150.0,1014.51,12.0
48425,สุพรรณบุรี,สุพรรณบุรี,14.47444,100.13889,2026-09-30T13:00:00,32.3,66.0,25.2,0.0,0.4,5.6,190.0,1012.41,14.0
48425,สุพรรณบุรี,สุพรรณบุรี,14.47444,100.13889,2026-09-30T16:00:00,33.2,64.0,25.5,0.0,0.0,5.6,210.0,1009.75,14.0
48425,สุพรรณบุรี,สุพรรณบุรี,14.47444,100.13889,2026-09-30T19:00:00,30.3,79.0,26.2,0.0,0.0,5.6,340.0,1011.08,12.0
48425,สุพรรณบุรี,สุพรรณบุรี,14.47444,100.13889,2026-09-30T22:00:00,25.6,96.0,24.9,1.0,1.0,3.7,150.0,1013.58,10.0
48426,ลพบุรี,ลพบุรี,14.79972,100.62833,2026-09-30T01:00:00,27.1,95.0,26.2,0.0,0.2,3.7,180.0,1012.66,8.0
48426,ลพบุรี,ลพบุรี,14.79972,100.62833,2026-09-30T04:00:00,26.2,99.0,26.0,0.0,0.2,0.0,0.0,1011.63,8.0
48426,ลพบุรี,ลพบุรี,14.79972,100.62833,2026-09-30T07:00:00,26.9,100.0,26.9,0.0,0.2,3.7,120.0,1012.53,7.0
48426,ลพบุรี,ลพบุรี,14.79972,100.62833,2026-09-30T10:00:00,30.6,75.0,25.7,0.0,0.2,9.3,150.0,1014.51,12.0
48426,ลพบุรี,ลพบุรี,14.79972,100.62833,2026-09-30T13:00:00,33.0,65.0,25.6,0.0,0.2,9.3,200.0,1012.2,12.0
48426,ลพบุรี,ลพบุรี,14.79972,100.62833,2026-09-30T16:00:00,33.5,61.0,24.9,0.0,0.0,5.6,170.0,1009.56,12.0
48426,ลพบุรี,ลพบุรี,14.79972,100.62833,2026-09-30T19:00:00,30.4,76.0,25.8,0.0,0.0,0.0,0.0,1010.86,10.0
48426,ลพบุรี,ลพบุรี,14.79972,100.62833,2026-09-30T22:00:00,29.2,88.0,27.0,0.0,0.0,5.6,200.0,1013.36,8.0
48427,อู่ทอง สกษ.,สุพรรณบุรี,14.30361,99.86472,2026-09-30T01:00:00,25.5,98.0,25.2,0.0,6.0,0.0,0.0,1012.83,6.0
48427,อู่ทอง สกษ.,สุพรรณบุรี,14.30361,99.86472,2026-09-30T04:00:00,25.4,99.0,25.2,0.0,6.0,0.0,0.0,1011.53,6.0
48427,อู่ทอง สกษ.,สุพรรณบุรี,14.30361,99.86472,2026-09-30T07:00:00,26.0,97.0,25.4,0.0,6.0,0.0,0.0,1012.46,9.0
48427,อู่ทอง สกษ.,สุพรรณบุรี,14.30361,99.86472,2026-09-30T10:00:00,31.0,69.0,24.6,0.0,6.0,9.3,260.0,1014.23,9.0
48427,อู่ทอง สกษ.,สุพรรณบุรี,14.30361,99.86472,2026-09-30T13:00:00,32.8,63.0,24.9,0.0,6.0,0.0,0.0,1011.84,9.0
48427,อู่ทอง สกษ.,สุพรรณบุรี,14.30361,99.86472,2026-09-30T16:00:00,33.7,60.0,25.0,0.0,0.0,0.0,0.0,1009.41,9.0
48427,อู่ทอง สกษ.,สุพรรณบุรี,14.30361,99.86472,2026-09-30T19:00:00,28.0,79.0,23.9,0.01,0.01,14.8,200.0,1011.5,8.0
48427,อู่ทอง สกษ.,สุพรรณบุรี,14.30361,99.86472,2026-09-30T22:00:00,25.8,93.0,24.6,1.2,1.2,0.0,0.0,1013.6,8.0
48429,สนามบินสุวรรณภูมิ,สมุทรปราการ,13.68639,100.7675,2026-09-30T01:00:00,27.5,90.0,25.8,0.01,0.01,0.0,0.0,1013.04,9.0
48429,สนามบินสุวรรณภูมิ,สมุทรปราการ,13.68639,100.7675,2026-09-30T04:00:00,26.9,96.0,26.2,0.0,0.01,0.0,0.0,1012.21,7.0
48429,สนามบินสุวรรณภูมิ,สมุทรปราการ,13.68639,100.7675,2026-09-30T07:00:00,27.4,96.0,26.7,0.0,0.01,1.9,110.0,1013.41,7.0
48429,สนามบินสุวรรณภูมิ,สมุทรปราการ,13.68639,100.7675,2026-09-30T10:00:00,31.5,71.0,25.6,0.0,0.01,5.6,160.0,1014.58,10.0
48429,สนามบินสุวรรณภูมิ,สมุทรปราการ,13.68639,100.7675,2026-09-30T13:00:00,31.6,66.0,24.5,0.0,0.01,3.7,290.0,1012.39,10.0
48429,สนามบินสุวรรณภูมิ,สมุทรปราการ,13.68639,100.7675,2026-09-30T16:00:00,33.2,58.0,23.9,0.0,0.01,7.4,150.0,1009.64,10.0
48429,สนามบินสุวรรณภูมิ,สมุทรปราการ,13.68639,100.7675,2026-09-30T19:00:00,30.1,74.0,25.0,0.0,0.01,7.4,200.0,1011.84,10.0
48429,สนามบินสุวรรณภูมิ,สมุทรปราการ,13.68639,100.7675,2026-09-30T22:00:00,28.5,85.0,25.8,0.0,0.01,0.0,0.0,1013.8,10.0
48431,นครราชสีมา,นครราชสีมา,14.9683,102.08603,2026-09-30T01:00:00,25.2,89.0,23.3,0.0,0.0,3.7,280.0,1011.64,10.0
48431,นครราชสีมา,นครราชสีมา,14.9683,102.08603,2026-09-30T07:00:00,26.3,85.0,23.5,0.0,0.0,0.0,0.0,1013.38,10.0
48431,นครราชสีมา,นครราชสีมา,14.9683,102.08603,2026-09-30T10:00:00,31.0,63.0,23.0,0.0,0.0,1.9,10.0,1014.72,11.0
48431,นครราชสีมา,นครราชสีมา,14.9683,102.08603,2026-09-30T13:00:00,33.1,55.0,22.8,0.0,0.0,5.6,350.0,1011.38,10.0
48431,นครราชสีมา,นครราชสีมา,14.9683,102.08603,2026-09-30T16:00:00,28.1,85.0,25.3,7.6,7.6,1.9,240.0,1009.68,10.0
48431,นครราชสีมา,นครราชสีมา,14.9683,102.08603,2026-09-30T19:00:00,26.4,81.0,22.9,0.0,7.6,1.9,220.0,1011.63,10.0
48431,นครราชสีมา,นครราชสีมา,14.9683,102.08603,2026-09-30T22:00:00,25.8,88.0,23.6,0.0,7.6,5.6,230.0,1013.26,10.0
48432,สุรินทร์,สุรินทร์,14.88333,103.5,2026-09-30T01:00:00,26.2,94.0,25.2,0.0,0.0,0.0,0.0,1012.35,8.0
48432,สุรินทร์,สุรินทร์,14.88333,103.5,2026-09-30T04:00:00,25.9,98.0,25.6,0.0,0.0,0.0,0.0,1010.58,7.0
48432,สุรินทร์,สุรินทร์,14.88333,103.5,2026-09-30T07:00:00,27.6,91.0,26.0,0.0,0.0,0.0,0.0,1013.17,7.0
48432,สุรินทร์,สุรินทร์,14.88333,103.5,2026-09-30T10:00:00,31.5,73.0,26.0,0.0,0.0,3.7,290.0,1014.07,10.0
48432,สุรินทร์,สุรินทร์,14.88333,103.5,2026-09-30T13:00:00,32.9,62.0,24.7,0.0,0.0,0.0,0.0,1011.94,11.0
48432,สุรินทร์,สุรินทร์,14.88333,103.5,2026-09-30T16:00:00,34.4,60.0,25.4,0.0,0.0,0.0,0.0,1009.26,113.0
48432,สุรินทร์,สุรินทร์,14.88333,103.5,2026-09-30T19:00:00,30.0,78.0,25.6,0.0,0.0,0.0,0.0,1010.83,9.0
48432,สุรินทร์,สุรินทร์,14.88333,103.5,2026-09-30T22:00:00,28.3,87.0,25.9,0.0,0.0,0.0,0.0,1010.89,8.0
48433,สุรินทร์ สกษ.,สุรินทร์,14.88333,103.45,2026-09-30T04:00:00,24.5,99.0,24.3,0.0,0.0,0.0,0.0,1012.73,6.0
48433,สุรินทร์ สกษ.,สุรินทร์,14.88333,103.45,2026-09-30T07:00:00,26.0,99.0,25.8,0.0,0.0,0.0,0.0,1013.42,9.0
48433,สุรินทร์ สกษ.,สุรินทร์,14.88333,103.45,2026-09-30T10:00:00,30.8,75.0,25.7,0.0,0.0,3.7,240.0,1014.54,10.0
48433,สุรินทร์ สกษ.,สุรินทร์,14.88333,103.45,2026-09-30T13:00:00,32.6,65.0,25.1,0.0,0.0,0.0,0.0,1012.26,10.0
48433,สุรินทร์ สกษ.,สุรินทร์,14.88333,103.45,2026-09-30T16:00:00,32.5,69.0,26.1,0.0,0.0,5.6,10.0,1009.77,10.0
48433,สุรินทร์ สกษ.,สุรินทร์,14.88333,103.45,2026-09-30T19:00:00,27.8,99.0,27.7,0.0,0.0,0.0,0.0,1011.34,8.0
48433,สุรินทร์ สกษ.,สุรินทร์,14.88333,103.45,2026-09-30T22:00:00,26.6,99.0,26.5,0.0,0.0,0.0,0.0,1012.67,7.0
48434,โชคชัย,นครราชสีมา,14.71889,102.16861,2026-09-30T01:00:00,25.8,90.0,24.1,0.0,0.0,0.0,0.0,1013.09,10.0
48434,โชคชัย,นครราชสีมา,14.71889,102.16861,2026-09-30T04:00:00,25.2,94.0,24.2,0.0,0.0,0.0,0.0,1012.55,10.0
48434,โชคชัย,นครราชสีมา,14.71889,102.16861,2026-09-30T07:00:00,26.7,90.0,25.0,0.0,0.0,0.0,0.0,1013.66,10.0
48434,โชคชัย,นครราชสีมา,14.71889,102.16861,2026-09-30T10:00:00,30.8,61.0,22.3,0.0,0.0,7.4,60.0,1007.84,10.0
48434,โชคชัย,นครราชสีมา,14.71889,102.16861,2026-09-30T13:00:00,34.0,48.0,21.3,0.0,0.0,11.1,60.0,1012.35,10.0
48434,โชคชัย,นครราชสีมา,14.71889,102.16861,2026-09-30T16:00:00,33.4,50.0,21.6,0.0,0.0,0.0,0.0,1009.76,10.0
48434,โชคชัย,นครราชสีมา,14.71889,102.16861,2026-09-30T19:00:00,27.2,89.0,25.2,2.8,2.8,0.0,0.0,1012.26,8.0
48434,โชคชัย,นครราชสีมา,14.71889,102.16861,2026-09-30T22:00:00,25.8,89.0,23.9,0.1,2.9,0.0,0.0,1014.7,10.0
48435,ปากช่อง สกษ.,นครราชสีมา,14.64389,101.33194,2026-09-30T01:00:00,23.0,96.0,22.2,0.0,0.0,1.9,50.0,1013.25,10.0
48435,ปากช่อง สกษ.,นครราชสีมา,14.64389,101.33194,2026-09-30T04:00:00,22.1,97.0,21.6,0.0,0.0,1.9,310.0,1012.31,10.0
48435,ปากช่อง สกษ.,นครราชสีมา,14.64389,101.33194,2026-09-30T07:00:00,23.0,97.0,22.5,0.0,0.0,1.9,280.0,1013.42,6.0
48435,ปากช่อง สกษ.,นครราชสีมา,14.64389,101.33194,2026-09-30T10:00:00,30.0,68.0,23.5,0.0,0.0,1.9,120.0,1013.89,10.0
48435,ปากช่อง สกษ.,นครราชสีมา,14.64389,101.33194,2026-09-30T13:00:00,30.5,68.0,24.0,0.0,0.0,9.3,280.0,1011.41,8.0
48435,ปากช่อง สกษ.,นครราชสีมา,14.64389,101.33194,2026-09-30T16:00:00,26.3,89.0,24.4,0.7,0.7,7.4,60.0,1010.75,8.0
48435,ปากช่อง สกษ.,นครราชสีมา,14.64389,101.33194,2026-09-30T19:00:00,24.5,96.0,23.8,0.0,0.7,9.3,70.0,1012.12,8.0
48435,ปากช่อง สกษ.,นครราชสีมา,14.64389,101.33194,2026-09-30T22:00:00,23.0,97.0,22.5,0.0,0.7,0.0,0.0,1014.39,8.0
48436,นางรอง,บุรีรัมย์,14.58333,102.8,2026-09-30T01:00:00,24.3,95.0,23.4,0.0,0.0,0.0,0.0,1012.41,10.0
48436,นางรอง,บุรีรัมย์,14.58333,102.8,2026-09-30T04:00:00,24.2,94.0,23.2,0.0,0.0,0.0,0.0,1010.61,10.0
48436,นางรอง,บุรีรัมย์,14.58333,102.8,2026-09-30T07:00:00,24.9,94.0,23.9,0.0,0.0,3.7,200.0,1013.13,10.0
48436,นางรอง,บุรีรัมย์,14.58333,102.8,2026-09-30T10:00:00,31.1,66.0,24.1,0.0,0.0,5.6,340.0,1014.37,10.0
48436,นางรอง,บุรีรัมย์,14.58333,102.8,2026-09-30T13:00:00,33.5,55.0,23.3,0.0,0.0,3.7,320.0,1011.49,10.0
48436,นางรอง,บุรีรัมย์,14.58333,102.8,2026-09-30T16:00:00,33.7,56.0,23.8,0.0,0.0,3.7,320.0,1008.94,10.0
48436,นางรอง,บุรีรัมย์,14.58333,102.8,2026-09-30T19:00:00,28.0,76.0,23.3,0.0,0.0,9.3,180.0,1011.55,10.0
48436,นางรอง,บุรีรัมย์,14.58333,102.8,2026-09-30T22:00:00,25.6,87.0,23.2,0.0,0.0,3.7,200.0,1012.74,10.0
48437,บุรีรัมย์,บุรีรัมย์,15.22575,103.24808,2026-09-30T01:00:00,24.7,99.0,24.5,0.0,0.0,0.0,0.0,1012.63,10.0
48437,บุรีรัมย์,บุรีรัมย์,15.22575,103.24808,2026-09-30T04:00:00,24.5,99.0,24.3,0.0,0.0,0.0,0.0,1011.44,10.0
48437,บุรีรัมย์,บุรีรัมย์,15.22575,103.24808,2026-09-30T07:00:00,27.0,98.0,26.7,0.0,0.0,0.0,0.0,1013.13,10.0
48437,บุรีรัมย์,บุรีรัมย์,15.22575,103.24808,2026-09-30T10:00:00,32.2,61.0,23.7,0.0,0.0,7.4,230.0,1014.12,10.0
48437,บุรีรัมย์,บุรีรัมย์,15.22575,103.24808,2026-09-30T13:00:00,31.5,65.0,24.0,0.0,0.0,3.7,120.0,1011.71,10.0
48437,บุรีรัมย์,บุรีรัมย์,15.22575,103.24808,2026-09-30T16:00:00,31.8,66.0,24.7,0.01,0.01,0.0,0.0,1009.57,10.0
48437,บุรีรัมย์,บุรีรัมย์,15.22575,103.24808,2026-09-30T19:00:00,27.4,95.0,26.6,0.0,0.01,0.0,0.0,1010.88,10.0
48437,บุรีรัมย์,บุรีรัมย์,15.22575,103.24808,2026-09-30T22:00:00,26.3,99.0,26.1,0.0,0.01,0.0,0.0,1012.5,10.0
48438,สมุทรสงคราม,สมุทรสงคราม,13.40778,100.03222,2026-09-30T01:00:00,26.1,88.0,23.9,0.0,0.0,1.9,300.0,1012.81,10.0
48438,สมุทรสงคราม,สมุทรสงคราม,13.40778,100.03222,2026-09-30T04:00:00,26.0,93.0,24.7,0.0,0.0,1.9,180.0,1011.99,10.0
48438,สมุทรสงคราม,สมุทรสงคราม,13.40778,100.03222,2026-09-30T07:00:00,25.7,93.0,24.5,0.0,0.0,3.7,300.0,1012.4,10.0
48438,สมุทรสงคราม,สมุทรสงคราม,13.40778,100.03222,2026-09-30T10:00:00,30.8,67.0,24.1,0.0,0.0,3.7,90.0,1014.08,10.0
48438,สมุทรสงคราม,สมุทรสงคราม,13.40778,100.03222,2026-09-30T13:00:00,30.2,75.0,25.2,0.0,0.0,14.8,150.0,1011.94,10.0
48438,สมุทรสงคราม,สมุทรสงคราม,13.40778,100.03222,2026-09-30T16:00:00,30.7,71.0,24.7,0.0,0.0,11.1,160.0,1009.54,10.0
48438,สมุทรสงคราม,สมุทรสงคราม,13.40778,100.03222,2026-09-30T19:00:00,30.0,78.0,25.6,0.0,0.0,7.4,160.0,1010.85,10.0
48438,สมุทรสงคราม,สมุทรสงคราม,13.40778,100.03222,2026-09-30T22:00:00,28.8,80.0,25.1,0.0,0.0,1.9,280.0,1013.44,10.0
48440,สระแก้ว,สระแก้ว,13.78889,102.03472,2026-09-30T01:00:00,25.0,99.0,24.8,0.0,0.0,0.0,0.0,1012.61,7.0
48440,สระแก้ว,สระแก้ว,13.78889,102.03472,2026-09-30T04:00:00,24.2,99.0,24.0,0.0,0.0,0.0,0.0,1011.71,7.0
48440,สระแก้ว,สระแก้ว,13.78889,102.03472,2026-09-30T07:00:00,25.3,99.0,25.1,0.0,0.0,0.0,0.0,1012.84,0.8
48440,สระแก้ว,สระแก้ว,13.78889,102.03472,2026-09-30T10:00:00,30.9,81.0,27.3,0.0,0.0,0.0,0.0,1014.21,7.0
48440,สระแก้ว,สระแก้ว,13.78889,102.03472,2026-09-30T13:00:00,33.7,62.0,25.4,0.0,0.0,0.0,0.0,1011.55,10.0
48440,สระแก้ว,สระแก้ว,13.78889,102.03472,2026-09-30T16:00:00,32.5,71.0,26.5,0.0,0.0,0.0,0.0,1009.01,10.0
48440,สระแก้ว,สระแก้ว,13.78889,102.03472,2026-09-30T19:00:00,27.7,96.0,27.0,0.0,0.0,0.0,0.0,1011.02,8.0
48440,สระแก้ว,สระแก้ว,13.78889,102.03472,2026-09-30T22:00:00,26.5,99.0,26.4,0.0,0.0,0.0,0.0,1012.77,8.0
48450,กาญจนบุรี,กาญจนบุรี,14.0225,99.53583,2026-09-30T01:00:00,26.0,96.0,25.3,0.0,1.6,0.0,0.0,1012.74,10.0
48450,กาญจนบุรี,กาญจนบุรี,14.0225,99.53583,2026-09-30T04:00:00,25.5,97.0,25.1,0.0,1.6,0.0,0.0,1011.81,10.0
48450,กาญจนบุรี,กาญจนบุรี,14.0225,99.53583,2026-09-30T07:00:00,26.0,96.0,25.3,0.0,1.6,3.7,310.0,1012.98,10.0
48450,กาญจนบุรี,กาญจนบุรี,14.0225,99.53583,2026-09-30T10:00:00,30.6,72.0,24.9,0.0,1.6,0.0,0.0,1014.15,12.0
48450,กาญจนบุรี,กาญจนบุรี,14.0225,99.53583,2026-09-30T13:00:00,34.0,55.0,23.5,0.0,1.6,3.7,50.0,1011.8,12.0
48450,กาญจนบุรี,กาญจนบุรี,14.0225,99.53583,2026-09-30T16:00:00,35.1,53.0,24.2,0.0,1.0,7.4,260.0,1009.07,12.0
48450,กาญจนบุรี,กาญจนบุรี,14.0225,99.53583,2026-09-30T19:00:00,27.0,92.0,25.6,3.9,3.9,3.7,80.0,1011.62,9.0
48450,กาญจนบุรี,กาญจนบุรี,14.0225,99.53583,2026-09-30T22:00:00,26.8,94.0,25.7,0.1,4.0,0.0,0.0,1013.76,10.0
48451,นครปฐม,นครปฐม,14.01167,99.97,2026-09-30T01:00:00,26.0,98.0,25.6,0.0,5.0,0.0,0.0,1012.7,2.0
48451,นครปฐม,นครปฐม,14.01167,99.97,2026-09-30T04:00:00,25.2,98.0,24.9,0.0,5.0,0.0,0.0,1012.15,4.0
48451,นครปฐม,นครปฐม,14.01167,99.97,2026-09-30T07:00:00,25.0,99.0,24.8,0.0,5.0,0.0,0.0,1012.87,7.0
48451,นครปฐม,นครปฐม,14.01167,99.97,2026-09-30T10:00:00,31.2,72.0,25.6,0.0,5.0,5.6,300.0,1014.39,10.0
48451,นครปฐม,นครปฐม,14.01167,99.97,2026-09-30T13:00:00,34.0,61.0,25.3,0.0,5.0,7.4,230.0,1012.14,10.0
48451,นครปฐม,นครปฐม,14.01167,99.97,2026-09-30T16:00:00,35.0,56.0,24.9,0.0,0.2,1.9,210.0,1009.35,10.0
48451,นครปฐม,นครปฐม,14.01167,99.97,2026-09-30T19:00:00,28.5,85.0,25.8,0.0,0.0,7.4,280.0,1011.33,10.0
48451,นครปฐม,นครปฐม,14.01167,99.97,2026-09-30T22:00:00,26.0,93.0,24.8,0.01,0.01,0.0,0.0,1013.53,10.0
48453,กรุงเทพฯ บางนา สกษ.,กรุงเทพมหานคร,13.66639,100.60611,2026-09-30T04:00:00,27.5,90.0,25.7,0.0,0.0,3.7,180.0,1011.39,10.0
48453,กรุงเทพฯ บางนา สกษ.,กรุงเทพมหานคร,13.66639,100.60611,2026-09-30T07:00:00,28.2,84.0,25.2,0.0,0.0,0.0,0.0,1012.88,10.0
48453,กรุงเทพฯ บางนา สกษ.,กรุงเทพมหานคร,13.66639,100.60611,2026-09-30T10:00:00,33.7,65.0,26.2,0.0,0.0,5.6,170.0,1013.75,10.0
48453,กรุงเทพฯ บางนา สกษ.,กรุงเทพมหานคร,13.66639,100.60611,2026-09-30T13:00:00,33.0,61.0,24.5,0.0,0.0,13.0,180.0,1011.49,10.0
48453,กรุงเทพฯ บางนา สกษ.,กรุงเทพมหานคร,13.66639,100.60611,2026-09-30T16:00:00,35.3,50.0,23.2,0.0,0.0,1.9,340.0,1008.84,10.0
48453,กรุงเทพฯ บางนา สกษ.,กรุงเทพมหานคร,13.66639,100.60611,2026-09-30T19:00:00,30.1,71.0,24.2,0.0,0.0,5.6,190.0,1011.39,10.0
48453,กรุงเทพฯ บางนา สกษ.,กรุงเทพมหานคร,13.66639,100.60611,2026-09-30T22:00:00,28.9,78.0,24.6,0.0,0.0,1.9,10.0,1012.92,10.0
48454,กรุงเทพฯ ท่าเรือคลองเตย,กรุงเทพมหานคร,13.70694,100.56805,2026-09-30T10:00:00,32.4,68.0,25.7,0.0,0.0,0.0,0.0,1012.93,10.0
48454,กรุงเทพฯ ท่าเรือคลองเตย,กรุงเทพมหานคร,13.70694,100.56805,2026-09-30T13:00:00,34.0,62.0,25.8,0.0,0.0,9.3,180.0,1011.49,10.0
48454,กรุงเทพฯ ท่าเรือคลองเตย,กรุงเทพมหานคร,13.70694,100.56805,2026-09-30T16:00:00,33.8,59.0,24.8,0.0,0.0,7.4,180.0,1009.02,10.0
48454,กรุงเทพฯ ท่าเรือคลองเตย,กรุงเทพมหานคร,13.70694,100.56805,2026-09-30T19:00:00,30.8,73.0,25.4,0.0,0.0,5.6,190.0,1011.03,10.0
48455,กรุงเทพมหานคร,กรุงเทพมหานคร,13.72639,100.56,2026-09-30T01:00:00,28.3,92.0,26.9,0.0,0.0,3.7,200.0,1012.32,10.0
48455,กรุงเทพมหานคร,กรุงเทพมหานคร,13.72639,100.56,2026-09-30T04:00:00,27.8,91.0,26.1,0.0,0.0,3.7,160.0,1011.61,10.0
48455,กรุงเทพมหานคร,กรุงเทพมหานคร,13.72639,100.56,2026-09-30T07:00:00,27.7,90.0,25.9,0.0,0.0,0.0,0.0,1012.54,8.0
48455,กรุงเทพมหานคร,กรุงเทพมหานคร,13.72639,100.56,2026-09-30T10:00:00,33.0,69.0,26.6,0.0,0.0,7.4,230.0,1014.11,8.0
48455,กรุงเทพมหานคร,กรุงเทพมหานคร,13.72639,100.56,2026-09-30T13:00:00,33.8,62.0,25.4,0.0,0.0,7.4,140.0,1011.46,10.0
48455,กรุงเทพมหานคร,กรุงเทพมหานคร,13.72639,100.56,2026-09-30T16:00:00,34.0,57.0,24.3,0.0,0.0,3.7,170.0,1009.0,10.0
48455,กรุงเทพมหานคร,กรุงเทพมหานคร,13.72639,100.56,2026-09-30T19:00:00,30.6,73.0,25.2,0.0,0.0,7.4,140.0,1011.06,10.0
48455,กรุงเทพมหานคร,กรุงเทพมหานคร,13.72639,100.56,2026-09-30T22:00:00,28.6,83.0,25.5,0.0,0.0,3.7,300.0,1013.13,10.0
48456,สนามบินดอนเมือง,กรุงเทพมหานคร,13.91917,100.605,2026-09-30T01:00:00,27.7,90.0,25.9,0.0,0.0,1.9,190.0,1012.7,9.0
48456,สนามบินดอนเมือง,กรุงเทพมหานคร,13.91917,100.605,2026-09-30T04:00:00,27.2,92.0,25.8,0.0,0.0,0.0,0.0,1012.54,9.0
48456,สนามบินดอนเมือง,กรุงเทพมหานคร,13.91917,100.605,2026-09-30T07:00:00,27.4,90.0,25.5,0.0,0.0,0.0,0.0,1013.43,10.0
48456,สนามบินดอนเมือง,กรุงเทพมหานคร,13.91917,100.605,2026-09-30T10:00:00,32.2,62.0,24.0,0.0,0.0,0.0,0.0,1014.76,10.0
48456,สนามบินดอนเมือง,กรุงเทพมหานคร,13.91917,100.605,2026-09-30T13:00:00,33.5,53.0,22.6,0.0,0.0,3.7,60.0,1012.24,10.0
48456,สนามบินดอนเมือง,กรุงเทพมหานคร,13.91917,100.605,2026-09-30T16:00:00,32.8,61.0,24.2,1.6,1.6,3.7,200.0,1009.83,10.0
48456,สนามบินดอนเมือง,กรุงเทพมหานคร,13.91917,100.605,2026-09-30T19:00:00,30.9,67.0,24.0,0.0,1.6,0.0,0.0,1011.45,10.0
48456,สนามบินดอนเมือง,กรุงเทพมหานคร,13.91917,100.605,2026-09-30T22:00:00,28.7,75.0,23.8,0.0,1.6,14.8,280.0,1013.8,10.0
48457,นำร่อง,สมุทรปราการ,13.37722,100.59944,2026-09-30T07:00:00,28.2,87.0,25.8,0.0,0.0,0.0,0.0,1012.79,10.0
48457,นำร่อง,สมุทรปราการ,13.37722,100.59944,2026-09-30T10:00:00,30.8,77.0,26.2,0.0,0.0,0.0,0.0,1014.42,10.0
48457,นำร่อง,สมุทรปราการ,13.37722,100.59944,2026-09-30T13:00:00,31.0,72.0,25.4,0.0,0.0,9.3,190.0,1012.38,10.0
48457,นำร่อง,สมุทรปราการ,13.37722,100.59944,2026-09-30T16:00:00,30.8,71.0,25.0,0.0,0.0,7.4,190.0,1009.69,10.0
48457,นำร่อง,สมุทรปราการ,13.37722,100.59944,2026-09-30T19:00:00,30.5,70.0,24.3,0.0,0.0,16.7,190.0,1011.27,10.0
48458,ฉะเชิงเทรา,ฉะเชิงเทรา,13.51556,101.45833,2026-09-30T01:00:00,24.4,98.0,24.1,0.0,19.7,0.0,0.0,1014.35,5.0
48458,ฉะเชิงเทรา,ฉะเชิงเทรา,13.51556,101.45833,2026-09-30T04:00:00,24.0,98.0,23.7,0.0,19.4,0.0,0.0,1013.4,3.0
48458,ฉะเชิงเทรา,ฉะเชิงเทรา,13.51556,101.45833,2026-09-30T07:00:00,23.6,98.0,23.3,0.0,19.4,0.0,0.0,1014.52,0.5
48458,ฉะเชิงเทรา,ฉะเชิงเทรา,13.51556,101.45833,2026-09-30T10:00:00,29.4,81.0,25.9,0.0,19.4,5.6,210.0,1015.63,10.0
48458,ฉะเชิงเทรา,ฉะเชิงเทรา,13.51556,101.45833,2026-09-30T13:00:00,33.2,68.0,26.5,0.0,19.4,1.9,80.0,1013.46,10.0
48458,ฉะเชิงเทรา,ฉะเชิงเทรา,13.51556,101.45833,2026-09-30T16:00:00,34.6,55.0,24.2,0.0,0.0,9.3,320.0,1010.63,10.0
48458,ฉะเชิงเทรา,ฉะเชิงเทรา,13.51556,101.45833,2026-09-30T19:00:00,27.0,93.0,25.7,0.0,0.0,0.0,0.0,1012.74,10.0
48458,ฉะเชิงเทรา,ฉะเชิงเทรา,13.51556,101.45833,2026-09-30T22:00:00,25.7,97.0,25.1,0.0,0.0,0.0,0.0,1014.61,10.0
48459,ชลบุรี,ชลบุรี,13.36667,100.98333,2026-09-30T01:00:00,26.3,97.0,25.7,0.0,12.6,1.9,190.0,1012.3,10.0
48459,ชลบุรี,ชลบุรี,13.36667,100.98333,2026-09-30T04:00:00,25.8,99.0,25.6,0.0,12.6,0.0,0.0,1011.51,10.0
48459,ชลบุรี,ชลบุรี,13.36667,100.98333,2026-09-30T07:00:00,27.6,92.0,26.2,0.0,12.6,0.0,0.0,1012.65,10.0
48459,ชลบุรี,ชลบุรี,13.36667,100.98333,2026-09-30T10:00:00,32.0,69.0,25.5,0.0,12.6,3.7,260.0,1013.86,10.0
48459,ชลบุรี,ชลบุรี,13.36667,100.98333,2026-09-30T13:00:00,33.6,60.0,24.8,0.0,12.6,16.7,280.0,1011.93,10.0
48459,ชลบุรี,ชลบุรี,13.36667,100.98333,2026-09-30T16:00:00,32.5,58.0,23.1,0.0,0.0,0.0,0.0,1009.36,12.0
48459,ชลบุรี,ชลบุรี,13.36667,100.98333,2026-09-30T19:00:00,29.7,72.0,24.1,0.0,0.0,0.0,0.0,1011.11,10.0
48459,ชลบุรี,ชลบุรี,13.36667,100.98333,2026-09-30T22:00:00,28.7,77.0,24.2,0.0,0.0,1.9,290.0,1012.61,10.0
48460,เกาะสีชัง,ชลบุรี,13.16167,100.80194,2026-09-30T01:00:00,26.1,93.0,24.9,0.0,0.0,0.0,0.0,1012.4,10.0
48460,เกาะสีชัง,ชลบุรี,13.16167,100.80194,2026-09-30T04:00:00,25.2,96.0,24.5,0.0,0.0,0.0,0.0,1012.24,10.0
48460,เกาะสีชัง,ชลบุรี,13.16167,100.80194,2026-09-30T07:00:00,26.3,95.0,25.4,0.0,0.0,0.0,0.0,1012.4,10.0
48460,เกาะสีชัง,ชลบุรี,13.16167,100.80194,2026-09-30T10:00:00,30.6,72.0,24.9,0.0,0.0,0.0,0.0,1015.19,10.0
48460,เกาะสีชัง,ชลบุรี,13.16167,100.80194,2026-09-30T13:00:00,32.7,70.0,26.4,0.0,0.0,9.3,270.0,1012.1,10.0
48460,เกาะสีชัง,ชลบุรี,13.16167,100.80194,2026-09-30T16:00:00,31.2,75.0,26.2,0.0,0.0,5.6,200.0,1009.63,10.0
48460,เกาะสีชัง,ชลบุรี,13.16167,100.80194,2026-09-30T19:00:00,28.0,81.0,24.4,0.0,0.0,3.7,170.0,1011.53,10.0
48460,เกาะสีชัง,ชลบุรี,13.16167,100.80194,2026-09-30T22:00:00,27.6,82.0,24.3,0.0,0.0,5.6,140.0,1013.02,10.0
48461,พัทยา,ชลบุรี,12.92,100.86944,2026-09-30T01:00:00,26.6,93.0,25.5,0.0,0.0,0.0,0.0,1012.81,8.0
48461,พัทยา,ชลบุรี,12.92,100.86944,2026-09-30T04:00:00,26.6,96.0,25.9,0.0,0.0,0.0,0.0,1011.48,8.0
48461,พัทยา,ชลบุรี,12.92,100.86944,2026-09-30T07:00:00,27.0,95.0,26.1,0.0,0.0,0.0,0.0,1012.97,7.0
48461,พัทยา,ชลบุรี,12.92,100.86944,2026-09-30T10:00:00,31.7,73.0,26.3,0.0,0.0,5.6,30.0,1014.02,8.0
48461,พัทยา,ชลบุรี,12.92,100.86944,2026-09-30T13:00:00,31.5,73.0,26.0,0.0,0.0,13.0,20.0,1012.25,8.0
48461,พัทยา,ชลบุรี,12.92,100.86944,2026-09-30T16:00:00,30.6,74.0,25.4,0.0,0.0,11.1,110.0,1009.71,10.0
48461,พัทยา,ชลบุรี,12.92,100.86944,2026-09-30T19:00:00,28.0,82.0,24.7,0.0,0.0,0.0,0.0,1011.45,10.0
48461,พัทยา,ชลบุรี,12.92,100.86944,2026-09-30T22:00:00,27.3,85.0,24.6,0.0,0.0,0.0,0.0,1013.29,10.0
48462,อรัญประเทศ,สระแก้ว,13.7,102.58333,2026-09-30T19:00:00,30.4,70.0,24.4,0.0,0.0,0.0,0.0,1011.04,9.0
48462,อรัญประเทศ,สระแก้ว,13.7,102.58333,2026-09-30T22:00:00,28.2,80.0,24.3,0.0,0.0,7.4,100.0,1012.7,8.0
48463,แหลมฉบัง,ชลบุรี,13.07694,100.87583,2026-09-30T07:00:00,26.5,94.0,25.5,0.0,0.0,0.0,0.0,1013.26,10.0
48463,แหลมฉบัง,ชลบุรี,13.07694,100.87583,2026-09-30T10:00:00,31.4,75.0,26.5,0.0,0.0,3.7,220.0,1014.77,10.0
48463,แหลมฉบัง,ชลบุรี,13.07694,100.87583,2026-09-30T13:00:00,32.4,71.0,26.6,0.0,0.0,11.1,240.0,1012.65,10.0
48463,แหลมฉบัง,ชลบุรี,13.07694,100.87583,2026-09-30T16:00:00,31.5,69.0,25.1,0.0,0.0,7.4,170.0,1010.11,10.0
48463,แหลมฉบัง,ชลบุรี,13.07694,100.87583,2026-09-30T19:00:00,28.3,83.0,25.2,0.0,0.0,0.0,0.0,1011.95,10.0
48464,ราชบุรี,ราชบุรี,13.48931,99.79239,2026-09-30T01:00:00,25.5,91.0,23.9,0.0,16.2,0.0,0.0,1013.26,8.0
48464,ราชบุรี,ราชบุรี,13.48931,99.79239,2026-09-30T04:00:00,25.6,92.0,24.1,0.0,16.2,0.0,0.0,1012.32,8.0
48464,ราชบุรี,ราชบุรี,13.48931,99.79239,2026-09-30T07:00:00,25.8,92.0,24.3,0.0,16.2,0.0,0.0,1013.63,14.0
48464,ราชบุรี,ราชบุรี,13.48931,99.79239,2026-09-30T10:00:00,30.2,77.0,25.7,0.0,16.2,0.0,0.0,1014.62,14.0
48464,ราชบุรี,ราชบุรี,13.48931,99.79239,2026-09-30T13:00:00,33.5,55.0,23.1,0.0,16.2,7.4,150.0,1012.09,14.0
48464,ราชบุรี,ราชบุรี,13.48931,99.79239,2026-09-30T16:00:00,31.7,65.0,24.3,0.0,2.4,9.3,210.0,1010.38,14.0
48464,ราชบุรี,ราชบุรี,13.48931,99.79239,2026-09-30T19:00:00,29.2,81.0,25.5,0.0,0.0,3.7,240.0,1011.92,12.0
48464,ราชบุรี,ราชบุรี,13.48931,99.79239,2026-09-30T22:00:00,28.0,82.0,24.7,0.0,0.0,0.0,0.0,1014.38,10.0
48465,เพชรบุรี,เพชรบุรี,12.99944,100.06056,2026-09-30T01:00:00,25.6,92.0,24.1,0.0,0.0,0.0,0.0,1014.87,11.0
48465,เพชรบุรี,เพชรบุรี,12.99944,100.06056,2026-09-30T04:00:00,25.4,92.0,23.9,0.0,0.0,3.7,250.0,1013.41,11.0
48465,เพชรบุรี,เพชรบุรี,12.99944,100.06056,2026-09-30T07:00:00,25.5,93.0,24.2,0.0,0.0,0.0,0.0,1012.76,11.0
48465,เพชรบุรี,เพชรบุรี,12.99944,100.06056,2026-09-30T10:00:00,31.0,75.0,26.1,0.0,0.0,0.0,0.0,1014.45,11.0
48465,เพชรบุรี,เพชรบุรี,12.99944,100.06056,2026-09-30T13:00:00,31.0,70.0,24.9,0.0,0.0,0.0,0.0,1012.35,11.0
48465,เพชรบุรี,เพชรบุรี,12.99944,100.06056,2026-09-30T16:00:00,31.5,67.0,24.5,0.0,0.0,0.0,0.0,1009.93,11.0
48465,เพชรบุรี,เพชรบุรี,12.99944,100.06056,2026-09-30T19:00:00,30.0,78.0,25.6,0.0,0.0,0.0,0.0,1011.32,11.0
48465,เพชรบุรี,เพชรบุรี,12.99944,100.06056,2026-09-30T22:00:00,28.6,80.0,24.9,0.0,0.0,0.0,0.0,1013.66,11.0
48474,หนองพลับ สกษ.,ประจวบคีรีขันธ์,12.58333,99.73333,2026-09-30T01:00:00,23.7,99.0,23.5,0.0,1.2,0.0,0.0,1013.52,6.0
48474,หนองพลับ สกษ.,ประจวบคีรีขันธ์,12.58333,99.73333,2026-09-30T04:00:00,23.2,99.0,23.0,0.0,1.2,0.0,0.0,1012.34,6.0
48474,หนองพลับ สกษ.,ประจวบคีรีขันธ์,12.58333,99.73333,2026-09-30T07:00:00,23.8,99.0,23.6,0.0,1.2,0.0,0.0,1013.07,6.0
48474,หนองพลับ สกษ.,ประจวบคีรีขันธ์,12.58333,99.73333,2026-09-30T10:00:00,30.0,70.0,23.9,0.0,1.2,0.0,0.0,1006.28,8.0
48474,หนองพลับ สกษ.,ประจวบคีรีขันธ์,12.58333,99.73333,2026-09-30T13:00:00,32.8,63.0,24.7,0.0,1.2,9.3,170.0,1011.79,9.0
48474,หนองพลับ สกษ.,ประจวบคีรีขันธ์,12.58333,99.73333,2026-09-30T16:00:00,30.2,75.0,25.2,0.0,1.2,9.3,340.0,1010.23,7.0
48474,หนองพลับ สกษ.,ประจวบคีรีขันธ์,12.58333,99.73333,2026-09-30T19:00:00,24.2,97.0,23.6,24.4,24.6,13.0,340.0,1011.85,7.0
48474,หนองพลับ สกษ.,ประจวบคีรีขันธ์,12.58333,99.73333,2026-09-30T22:00:00,24.4,99.0,24.2,0.0,24.4,0.0,0.0,1014.4,7.0
48475,หัวหิน,ประจวบคีรีขันธ์,12.58611,99.9625,2026-09-30T01:00:00,25.6,92.0,24.1,0.0,0.0,0.0,0.0,1012.93,10.0
48475,หัวหิน,ประจวบคีรีขันธ์,12.58611,99.9625,2026-09-30T04:00:00,25.3,94.0,24.3,0.0,0.0,9.3,280.0,1011.76,10.0
48475,หัวหิน,ประจวบคีรีขันธ์,12.58611,99.9625,2026-09-30T07:00:00,26.0,89.0,24.0,0.0,0.0,13.0,260.0,1012.15,10.0
48475,หัวหิน,ประจวบคีรีขันธ์,12.58611,99.9625,2026-09-30T10:00:00,30.5,71.0,24.6,0.0,0.0,7.4,60.0,1014.13,10.0
48475,หัวหิน,ประจวบคีรีขันธ์,12.58611,99.9625,2026-09-30T13:00:00,31.5,71.0,25.6,0.0,0.0,11.1,120.0,1012.41,10.0
48475,หัวหิน,ประจวบคีรีขันธ์,12.58611,99.9625,2026-09-30T16:00:00,30.8,69.0,24.5,0.0,0.0,14.8,110.0,1010.06,10.0
48475,หัวหิน,ประจวบคีรีขันธ์,12.58611,99.9625,2026-09-30T19:00:00,28.6,78.0,24.4,0.0,0.0,5.6,260.0,1011.2,10.0
48475,หัวหิน,ประจวบคีรีขันธ์,12.58611,99.9625,2026-09-30T22:00:00,27.7,84.0,24.8,0.0,0.0,7.4,250.0,1013.59,10.0
48477,สัตหีบ,ชลบุรี,12.68333,100.98333,2026-09-30T01:00:00,26.5,93.0,25.2,0.0,5.4,3.7,30.0,1013.1,7.0
48477,สัตหีบ,ชลบุรี,12.68333,100.98333,2026-09-30T04:00:00,26.0,96.0,25.3,0.0,0.3,3.7,10.0,1012.17,6.0
48477,สัตหีบ,ชลบุรี,12.68333,100.98333,2026-09-30T07:00:00,26.2,94.0,25.2,0.0,0.0,0.0,0.0,1013.67,9.0
48477,สัตหีบ,ชลบุรี,12.68333,100.98333,2026-09-30T10:00:00,32.4,67.0,25.5,0.0,0.0,3.7,990.0,1006.98,7.0
48477,สัตหีบ,ชลบุรี,12.68333,100.98333,2026-09-30T13:00:00,32.0,75.0,27.0,4.7,4.7,3.7,180.0,1011.83,7.0
48477,สัตหีบ,ชลบุรี,12.68333,100.98333,2026-09-30T16:00:00,32.2,68.0,25.6,0.0,4.7,7.4,360.0,1009.39,9.0
48477,สัตหีบ,ชลบุรี,12.68333,100.98333,2026-09-30T19:00:00,29.1,81.0,25.6,0.0,4.7,3.7,230.0,1010.97,8.0
48477,สัตหีบ,ชลบุรี,12.68333,100.98333,2026-09-30T22:00:00,28.5,85.0,25.7,0.0,4.7,0.0,0.0,1011.84,9.0
48478,ระยอง,ระยอง,12.63222,101.34361,2026-09-30T01:00:00,26.4,99.0,26.3,0.0,15.8,0.0,0.0,1012.38,8.0
48478,ระยอง,ระยอง,12.63222,101.34361,2026-09-30T04:00:00,26.0,99.0,25.8,0.0,0.4,0.0,0.0,1011.62,8.0
48478,ระยอง,ระยอง,12.63222,101.34361,2026-09-30T07:00:00,26.7,99.0,26.6,0.4,0.4,0.0,0.0,1012.38,8.0
48478,ระยอง,ระยอง,12.63222,101.34361,2026-09-30T10:00:00,30.7,76.0,26.1,0.0,0.4,5.6,170.0,1014.12,8.0
48478,ระยอง,ระยอง,12.63222,101.34361,2026-09-30T13:00:00,29.7,81.0,26.0,0.0,0.4,0.0,0.0,1012.53,8.0
48478,ระยอง,ระยอง,12.63222,101.34361,2026-09-30T16:00:00,30.8,73.0,25.3,0.0,0.4,3.7,250.0,1009.87,8.0
48478,ระยอง,ระยอง,12.63222,101.34361,2026-09-30T19:00:00,29.5,81.0,25.8,0.0,0.4,0.0,0.0,1011.31,8.0
48478,ระยอง,ระยอง,12.63222,101.34361,2026-09-30T22:00:00,28.5,92.0,27.1,0.0,0.4,0.0,0.0,1012.87,8.0
48479,ห้วยโป่ง สกษ.,ระยอง,12.735,101.135,2026-09-30T01:00:00,26.0,96.0,25.3,0.0,30.8,0.0,0.0,1012.56,8.0
48479,ห้วยโป่ง สกษ.,ระยอง,12.735,101.135,2026-09-30T04:00:00,24.7,99.0,24.5,3.6,4.2,0.0,0.0,1011.59,8.0
48479,ห้วยโป่ง สกษ.,ระยอง,12.735,101.135,2026-09-30T07:00:00,26.1,99.0,25.9,0.0,3.6,0.0,0.0,1012.98,9.0
48479,ห้วยโป่ง สกษ.,ระยอง,12.735,101.135,2026-09-30T10:00:00,31.5,74.0,26.3,0.0,3.6,0.0,0.0,1013.88,10.0
48479,ห้วยโป่ง สกษ.,ระยอง,12.735,101.135,2026-09-30T13:00:00,32.5,72.0,26.7,0.0,3.6,0.0,0.0,1011.93,10.0
48479,ห้วยโป่ง สกษ.,ระยอง,12.735,101.135,2026-09-30T16:00:00,30.6,78.0,26.4,0.6,4.2,0.0,0.0,1009.25,10.0
48479,ห้วยโป่ง สกษ.,ระยอง,12.735,101.135,2026-09-30T19:00:00,27.4,90.0,25.5,0.0,4.2,0.0,0.0,1011.21,10.0
48479,ห้วยโป่ง สกษ.,ระยอง,12.735,101.135,2026-09-30T22:00:00,26.2,96.0,25.5,0.0,4.2,0.0,0.0,1013.25,10.0
48480,จันทบุรี,จันทบุรี,12.61667,102.11333,2026-09-30T01:00:00,26.9,90.0,25.0,0.0,0.0,0.0,0.0,1012.5,8.0
48480,จันทบุรี,จันทบุรี,12.61667,102.11333,2026-09-30T04:00:00,25.5,93.0,24.2,0.0,0.0,0.0,0.0,1011.62,8.0
48480,จันทบุรี,จันทบุรี,12.61667,102.11333,2026-09-30T07:00:00,26.0,93.0,24.8,0.0,0.0,0.0,0.0,1012.94,8.0
48480,จันทบุรี,จันทบุรี,12.61667,102.11333,2026-09-30T10:00:00,32.5,70.0,26.2,0.0,0.0,0.0,0.0,1014.18,8.0
48480,จันทบุรี,จันทบุรี,12.61667,102.11333,2026-09-30T13:00:00,32.0,75.0,27.0,0.0,0.0,9.3,180.0,1011.84,8.0
48480,จันทบุรี,จันทบุรี,12.61667,102.11333,2026-09-30T16:00:00,31.5,76.0,26.6,0.0,0.0,5.6,180.0,1010.04,8.0
48480,จันทบุรี,จันทบุรี,12.61667,102.11333,2026-09-30T19:00:00,28.7,95.0,27.7,0.8,0.8,0.0,0.0,1011.54,7.0
48480,จันทบุรี,จันทบุรี,12.61667,102.11333,2026-09-30T22:00:00,26.8,94.0,25.7,0.0,0.8,0.0,0.0,1012.94,8.0
48481,พลิ้ว สกษ.,จันทบุรี,12.50861,102.17305,2026-09-30T01:00:00,25.8,98.0,25.5,0.0,0.0,3.7,40.0,1012.74,8.0
48481,พลิ้ว สกษ.,จันทบุรี,12.50861,102.17305,2026-09-30T04:00:00,25.2,98.0,24.9,0.0,0.0,0.0,0.0,1011.99,8.0
48481,พลิ้ว สกษ.,จันทบุรี,12.50861,102.17305,2026-09-30T07:00:00,25.6,99.0,25.4,0.0,0.0,0.0,0.0,1013.42,8.0
48481,พลิ้ว สกษ.,จันทบุรี,12.50861,102.17305,2026-09-30T10:00:00,33.2,69.0,26.7,0.0,0.0,5.6,190.0,1014.79,8.0
48481,พลิ้ว สกษ.,จันทบุรี,12.50861,102.17305,2026-09-30T13:00:00,31.6,82.0,28.0,12.6,12.6,3.7,170.0,1012.45,8.0
48481,พลิ้ว สกษ.,จันทบุรี,12.50861,102.17305,2026-09-30T16:00:00,33.4,71.0,27.4,0.0,12.6,1.9,330.0,1010.52,8.0
48481,พลิ้ว สกษ.,จันทบุรี,12.50861,102.17305,2026-09-30T19:00:00,27.6,93.0,26.3,0.0,12.6,1.9,50.0,1011.88,8.0
48481,พลิ้ว สกษ.,จันทบุรี,12.50861,102.17305,2026-09-30T22:00:00,26.8,98.0,26.4,0.0,12.6,0.0,0.0,1013.69,8.0
48500,ประจวบคีรีขันธ์,ประจวบคีรีขันธ์,11.83333,99.83333,2026-09-30T01:00:00,25.8,96.0,25.1,0.0,2.6,0.0,0.0,1013.5,10.0
48500,ประจวบคีรีขันธ์,ประจวบคีรีขันธ์,11.83333,99.83333,2026-09-30T04:00:00,25.3,95.0,24.4,0.0,2.6,0.0,0.0,1012.17,10.0
48500,ประจวบคีรีขันธ์,ประจวบคีรีขันธ์,11.83333,99.83333,2026-09-30T07:00:00,25.0,97.0,24.6,0.0,2.6,0.0,0.0,1012.75,10.0
48500,ประจวบคีรีขันธ์,ประจวบคีรีขันธ์,11.83333,99.83333,2026-09-30T10:00:00,31.0,79.0,26.8,0.0,2.6,7.4,160.0,1014.32,10.0
48500,ประจวบคีรีขันธ์,ประจวบคีรีขันธ์,11.83333,99.83333,2026-09-30T13:00:00,32.0,73.0,26.4,0.0,2.6,14.8,160.0,1012.6,10.0
48500,ประจวบคีรีขันธ์,ประจวบคีรีขันธ์,11.83333,99.83333,2026-09-30T16:00:00,32.5,70.0,26.2,0.0,0.0,7.4,160.0,1010.07,10.0
48500,ประจวบคีรีขันธ์,ประจวบคีรีขันธ์,11.83333,99.83333,2026-09-30T19:00:00,30.0,82.0,26.5,0.0,0.0,0.0,0.0,1011.41,10.0
48500,ประจวบคีรีขันธ์,ประจวบคีรีขันธ์,11.83333,99.83333,2026-09-30T22:00:00,27.4,85.0,24.7,0.0,0.0,0.0,0.0,1014.37,10.0
48501,ตราด,ตราด,11.76667,102.88333,2026-09-30T01:00:00,25.1,100.0,25.1,0.0,0.0,7.4,100.0,1012.32,8.0
48501,ตราด,ตราด,11.76667,102.88333,2026-09-30T04:00:00,24.3,100.0,24.3,0.0,0.0,5.6,90.0,1011.27,8.0
48501,ตราด,ตราด,11.76667,102.88333,2026-09-30T07:00:00,24.4,100.0,24.4,0.0,0.0,5.6,80.0,1012.85,7.0
48501,ตราด,ตราด,11.76667,102.88333,2026-09-30T10:00:00,30.0,81.0,26.4,0.0,0.0,3.7,270.0,1014.18,8.0
48501,ตราด,ตราด,11.76667,102.88333,2026-09-30T13:00:00,31.9,76.0,27.1,0.0,0.0,11.1,270.0,1011.94,8.0
48501,ตราด,ตราด,11.76667,102.88333,2026-09-30T16:00:00,30.1,83.0,26.9,0.0,0.0,3.7,240.0,1009.78,8.0
48501,ตราด,ตราด,11.76667,102.88333,2026-09-30T19:00:00,25.6,93.0,24.4,0.0,0.0,0.0,0.0,1011.91,7.0
48501,ตราด,ตราด,11.76667,102.88333,2026-09-30T22:00:00,25.5,99.0,25.3,0.0,0.0,3.7,100.0,1013.23,7.0
48517,ชุมพร,ชุมพร,10.49875,99.18847,2026-09-30T01:00:00,24.9,97.0,24.3,0.0,29.2,0.0,0.0,1013.01,8.0
48517,ชุมพร,ชุมพร,10.49875,99.18847,2026-09-30T04:00:00,24.9,97.0,24.3,0.0,29.2,0.0,0.0,1011.55,8.0
48517,ชุมพร,ชุมพร,10.49875,99.18847,2026-09-30T07:00:00,25.2,99.0,25.0,0.0,29.2,1.9,330.0,1012.22,8.0
48517,ชุมพร,ชุมพร,10.49875,99.18847,2026-09-30T10:00:00,32.2,68.0,25.6,0.0,29.2,3.7,120.0,1014.06,8.0
48517,ชุมพร,ชุมพร,10.49875,99.18847,2026-09-30T13:00:00,33.9,65.0,26.4,0.0,29.2,0.0,0.0,1011.93,8.0
48517,ชุมพร,ชุมพร,10.49875,99.18847,2026-09-30T16:00:00,31.5,70.0,25.4,0.0,25.2,3.7,270.0,1010.97,8.0
48517,ชุมพร,ชุมพร,10.49875,99.18847,2026-09-30T19:00:00,28.7,87.0,26.3,0.0,0.0,1.9,330.0,1011.95,8.0
48517,ชุมพร,ชุมพร,10.49875,99.18847,2026-09-30T22:00:00,26.2,95.0,25.3,0.0,0.0,1.9,320.0,1014.21,8.0
48520,สวี สกษ.,ชุมพร,10.33333,99.1,2026-09-30T01:00:00,25.4,94.0,24.4,0.0,0.0,0.0,0.0,1012.15,7.0
48520,สวี สกษ.,ชุมพร,10.33333,99.1,2026-09-30T04:00:00,25.4,94.0,24.4,0.0,0.0,0.0,0.0,1011.65,7.0
48520,สวี สกษ.,ชุมพร,10.33333,99.1,2026-09-30T07:00:00,25.4,94.0,24.4,0.0,0.0,0.0,0.0,1012.32,7.0
48520,สวี สกษ.,ชุมพร,10.33333,99.1,2026-09-30T10:00:00,32.5,67.0,25.5,0.0,0.0,0.0,0.0,1014.18,9.0
48520,สวี สกษ.,ชุมพร,10.33333,99.1,2026-09-30T13:00:00,33.3,58.0,24.0,0.0,0.0,14.8,50.0,1012.24,9.0
48520,สวี สกษ.,ชุมพร,10.33333,99.1,2026-09-30T16:00:00,29.5,78.0,25.2,0.0,0.0,0.0,0.0,1011.14,9.0
48520,สวี สกษ.,ชุมพร,10.33333,99.1,2026-09-30T19:00:00,27.7,88.0,25.6,0.0,0.0,0.0,0.0,1012.02,7.0
48520,สวี สกษ.,ชุมพร,10.33333,99.1,2026-09-30T22:00:00,26.2,92.0,24.8,0.0,0.0,0.0,0.0,1014.45,7.0
48532,ระนอง,ระนอง,9.98333,98.61667,2026-09-30T01:00:00,25.0,90.0,23.2,0.0,11.6,0.0,0.0,1013.52,10.0
48532,ระนอง,ระนอง,9.98333,98.61667,2026-09-30T04:00:00,24.3,89.0,22.4,0.0,11.6,0.0,0.0,1011.65,10.0
48532,ระนอง,ระนอง,9.98333,98.61667,2026-09-30T07:00:00,25.3,96.0,24.6,0.0,11.6,0.0,0.0,1013.59,10.0
48532,ระนอง,ระนอง,9.98333,98.61667,2026-09-30T10:00:00,31.4,74.0,26.2,0.0,11.6,0.0,0.0,1014.73,10.0
48532,ระนอง,ระนอง,9.98333,98.61667,2026-09-30T13:00:00,32.7,68.0,26.0,0.0,11.6,7.4,270.0,1013.04,10.0
48532,ระนอง,ระนอง,9.98333,98.61667,2026-09-30T16:00:00,27.7,93.0,26.4,0.2,11.8,3.7,110.0,1011.68,9.0
48532,ระนอง,ระนอง,9.98333,98.61667,2026-09-30T19:00:00,26.6,92.0,25.2,0.2,0.4,3.7,40.0,1012.46,10.0
48532,ระนอง,ระนอง,9.98333,98.61667,2026-09-30T22:00:00,25.5,88.0,23.3,0.0,0.4,0.0,0.0,1014.32,10.0
48550,เกาะสมุย,สุราษฎร์ธานี,9.46667,100.05,2026-09-30T01:00:00,28.3,94.0,27.3,0.0,0.0,0.0,0.0,1013.45,9.0
48550,เกาะสมุย,สุราษฎร์ธานี,9.46667,100.05,2026-09-30T04:00:00,27.3,95.0,26.4,0.0,0.0,3.7,310.0,1011.9,9.0
48550,เกาะสมุย,สุราษฎร์ธานี,9.46667,100.05,2026-09-30T07:00:00,28.7,95.0,27.9,0.0,0.0,0.0,0.0,1013.64,9.0
48550,เกาะสมุย,สุราษฎร์ธานี,9.46667,100.05,2026-09-30T10:00:00,29.4,92.0,27.9,2.0,2.0,0.0,0.0,1014.98,8.0
48550,เกาะสมุย,สุราษฎร์ธานี,9.46667,100.05,2026-09-30T13:00:00,30.1,85.0,27.2,0.01,2.0,5.6,140.0,1012.47,8.0
48550,เกาะสมุย,สุราษฎร์ธานี,9.46667,100.05,2026-09-30T16:00:00,30.0,83.0,26.8,0.0,2.0,0.0,0.0,1010.11,8.0
48550,เกาะสมุย,สุราษฎร์ธานี,9.46667,100.05,2026-09-30T19:00:00,28.3,95.0,27.5,0.0,2.0,1.9,220.0,1012.12,8.0
48550,เกาะสมุย,สุราษฎร์ธานี,9.46667,100.05,2026-09-30T22:00:00,28.4,95.0,27.6,0.0,2.0,0.0,0.0,1015.28,9.0
48551,สุราษฎร์ธานี,สุราษฎร์ธานี,9.13556,99.15194,2026-09-30T01:00:00,24.2,99.0,24.0,0.0,0.0,0.0,0.0,1013.65,9.0
48551,สุราษฎร์ธานี,สุราษฎร์ธานี,9.13556,99.15194,2026-09-30T04:00:00,24.1,99.0,23.9,0.0,0.0,0.0,0.0,1011.67,8.0
48551,สุราษฎร์ธานี,สุราษฎร์ธานี,9.13556,99.15194,2026-09-30T07:00:00,24.1,99.0,23.9,0.0,0.0,0.0,0.0,1012.99,8.0
48551,สุราษฎร์ธานี,สุราษฎร์ธานี,9.13556,99.15194,2026-09-30T10:00:00,30.9,76.0,26.1,0.0,0.0,0.0,0.0,1015.36,10.0
48551,สุราษฎร์ธานี,สุราษฎร์ธานี,9.13556,99.15194,2026-09-30T13:00:00,32.9,62.0,24.5,0.0,0.0,0.0,0.0,1012.84,10.0
48551,สุราษฎร์ธานี,สุราษฎร์ธานี,9.13556,99.15194,2026-09-30T16:00:00,31.7,71.0,25.8,0.0,0.0,7.4,150.0,1010.32,10.0
48551,สุราษฎร์ธานี,สุราษฎร์ธานี,9.13556,99.15194,2026-09-30T19:00:00,25.6,99.0,25.4,0.0,0.0,7.4,320.0,1012.98,9.0
48551,สุราษฎร์ธานี,สุราษฎร์ธานี,9.13556,99.15194,2026-09-30T22:00:00,24.6,99.0,24.4,6.6,6.6,0.0,0.0,1014.98,8.0
48552,นครศรีธรรมราช,นครศรีธรรมราช,8.53778,99.94722,2026-09-30T01:00:00,26.2,91.0,24.6,0.0,0.0,0.0,0.0,1012.54,10.0
48552,นครศรีธรรมราช,นครศรีธรรมราช,8.53778,99.94722,2026-09-30T04:00:00,25.2,93.0,24.0,0.0,0.0,0.0,0.0,1009.89,10.0
48552,นครศรีธรรมราช,นครศรีธรรมราช,8.53778,99.94722,2026-09-30T07:00:00,26.2,90.0,24.5,0.0,0.0,0.0,0.0,1012.54,8.0
48552,นครศรีธรรมราช,นครศรีธรรมราช,8.53778,99.94722,2026-09-30T10:00:00,28.4,88.0,26.1,0.0,0.0,0.0,0.0,1014.64,10.0
48552,นครศรีธรรมราช,นครศรีธรรมราช,8.53778,99.94722,2026-09-30T13:00:00,33.2,62.0,24.9,0.0,0.0,9.3,200.0,1012.68,10.0
48552,นครศรีธรรมราช,นครศรีธรรมราช,8.53778,99.94722,2026-09-30T16:00:00,31.7,73.0,26.3,0.0,0.0,0.0,0.0,1009.79,10.0
48552,นครศรีธรรมราช,นครศรีธรรมราช,8.53778,99.94722,2026-09-30T19:00:00,28.3,88.0,26.0,0.0,0.0,0.0,0.0,1011.79,10.0
48552,นครศรีธรรมราช,นครศรีธรรมราช,8.53778,99.94722,2026-09-30T22:00:00,26.0,93.0,24.7,2.2,2.2,0.0,0.0,1013.91,8.0
48554,นครศรีธรรมราช สกษ.,นครศรีธรรมราช,8.35931,100.0,2026-09-30T01:00:00,26.3,98.0,25.9,0.0,3.2,0.0,0.0,1012.54,10.0
48554,นครศรีธรรมราช สกษ.,นครศรีธรรมราช,8.35931,100.0,2026-09-30T04:00:00,25.4,98.0,25.1,0.0,3.2,0.0,0.0,1010.91,10.0
48554,นครศรีธรรมราช สกษ.,นครศรีธรรมราช,8.35931,100.0,2026-09-30T07:00:00,25.6,99.0,25.4,0.0,3.2,0.0,0.0,1012.76,10.0
48554,นครศรีธรรมราช สกษ.,นครศรีธรรมราช,8.35931,100.0,2026-09-30T10:00:00,28.3,91.0,26.6,0.01,3.2,3.7,10.0,1015.1,8.0
48554,นครศรีธรรมราช สกษ.,นครศรีธรรมราช,8.35931,100.0,2026-09-30T13:00:00,31.0,73.0,25.5,10.0,13.2,3.7,150.0,1012.11,10.0
48554,นครศรีธรรมราช สกษ.,นครศรีธรรมราช,8.35931,100.0,2026-09-30T16:00:00,31.6,71.0,25.7,0.0,10.0,5.6,40.0,1009.8,10.0
48554,นครศรีธรรมราช สกษ.,นครศรีธรรมราช,8.35931,100.0,2026-09-30T19:00:00,28.1,82.0,24.7,0.0,10.0,7.4,210.0,1011.96,10.0
48554,นครศรีธรรมราช สกษ.,นครศรีธรรมราช,8.35931,100.0,2026-09-30T22:00:00,25.8,96.0,25.1,0.0,10.0,0.0,0.0,1014.72,10.0
48555,สุราษฎร์ธานี สกษ.,สุราษฎร์ธานี,9.1,99.63333,2026-09-30T01:00:00,24.9,93.0,23.7,0.0,41.8,0.0,0.0,1015.01,7.0
48555,สุราษฎร์ธานี สกษ.,สุราษฎร์ธานี,9.1,99.63333,2026-09-30T04:00:00,24.5,96.0,23.8,0.0,41.8,0.0,0.0,1013.18,7.0
48555,สุราษฎร์ธานี สกษ.,สุราษฎร์ธานี,9.1,99.63333,2026-09-30T07:00:00,24.3,96.0,23.6,0.0,41.8,0.0,0.0,1014.59,7.0
48555,สุราษฎร์ธานี สกษ.,สุราษฎร์ธานี,9.1,99.63333,2026-09-30T10:00:00,31.9,71.0,26.0,0.0,41.8,0.0,0.0,1016.26,10.0
48555,สุราษฎร์ธานี สกษ.,สุราษฎร์ธานี,9.1,99.63333,2026-09-30T13:00:00,27.0,80.0,23.3,3.2,45.0,0.0,0.0,1014.83,8.0
48555,สุราษฎร์ธานี สกษ.,สุราษฎร์ธานี,9.1,99.63333,2026-09-30T16:00:00,31.3,70.0,25.2,0.7,3.9,0.0,0.0,1011.53,10.0
48555,สุราษฎร์ธานี สกษ.,สุราษฎร์ธานี,9.1,99.63333,2026-09-30T19:00:00,28.3,83.0,25.2,0.0,3.9,0.0,0.0,1013.65,9.0
48555,สุราษฎร์ธานี สกษ.,สุราษฎร์ธานี,9.1,99.63333,2026-09-30T22:00:00,25.9,89.0,24.0,0.0,3.9,0.0,0.0,1016.75,9.0
48556,พระแสง สอท.,สุราษฎร์ธานี,8.57022,99.25825,2026-09-30T01:00:00,25.4,93.0,24.2,0.0,2.9,0.0,0.0,1012.81,8.0
48556,พระแสง สอท.,สุราษฎร์ธานี,8.57022,99.25825,2026-09-30T04:00:00,25.2,94.0,24.2,0.0,2.9,0.0,0.0,1011.81,8.0
48556,พระแสง สอท.,สุราษฎร์ธานี,8.57022,99.25825,2026-09-30T07:00:00,25.0,96.0,24.3,0.0,2.9,0.0,0.0,1012.75,0.8
48556,พระแสง สอท.,สุราษฎร์ธานี,8.57022,99.25825,2026-09-30T10:00:00,30.2,80.0,26.3,0.0,2.9,3.7,160.0,1014.82,10.0
48556,พระแสง สอท.,สุราษฎร์ธานี,8.57022,99.25825,2026-09-30T13:00:00,32.4,66.0,25.2,0.0,2.9,3.7,120.0,1012.71,10.0
48556,พระแสง สอท.,สุราษฎร์ธานี,8.57022,99.25825,2026-09-30T16:00:00,30.5,71.0,24.7,0.0,2.9,7.4,270.0,1010.28,10.0
48556,พระแสง สอท.,สุราษฎร์ธานี,8.57022,99.25825,2026-09-30T19:00:00,27.0,84.0,24.1,0.0,0.0,3.7,150.0,1012.66,8.0
48556,พระแสง สอท.,สุราษฎร์ธานี,8.57022,99.25825,2026-09-30T22:00:00,25.6,92.0,24.1,0.0,0.0,0.0,0.0,1014.76,8.0
48557,ฉวาง,นครศรีธรรมราช,8.42472,99.50667,2026-09-30T04:00:00,24.9,97.0,24.5,0.0,0.0,0.0,0.0,1011.35,6.0
48557,ฉวาง,นครศรีธรรมราช,8.42472,99.50667,2026-09-30T07:00:00,25.0,98.0,24.7,0.0,0.0,0.0,0.0,1012.38,8.0
48557,ฉวาง,นครศรีธรรมราช,8.42472,99.50667,2026-09-30T10:00:00,30.4,72.0,24.9,0.0,0.0,0.0,0.0,1014.08,10.0
48557,ฉวาง,นครศรีธรรมราช,8.42472,99.50667,2026-09-30T13:00:00,33.0,64.0,25.3,0.0,0.0,3.7,250.0,1012.34,12.0
48557,ฉวาง,นครศรีธรรมราช,8.42472,99.50667,2026-09-30T16:00:00,30.9,71.0,25.1,0.0,0.0,5.6,120.0,1010.06,10.0
48557,ฉวาง,นครศรีธรรมราช,8.42472,99.50667,2026-09-30T19:00:00,26.5,90.0,24.8,0.0,0.0,0.0,0.0,1012.35,8.0
48557,ฉวาง,นครศรีธรรมราช,8.42472,99.50667,2026-09-30T22:00:00,25.6,97.0,25.0,0.0,0.0,0.0,0.0,1014.27,7.0
48560,พัทลุง สกษ.,พัทลุง,7.58333,100.16667,2026-09-30T01:00:00,25.6,99.0,25.4,0.0,0.0,0.0,0.0,1012.24,8.0
48560,พัทลุง สกษ.,พัทลุง,7.58333,100.16667,2026-09-30T04:00:00,25.5,100.0,25.5,0.0,0.0,0.0,0.0,1011.2,8.0
48560,พัทลุง สกษ.,พัทลุง,7.58333,100.16667,2026-09-30T07:00:00,25.7,100.0,25.7,0.0,0.0,0.0,0.0,1012.63,8.0
48560,พัทลุง สกษ.,พัทลุง,7.58333,100.16667,2026-09-30T10:00:00,31.2,87.0,28.7,0.6,0.6,0.0,0.0,1014.48,10.0
48560,พัทลุง สกษ.,พัทลุง,7.58333,100.16667,2026-09-30T13:00:00,34.4,68.0,27.7,0.0,0.6,0.0,0.0,1012.4,10.0
48560,พัทลุง สกษ.,พัทลุง,7.58333,100.16667,2026-09-30T16:00:00,31.4,76.0,26.7,0.0,0.6,3.7,20.0,1009.66,10.0
48560,พัทลุง สกษ.,พัทลุง,7.58333,100.16667,2026-09-30T19:00:00,26.6,95.0,25.7,0.1,0.7,0.0,0.0,1012.21,8.0
48560,พัทลุง สกษ.,พัทลุง,7.58333,100.16667,2026-09-30T22:00:00,25.6,100.0,25.6,2.6,3.3,0.0,0.0,1013.91,8.0
48561,ตะกั่วป่า,พังงา,8.68417,98.25222,2026-09-30T01:00:00,25.0,99.0,24.8,0.0,60.2,0.0,0.0,1012.9,10.0
48561,ตะกั่วป่า,พังงา,8.68417,98.25222,2026-09-30T04:00:00,24.5,99.0,24.3,0.0,60.2,0.0,0.0,1011.0,10.0
48561,ตะกั่วป่า,พังงา,8.68417,98.25222,2026-09-30T07:00:00,24.5,96.0,23.8,0.0,55.8,0.0,0.0,1012.42,8.0
48561,ตะกั่วป่า,พังงา,8.68417,98.25222,2026-09-30T10:00:00,30.1,83.0,26.9,0.0,55.4,5.6,250.0,1014.27,9.0
48561,ตะกั่วป่า,พังงา,8.68417,98.25222,2026-09-30T13:00:00,28.6,88.0,26.4,0.0,55.4,5.6,270.0,1013.69,10.0
48561,ตะกั่วป่า,พังงา,8.68417,98.25222,2026-09-30T16:00:00,28.5,90.0,26.7,0.2,55.6,0.0,0.0,1010.79,10.0
48561,ตะกั่วป่า,พังงา,8.68417,98.25222,2026-09-30T19:00:00,27.3,90.0,25.4,0.0,0.2,0.0,0.0,1011.9,10.0
48561,ตะกั่วป่า,พังงา,8.68417,98.25222,2026-09-30T22:00:00,25.6,99.0,25.4,0.0,0.2,0.0,0.0,1008.96,10.0
48563,กระบี่,กระบี่,8.10361,98.97528,2026-09-30T01:00:00,25.4,99.0,25.2,0.0,0.8,0.0,0.0,1013.16,10.0
48563,กระบี่,กระบี่,8.10361,98.97528,2026-09-30T04:00:00,24.6,99.0,24.4,0.0,0.8,0.0,0.0,1011.86,10.0
48563,กระบี่,กระบี่,8.10361,98.97528,2026-09-30T07:00:00,25.0,99.0,24.8,0.0,0.8,0.0,0.0,1013.05,8.0
48563,กระบี่,กระบี่,8.10361,98.97528,2026-09-30T10:00:00,31.2,75.0,26.3,0.0,0.8,0.0,0.0,1014.83,10.0
48563,กระบี่,กระบี่,8.10361,98.97528,2026-09-30T13:00:00,32.1,63.0,24.2,0.0,0.0,0.0,0.0,1012.7,8.0
48563,กระบี่,กระบี่,8.10361,98.97528,2026-09-30T16:00:00,30.3,80.0,26.5,0.0,0.0,0.0,0.0,1010.84,10.0
48563,กระบี่,กระบี่,8.10361,98.97528,2026-09-30T19:00:00,25.7,98.0,25.4,2.4,2.4,0.0,0.0,1013.06,10.0
48563,กระบี่,กระบี่,8.10361,98.97528,2026-09-30T22:00:00,24.9,98.0,24.6,0.0,2.4,0.0,0.0,1014.56,10.0
48564,ภูเก็ต,ภูเก็ต,7.88333,98.4,2026-09-30T01:00:00,26.6,87.0,24.3,0.0,0.0,0.0,0.0,1012.18,10.0
48564,ภูเก็ต,ภูเก็ต,7.88333,98.4,2026-09-30T04:00:00,25.8,90.0,24.1,0.0,0.0,0.0,0.0,1011.78,10.0
48564,ภูเก็ต,ภูเก็ต,7.88333,98.4,2026-09-30T07:00:00,26.1,90.0,24.4,0.0,0.0,0.0,0.0,1013.05,10.0
48564,ภูเก็ต,ภูเก็ต,7.88333,98.4,2026-09-30T10:00:00,31.0,69.0,24.6,0.0,0.0,0.0,0.0,1014.2,10.0
48564,ภูเก็ต,ภูเก็ต,7.88333,98.4,2026-09-30T13:00:00,32.5,68.0,25.9,0.2,0.2,7.4,250.0,1012.77,10.0
48564,ภูเก็ต,ภูเก็ต,7.88333,98.4,2026-09-30T16:00:00,28.1,86.0,25.5,4.6,4.8,7.4,250.0,1011.09,10.0
48564,ภูเก็ต,ภูเก็ต,7.88333,98.4,2026-09-30T19:00:00,28.7,82.0,25.3,0.0,4.8,7.4,250.0,1012.55,10.0
48564,ภูเก็ต,ภูเก็ต,7.88333,98.4,2026-09-30T22:00:00,26.5,89.0,24.5,0.0,4.8,0.0,0.0,1014.03,10.0
48565,ภูเก็ต (ศูนย์ฯ),ภูเก็ต,8.145,98.31444,2026-09-30T01:00:00,26.6,87.0,24.3,0.0,6.2,0.0,0.0,1012.82,10.0
48565,ภูเก็ต (ศูนย์ฯ),ภูเก็ต,8.145,98.31444,2026-09-30T04:00:00,25.6,90.0,23.8,0.0,6.2,0.0,0.0,1011.78,10.0
48565,ภูเก็ต (ศูนย์ฯ),ภูเก็ต,8.145,98.31444,2026-09-30T07:00:00,26.2,99.0,26.0,0.0,6.2,0.0,0.0,1012.41,9.0
48565,ภูเก็ต (ศูนย์ฯ),ภูเก็ต,8.145,98.31444,2026-09-30T10:00:00,30.6,73.0,25.2,0.0,6.2,0.0,0.0,1014.05,10.0
48565,ภูเก็ต (ศูนย์ฯ),ภูเก็ต,8.145,98.31444,2026-09-30T13:00:00,31.2,70.0,25.0,0.0,6.2,9.3,290.0,1012.8,10.0
48565,ภูเก็ต (ศูนย์ฯ),ภูเก็ต,8.145,98.31444,2026-09-30T16:00:00,30.5,71.0,24.7,0.0,0.0,0.0,0.0,1010.98,10.0
48565,ภูเก็ต (ศูนย์ฯ),ภูเก็ต,8.145,98.31444,2026-09-30T19:00:00,28.5,84.0,25.5,0.2,0.2,5.6,220.0,1011.93,10.0
48565,ภูเก็ต (ศูนย์ฯ),ภูเก็ต,8.145,98.31444,2026-09-30T22:00:00,26.0,90.0,24.3,1.0,1.2,0.0,0.0,1014.01,10.0
48566,เกาะลันตา,กระบี่,7.53333,99.05,2026-09-30T01:00:00,26.0,90.0,24.3,0.0,0.6,0.0,0.0,1012.94,10.0
48566,เกาะลันตา,กระบี่,7.53333,99.05,2026-09-30T04:00:00,25.8,93.0,24.6,0.0,0.6,0.0,0.0,1011.62,10.0
48566,เกาะลันตา,กระบี่,7.53333,99.05,2026-09-30T07:00:00,27.0,94.0,25.9,0.0,0.6,0.0,0.0,1013.08,10.0
48566,เกาะลันตา,กระบี่,7.53333,99.05,2026-09-30T10:00:00,31.6,72.0,26.0,0.0,0.0,0.0,0.0,1014.62,10.0
48566,เกาะลันตา,กระบี่,7.53333,99.05,2026-09-30T13:00:00,31.0,63.0,23.2,0.0,0.0,5.6,290.0,1013.0,10.0
48566,เกาะลันตา,กระบี่,7.53333,99.05,2026-09-30T16:00:00,28.1,79.0,24.2,0.4,0.4,14.8,240.0,1010.93,8.0
48566,เกาะลันตา,กระบี่,7.53333,99.05,2026-09-30T19:00:00,27.7,81.0,24.2,0.2,0.6,11.1,280.0,1012.81,10.0
48566,เกาะลันตา,กระบี่,7.53333,99.05,2026-09-30T22:00:00,26.6,88.0,24.4,0.0,0.6,0.0,0.0,1014.39,10.0
48567,ตรัง,ตรัง,7.51667,99.61667,2026-09-30T01:00:00,25.1,93.0,23.9,0.0,0.0,0.0,0.0,1012.57,10.0
48567,ตรัง,ตรัง,7.51667,99.61667,2026-09-30T04:00:00,24.6,94.0,23.6,0.0,0.0,0.0,0.0,1011.01,8.0
48567,ตรัง,ตรัง,7.51667,99.61667,2026-09-30T07:00:00,24.7,95.0,23.8,0.0,0.0,0.0,0.0,1012.87,4.0
48567,ตรัง,ตรัง,7.51667,99.61667,2026-09-30T10:00:00,32.9,65.0,25.5,0.0,0.0,0.0,0.0,1014.59,7.0
48567,ตรัง,ตรัง,7.51667,99.61667,2026-09-30T13:00:00,33.0,55.0,22.7,0.0,0.0,0.0,0.0,1012.05,8.0
48567,ตรัง,ตรัง,7.51667,99.61667,2026-09-30T16:00:00,24.6,93.0,23.4,22.6,22.6,0.0,0.0,1011.55,9.0
48567,ตรัง,ตรัง,7.51667,99.61667,2026-09-30T19:00:00,24.7,92.0,23.2,0.0,22.6,0.0,0.0,1012.97,9.0
48567,ตรัง,ตรัง,7.51667,99.61667,2026-09-30T22:00:00,24.2,93.0,23.0,0.0,22.6,0.0,0.0,1014.4,9.0
48568,สงขลา,สงขลา,7.18211,100.60769,2026-09-30T01:00:00,26.6,85.0,23.8,0.01,0.01,7.4,240.0,1012.04,10.0
48568,สงขลา,สงขลา,7.18211,100.60769,2026-09-30T04:00:00,25.3,91.0,23.7,1.8,1.8,1.9,200.0,1011.35,8.0
48568,สงขลา,สงขลา,7.18211,100.60769,2026-09-30T07:00:00,26.5,87.0,24.2,0.0,1.8,3.7,230.0,1012.93,8.0
48568,สงขลา,สงขลา,7.18211,100.60769,2026-09-30T10:00:00,31.2,72.0,25.6,0.0,1.8,5.6,60.0,1014.96,8.0
48568,สงขลา,สงขลา,7.18211,100.60769,2026-09-30T13:00:00,31.5,71.0,25.6,0.0,1.8,11.1,60.0,1012.4,9.0
48568,สงขลา,สงขลา,7.18211,100.60769,2026-09-30T16:00:00,31.7,66.0,24.6,0.0,1.8,11.1,70.0,1010.3,10.0
48568,สงขลา,สงขลา,7.18211,100.60769,2026-09-30T19:00:00,26.7,81.0,23.2,0.0,1.8,9.3,250.0,1012.34,10.0
48568,สงขลา,สงขลา,7.18211,100.60769,2026-09-30T22:00:00,25.8,85.0,23.2,0.01,1.8,7.4,250.0,1014.33,10.0
48569,หาดใหญ่,สงขลา,6.91667,100.43333,2026-09-30T01:00:00,25.0,94.0,24.0,0.0,0.0,3.7,990.0,1013.12,6.0
48569,หาดใหญ่,สงขลา,6.91667,100.43333,2026-09-30T04:00:00,25.0,97.0,24.4,0.0,0.0,3.7,990.0,1011.26,5.0
48569,หาดใหญ่,สงขลา,6.91667,100.43333,2026-09-30T07:00:00,24.8,96.0,24.1,0.0,0.0,3.7,240.0,1012.95,3.0
48569,หาดใหญ่,สงขลา,6.91667,100.43333,2026-09-30T10:00:00,30.7,74.0,25.5,0.0,0.0,7.4,990.0,1014.75,8.0
48569,หาดใหญ่,สงขลา,6.91667,100.43333,2026-09-30T13:00:00,32.4,62.0,24.1,0.0,0.0,7.4,990.0,1011.82,10.0
48569,หาดใหญ่,สงขลา,6.91667,100.43333,2026-09-30T16:00:00,26.8,84.0,23.9,0.0,0.0,22.2,190.0,1010.51,10.0
48569,หาดใหญ่,สงขลา,6.91667,100.43333,2026-09-30T19:00:00,25.3,92.0,24.0,0.0,0.0,5.6,160.0,1012.91,10.0
48569,หาดใหญ่,สงขลา,6.91667,100.43333,2026-09-30T22:00:00,24.7,94.0,23.7,0.0,0.0,5.6,150.0,1014.77,10.0
48570,สตูล,สตูล,6.65,100.08333,2026-09-30T01:00:00,26.3,98.0,25.9,0.0,11.0,0.0,0.0,1013.17,10.0
48570,สตูล,สตูล,6.65,100.08333,2026-09-30T04:00:00,25.7,97.0,25.3,0.0,11.0,0.0,0.0,1011.19,10.0
48570,สตูล,สตูล,6.65,100.08333,2026-09-30T07:00:00,26.0,96.0,25.3,0.0,0.0,0.0,0.0,1013.13,10.0
48570,สตูล,สตูล,6.65,100.08333,2026-09-30T10:00:00,33.2,74.0,27.9,0.0,0.0,0.0,0.0,1014.74,10.0
48570,สตูล,สตูล,6.65,100.08333,2026-09-30T13:00:00,30.6,84.0,27.6,0.0,0.0,0.0,0.0,1012.5,10.0
48570,สตูล,สตูล,6.65,100.08333,2026-09-30T16:00:00,25.2,97.0,24.8,46.8,46.8,0.0,0.0,1011.8,6.0
48570,สตูล,สตูล,6.65,100.08333,2026-09-30T19:00:00,25.2,97.0,24.8,8.2,55.0,0.0,0.0,1013.26,10.0
48570,สตูล,สตูล,6.65,100.08333,2026-09-30T22:00:00,24.8,97.0,24.2,0.0,55.0,0.0,0.0,1014.59,10.0
48571,คอหงษ์ สกษ.,สงขลา,7.0,100.5,2026-09-30T01:00:00,25.3,91.0,23.7,0.0,0.0,0.0,0.0,1013.44,10.0
48571,คอหงษ์ สกษ.,สงขลา,7.0,100.5,2026-09-30T04:00:00,24.9,92.0,23.4,0.0,0.0,0.0,0.0,1011.56,10.0
48571,คอหงษ์ สกษ.,สงขลา,7.0,100.5,2026-09-30T07:00:00,25.6,92.0,24.1,0.0,0.0,0.0,0.0,1012.57,10.0
48571,คอหงษ์ สกษ.,สงขลา,7.0,100.5,2026-09-30T10:00:00,31.2,75.0,26.2,0.0,0.0,0.0,0.0,1014.12,12.0
48571,คอหงษ์ สกษ.,สงขลา,7.0,100.5,2026-09-30T13:00:00,32.7,64.0,24.9,0.0,0.0,0.0,0.0,1011.43,12.0
48571,คอหงษ์ สกษ.,สงขลา,7.0,100.5,2026-09-30T16:00:00,30.2,70.0,24.0,0.0,0.0,7.4,150.0,1010.29,11.0
48571,คอหงษ์ สกษ.,สงขลา,7.0,100.5,2026-09-30T19:00:00,25.9,85.0,23.1,0.0,0.0,0.0,0.0,1012.71,10.0
48571,คอหงษ์ สกษ.,สงขลา,7.0,100.5,2026-09-30T22:00:00,25.1,89.0,23.2,0.0,0.0,0.0,0.0,1014.35,10.0
48574,สะเดา,สงขลา,6.79806,100.39056,2026-09-30T01:00:00,25.2,98.0,24.9,0.0,0.0,0.0,0.0,1013.15,10.0
48574,สะเดา,สงขลา,6.79806,100.39056,2026-09-30T04:00:00,24.8,98.0,24.5,0.0,0.0,0.0,0.0,1011.1,6.0
48574,สะเดา,สงขลา,6.79806,100.39056,2026-09-30T07:00:00,25.0,97.0,24.6,0.0,0.0,0.0,0.0,1012.9,4.0
48574,สะเดา,สงขลา,6.79806,100.39056,2026-09-30T10:00:00,31.4,71.0,25.5,0.0,0.0,0.0,0.0,1014.47,10.0
48574,สะเดา,สงขลา,6.79806,100.39056,2026-09-30T13:00:00,33.2,56.0,23.1,0.0,0.0,7.4,90.0,1011.47,10.0
48574,สะเดา,สงขลา,6.79806,100.39056,2026-09-30T16:00:00,24.5,96.0,23.8,18.2,18.2,14.8,230.0,1011.13,9.0
48574,สะเดา,สงขลา,6.79806,100.39056,2026-09-30T19:00:00,24.6,95.0,23.7,0.4,18.6,0.0,0.0,1012.91,10.0
48574,สะเดา,สงขลา,6.79806,100.39056,2026-09-30T22:00:00,24.0,99.0,23.8,0.0,18.6,0.0,0.0,1014.73,10.0
48580,ปัตตานี,ปัตตานี,6.78333,101.15,2026-09-30T07:00:00,24.4,99.0,24.2,0.0,5.6,0.0,0.0,1011.93,10.0
48580,ปัตตานี,ปัตตานี,6.78333,101.15,2026-09-30T10:00:00,32.1,73.0,26.7,0.0,5.6,7.4,150.0,1014.37,10.0
48580,ปัตตานี,ปัตตานี,6.78333,101.15,2026-09-30T13:00:00,33.0,73.0,27.5,0.0,5.6,5.6,80.0,1011.84,10.0
48580,ปัตตานี,ปัตตานี,6.78333,101.15,2026-09-30T16:00:00,27.4,85.0,24.7,0.0,1.2,5.6,240.0,1010.15,10.0
48580,ปัตตานี,ปัตตานี,6.78333,101.15,2026-09-30T19:00:00,26.0,90.0,24.3,0.0,0.0,9.3,250.0,1012.71,10.0
48580,ปัตตานี,ปัตตานี,6.78333,101.15,2026-09-30T22:00:00,25.3,93.0,24.1,0.0,0.0,0.0,0.0,1014.34,10.0
48581,ยะลา สกษ.,ยะลา,6.51667,101.28333,2026-09-30T07:00:00,24.2,98.0,23.9,0.0,8.7,9.3,240.0,1012.48,6.0
48581,ยะลา สกษ.,ยะลา,6.51667,101.28333,2026-09-30T10:00:00,32.4,73.0,26.9,0.0,8.7,9.3,20.0,1013.75,8.0
48581,ยะลา สกษ.,ยะลา,6.51667,101.28333,2026-09-30T13:00:00,35.0,57.0,25.2,0.0,8.7,7.4,150.0,1011.01,10.0
48581,ยะลา สกษ.,ยะลา,6.51667,101.28333,2026-09-30T16:00:00,27.1,87.0,24.8,1.3,10.0,3.7,350.0,1009.76,8.0
48581,ยะลา สกษ.,ยะลา,6.51667,101.28333,2026-09-30T19:00:00,25.8,90.0,24.1,0.0,1.3,11.1,240.0,1012.04,8.0
48581,ยะลา สกษ.,ยะลา,6.51667,101.28333,2026-09-30T22:00:00,24.6,95.0,23.7,0.0,1.3,9.3,240.0,1014.44,8.0
48583,นราธิวาส,นราธิวาส,6.41667,101.81667,2026-09-30T07:00:00,26.2,86.0,23.7,1.4,1.4,0.0,0.0,1012.75,9.0
48583,นราธิวาส,นราธิวาส,6.41667,101.81667,2026-09-30T10:00:00,31.5,65.0,24.0,0.0,1.4,0.0,0.0,1014.24,10.0
48583,นราธิวาส,นราธิวาส,6.41667,101.81667,2026-09-30T13:00:00,33.0,61.0,24.5,0.0,1.4,14.8,70.0,1011.85,10.0
48583,นราธิวาส,นราธิวาส,6.41667,101.81667,2026-09-30T16:00:00,31.5,66.0,24.4,0.0,1.4,13.0,70.0,1009.46,10.0
48583,นราธิวาส,นราธิวาส,6.41667,101.81667,2026-09-30T19:00:00,27.8,79.0,23.7,0.0,1.4,0.0,0.0,1012.14,10.0
48583,นราธิวาส,นราธิวาส,6.41667,101.81667,2026-09-30T22:00:00,26.2,79.0,22.2,0.0,1.4,0.0,0.0,1014.53,10.0
