id,name,agency,lat,lon,pop_density
1,คลองลาดพร้าว วัดบางบัว,สสน.,13.85402,100.58746,9215
10,คลองภาษีเจริญ เพชรเกษม69,สสน.,13.69158,100.38127,8094
1018,ชุมชนเขาสามยอด (บ้านน้ำจั้น หมู่ 2),ทน.,14.825584,100.69195,202
1020,บ้านรังเตี้ย,ทน.,15.210777,100.932682,39
1021,บ้านโคกแสมสาร,ทน.,15.336768,100.831599,117
1022,บ้านหนองคล้า,ทน.,14.490439,101.040808,149
1023,บ้านโป่งก้อนเส้า,ทน.,14.491639,101.135569,43
1024,บ้านถ้ำมงกุฎ,ทน.,14.678451,100.846683,1401
1025,บ้านเจ้าพ่อเขาตก,ทน.,14.693386,100.784861,562
1026,บ้านหินลับ,ทน.,14.672587,101.126529,157
1027,บ้านโป่งไทร,ทน.,15.001741,101.369572,27
1028,บ้านหนองเอี่ยวใน,ทน.,14.900096,101.321716,43
1030,บ้านคลองกระท้อน,ทน.,12.823198,101.381608,76
1031,บ้านคลองขนุน,ทน.,12.894996,101.370717,116
1032,บ้านเจ็ดลูกเนิน,ทน.,12.777539,101.3988,121
1033,บ้านคลองป่าหวาย,ทน.,12.978503,101.399368,26
1034,บ้านใหม่สามัคคี,ทน.,12.822681,101.147927,623
1035,บ้านกงษีไร่ (หมู่ 6),ทน.,12.489468,102.230779,91
1036,บ้านเขาอ่าง,ทน.,12.606109,102.242353,65
1037,บ้านสะโทย,ทน.,12.561464,102.265038,54
1038,บ้านคลองกะพง,ทน.,12.709741,102.053537,58
1040,บ้านดงจิก,ทน.,12.992358,102.304401,44
1041,บ้านตะบกเตี้ย,ทน.,12.822394,102.233618,41
1042,บ้านตามูล,ทน.,13.081181,102.261012,135
1044,บ้านโป่งเกตุ,ทน.,13.146923,101.978621,34
1046,บ้านวังยายมุก,ทน.,12.92717,102.015565,37
1047,บ้านจันตาแป๊ะ,ทน.,13.035104,102.108348,21
1048,บ้านตาบาด,ทน.,12.60122,102.567709,119
1049,บ้านหนองบอน,ทน.,12.681499,102.466076,121
1052,บ้านสลักเพชรเหนือ,ทน.,12.009583,102.366823,38
1054,บ้านวังหิน,ทน.,14.263495,101.891589,111
1055,ที่ทำการน้ำตกนางรอง,ทน.,14.333356,101.320856,79
1057,บ้านเขาเลื่อมใต้,ทน.,13.406297,102.304654,78
1058,บ้านหนองแวง,ทน.,13.591549,102.257092,88
106,อบต.วังม่วง,สสน.,14.84867,101.14549,199
1060,บ้านซับแม็ก,ทน.,13.874664,102.42264,180
1061,บ้านบีกริม,ทน.,13.638481,102.393412,71
1062,บ้านด่าน,ทน.,13.721552,102.465027,313
1063,บ้านนาคันหัก,ทน.,13.608058,102.049221,409
1064,บ้านซับสมบูรณ์,ทน.,13.950064,102.556857,56
1066,บ้านหนองไผ่,ทน.,14.967927,101.56721,71
1067,บ้านเขายายเที่ยง,ทน.,14.805396,101.567403,66
1068,บ้านวังกะทะ,ทน.,14.535877,101.630446,34
1069,บ้านคลองอีเฒ่า,ทน.,14.499696,101.700696,31
1070,บ้านคลองเพล,ทน.,14.516402,101.377397,181
1071,บ้านโคกสง่า,ทน.,14.712083,101.454595,385
1072,บ้านหลักเขต,ทน.,14.695093,101.505887,68
1073,บ้านขนงพระใต้,ทน.,14.618429,101.443977,143
1074,บ้านคลองดินดำ,ทน.,14.523982,101.476869,82
1075,บ้านปอหู,ทน.,14.497153,101.554237,63
1076,บ้านเทพนิมิตร,ทน.,14.457912,101.643218,32
1077,บ้านคลองทราย,ทน.,14.364402,101.757113,23
1078,บ้านคลองสอง,ทน.,14.37957,101.849891,290
1079,บ้านซับไทรทอง,ทน.,14.503397,101.81842,20
1080,บ้านวังขอน,ทน.,14.514877,101.761444,29
1080848,บ้านหัวเตย,ทน.,9.040798,99.711619,43
1080849,บ้านเชี่ยวหมอน,ทน.,8.837498,98.773987,47
1080850,บ้านคอกช้าง,ทน.,9.218205,99.687548,133
1080851,บ้านต้นมะพร้าว,ทน.,9.01454,99.048585,134
1080852,บ้านกอบแก้ววัฒนาภิบาล,ทน.,8.826409,99.407978,133
1080854,บ้านคีรีรอบ,ทน.,8.982562,99.527717,70
1080855,บ้านหนองปลิง,ทน.,9.582668,99.12802,207
1080856,บ้านจำปาทอง,ทน.,8.860429,98.905762,67
1080857,บ้านวัดสวาด,ทน.,9.026226,99.560952,77
1080859,บ้านบางบ้าน,ทน.,8.693174,98.790237,83
1080860,บ้านบางกา,ทน.,9.011631,98.919052,100
1080862,บ้านมะขาม,ทน.,9.149392,99.629586,158
1080864,บ้านชโลดมพัฒนา,ทน.,8.8904,99.327238,181
1080865,บ้านเบญจา,ทน.,8.764658,98.760921,74
1080867,บ้านเขาวง,ทน.,9.089847,99.755967,21
1080868,บ้านใหม่ไทยถาวร,ทน.,14.094721,102.694658,153
1080870,บ้านหนองขาหยั่ง,ทน.,13.323691,101.675214,101
1080871,บ้านหัวบุ่ง,ทน.,14.199403,101.402909,212
1080873,บ้านท่ามะปราง,ทน.,14.222935,101.356088,119
1080874,บ้านกระบกเตี้ย,ทน.,13.682595,101.528919,89
1080875,บ้านคลองมะนาว,ทน.,13.635338,102.280666,113
1080876,บ้านกลุ่มตาขวัญ,ทน.,13.339044,102.31078,89
1080877,บ้านใหม่ศรีจำปา,ทน.,13.907834,102.377541,95
1080878,บ้านหนองผักแว่น,ทน.,14.040789,102.577395,148
1080879,บ้านบึงไม้,ทน.,14.417774,101.146889,58
1080880,บ้านแผ่นดินเย็น,ทน.,13.960406,102.505896,52
1080881,บ้าน กม.80,ทน.,14.317818,101.837874,68
1080882,บ้านวังรี,ทน.,14.333768,101.195938,61
1080883,บ้านควนโต๊ะเหลง,ทน.,6.800666,100.07791,231
1080884,บ้านควนเสม็ด,ทน.,6.695564,100.521218,101
1080885,บ้านนาท้อน,ทน.,8.790631,99.825486,111
1080886,บ้านควนดินดำ,ทน.,7.132483,100.007778,22
1080887,บ้านห้วยตง,ทน.,8.918984,99.611986,25
1080888,บ้านราวปลา,ทน.,7.13606,99.853031,22
1080889,บ้านบือจะ,ทน.,6.656689,101.451863,121
1080890,บ้านคลองพี,ทน.,6.363169,101.042869,61
1080891,บ้านด่าน,ทน.,7.685098,99.762232,48
1080892,บ้านลูโบ๊ะปันยัง,ทน.,6.479678,100.982874,117
1080893,บ้านห้วยเงาะ,ทน.,6.643297,101.174825,229
1080894,บ้านหัวควน,ทน.,6.526957,100.512131,89
1080895,บ้านควนใหม่,ทน.,7.631379,99.998546,137
1080896,บ้านทุ่งลัง,ทน.,6.547067,100.734004,114
1080897,บ้านท่างิ้ว,ทน.,7.840834,99.676926,109
1080898,บ้านห้วยไทร,ทน.,7.629687,99.921343,57
1080899,บ้านทรายขาวออก,ทน.,6.67341,101.105619,201
1080900,บ้านท่ามะปราง,ทน.,7.762345,99.645404,149
1080901,บ้านบ่อน้ำร้อน,ทน.,5.849922,101.072864,114
1080902,บ้านคลองฉนวนจันทร์,ทน.,8.445369,99.37104,101
1080903,บ้านน้ำน้อยเหนือ,ทน.,8.383586,99.619279,96
1080904,บ้านนอก,ทน.,6.555163,101.106284,134
1080905,บ้านลางา,ทน.,6.750115,101.464418,591
1080906,บ้านวังสมบูรณ์,ทน.,7.774481,99.704008,70
1080907,บ้านจันทรัตน์,ทน.,5.786994,101.161643,129
1080908,บ้านนางหล่อ,ทน.,7.799306,99.830511,65
1080909,บ้านซอย 8,ทน.,6.881952,99.997221,61
1080910,บ้านทุ่งปรือ,ทน.,6.815911,100.554191,125
1080912,บ้านต้นกอ,ทน.,8.143581,99.803812,278
1080914,บ้านวังขยาย,ทน.,14.941283,98.617612,33
1080917,บ้านแก่งแคบ,ทน.,14.345543,99.18332,23
1080918,บ้านพุน้อย,ทน.,14.0091,99.352283,79
1080919,บ้านเขาน้อย,ทน.,14.236784,99.310197,29
1080920,บ้านทับศิลา,ทน.,14.233617,99.155551,34
1080921,บ้านพุพง,ทน.,14.219713,99.099697,37
1080922,บ้านหนองใหญ่,ทน.,14.715639,99.430631,60
1080923,บ้านเขาหินตั้ง,ทน.,14.740015,99.330612,60
1080924,บ้านหนองผือ,ทน.,14.728561,99.488429,50
1080925,บ้านห้วยคลุม,ทน.,13.582815,99.325864,26
1080926,บ้านไร่เนิน,ทน.,12.835438,99.923693,259
1080927,บ้านพุหวาย,ทน.,12.720565,99.84693,58
1080928,บ้านหุบเฉลา,ทน.,12.661321,99.65458,41
1080929,บ้านแม่คะเมย,ทน.,12.999495,99.586067,23
1080930,บ้านหนองเกตุ,ทน.,12.948548,99.669796,17
1080931,บ้านลำตะเคียน,ทน.,12.983723,99.640643,34
1080932,บ้านหนองน้ำดำ,ทน.,12.784578,99.568753,32
1080933,บ้านพุไทร,ทน.,12.857866,99.552015,11
1080934,บ้านห้วยไผ่,ทน.,12.760391,99.61231,51
1080935,บ้านห้วยรางโพธิ์,ทน.,13.075589,99.630825,20
1080936,บ้านลิ้นช้าง,ทน.,13.188978,99.607813,23
1080937,บ้านมะค่าสี่ซอง,ทน.,12.585831,99.677873,27
1080938,บ้านป่าละอู,ทน.,12.508496,99.521343,25
1080939,บ้านวังน้ำเขียว,ทน.,11.333134,99.402565,51
1080941,บ้านราชมงคล,ทน.,11.19917,99.403625,117
1080942,บ้านเขาคันทรง,ทน.,13.11583,101.167548,336
1080943,บ้านนาวัง,ทน.,12.998358,101.005843,456
1080944,บ้านหนองผักกูด,ทน.,12.818632,101.038965,78
1080945,บ้านเขาหวาย,ทน.,12.874416,101.470981,103
1080946,บ้านมาบตอง,ทน.,12.805375,101.23584,911
1080947,บ้านเครือหวาย,ทน.,12.902447,102.406244,42
1080948,บ้านธรรมสถิตย์,ทน.,12.702964,101.444685,70
1080951,บ้านทุ่งม่วง,ทน.,12.85727,102.306321,19
1080952,บ้านทุ่งกร่าง,ทน.,13.016522,102.270633,47
1080953,บ้านยุบตาเหน่ง,ทน.,12.967637,101.466628,131
1080954,บ้านคลองใหญ่,ทน.,12.972159,102.057715,46
1080955,บ้านมะม่วง,ทน.,12.549057,102.57967,195
1080956,บ้านจันทิ,ทน.,12.29452,102.615646,119
1080957,บ้านคลองสน,ทน.,12.131568,102.277121,41
1080958,บ้านทุ่งหลุก,ทน.,19.347847,99.035047,52
1080959,บ้านดอยปุย,ทน.,18.81661,98.8835,73
1080960,บ้านแม่หลองหลวง,ทน.,17.686657,98.252978,53
1080961,บ้านห้วยน้ำใส,ทน.,17.866228,97.845028,26
1080962,บ้านน้ำเคิม,ทน.,18.103164,100.4444,12
1080963,บ้านหน้าเขา,ทน.,8.768394,99.053163,66
1080964,บ้านเกาะแก้ว,ทน.,8.871301,99.207571,185
1080965,บ้านเหนือ,ทน.,9.372712,98.414887,305
1080966,บ้านย่านยาว,ทน.,9.577557,98.666177,104
1080967,บ้านบางสาว,ทน.,8.924759,98.909439,86
1080968,บ้านโพธิ์พนา,ทน.,9.207672,99.009213,36
1080970,บ้านนาพรุ,ทน.,9.431411,98.466908,204
1080971,บ้านเชี่ยวขวัญ,ทน.,9.213195,98.946317,72
1080972,บ้านสันติสุข,ทน.,8.689837,99.040761,35
1080973,บ้านวังใหญ่,ทน.,6.705379,100.742996,138
1080974,บ้านฉลุง,ทน.,6.564399,100.906046,155
1080976,บ้านน้ำเชี่ยว,ทน.,6.466831,100.833499,105
1080977,บ้านวังใหญ่,ทน.,6.735723,100.858556,153
1080978,บ้านปริก,ทน.,6.683635,100.877629,79
1080979,บ้านไสยาง,ทน.,7.629327,100.025012,311
1080980,บ้านหว้าหลัง,ทน.,6.644711,100.734254,123
1080981,บ้านปลายคลอง,ทน.,6.696497,100.586443,54
1080982,บ้านสำนักเอาะ,ทน.,6.485849,100.779058,88
1080983,บ้านแป้น,ทน.,6.740221,101.546681,178
1080984,บ้านสลาแด,ทน.,6.32976,101.262076,147
1080985,บ้านเตราะบอน,ทน.,6.687275,101.533633,333
1080986,บ้านวังไทร,ทน.,6.008383,101.269002,27
1080987,บ้านลีมาปูโร๊ะ,ทน.,6.519708,101.170048,385
1080988,บ้านปาลอบาเต๊ะ,ทน.,6.422481,101.673226,205
1080989,บ้านดอน,ทน.,5.923975,101.117867,25
1080990,บ้านละแอ,ทน.,6.473417,101.165575,138
1080991,บ้านละหาด,ทน.,6.007395,101.194236,33
1080992,บ้านบันนังบูโบ,ทน.,6.23754,101.17429,171
1080993,บ้านฮูหยงบาโร๊ะ,ทน.,6.492212,101.416828,185
1080994,บ้านทำเนียบ,ทน.,6.580272,101.166423,395
1080995,บ้านราษฎร์ผดุง,ทน.,5.917118,101.7182,67
1080996,บ้านมะนังบังแยง,ทน.,6.097933,101.691364,144
1080997,บ้านปูลาตีรี,ทน.,6.458313,101.354471,357
1080998,บ้านอูแบ,ทน.,6.432057,101.367858,153
1080999,บ้านบือจะ,ทน.,6.146774,101.723678,119
1081,บ้านคลองสะท้อน,ทน.,14.407495,101.685106,56
1081000,บ้านมาแน,ทน.,6.492507,101.114708,270
1081002,บ้านทับยาง,ทน.,6.589842,100.813667,91
1081003,บ้านคลองไข่มุก,ทน.,6.640181,100.619208,94
1081004,บ้านทุ่งไพล,ทน.,6.547668,100.836957,135
1081005,บ้านวังหอน,ทน.,7.891836,99.791607,48
1081006,บ้านคลองตูกเหนือ,ทน.,8.01801,99.723095,77
1081007,บ้านโพธิ์ประสิทธิ์,ทน.,8.405911,99.401296,112
1081009,บ้านบางเหลียว,ทน.,8.450035,98.842435,105
1081010,บ้านหาดตุ่น,ทน.,10.597412,98.809827,121
1081011,บ้านหนองจิก,ทน.,8.218715,98.794988,115
1081012,บ้านป่าคลอก,ทน.,8.020718,98.409477,917
1081013,บ้านบางเหรียง,ทน.,8.243599,99.141692,69
1081015,บ้านพละ,ทน.,10.936057,99.265769,39
1081017,บ้านบางทอง,ทน.,8.385254,98.360691,107
1081018,บ้านควนหวายแดง,ทน.,8.097997,99.218075,30
1081019,บ้านห้วยไทรงาม,ทน.,10.309394,98.857814,115
1081020,บ้านควน,ทน.,9.787064,98.788012,113
1081021,บ้านสระเกศ,ทน.,9.480717,99.953094,211
1081022,บ้านปากพู่,ทน.,8.716267,98.424028,67
1081023,บ้านปลายคลองวัน,ทน.,10.510739,98.858783,125
1081024,บ้านย่านอุดม,ทน.,8.010336,99.329347,88
1081025,บ้านคลองราง,ทน.,9.897285,98.863869,36
1081026,บ้านหาดถั่ว,ทน.,8.551979,98.908366,119
1081027,บ้านทุ่ง,ทน.,8.050455,98.80316,337
1081028,บ้านดอนเมา,ทน.,10.053454,99.053551,48
1081029,บ้านตาเงาะ,ทน.,10.883278,99.242298,81
1081030,บ้านหน้าซึง,ทน.,9.305716,98.949609,16
1081031,บ้านเขาวง,ทน.,10.465459,99.07683,47
1081032,บ้านกอไพล,ทน.,9.280808,99.042184,30
1081033,บ้านทุ่งตาพล,ทน.,10.174842,98.79311,160
1081034,บ้านหินใหญ่,ทน.,10.410436,98.835933,112
1081036,บ้านดอนกระจาย,ทน.,9.974858,99.042699,118
1081037,บ้านสะพานหิน,ทน.,10.835051,99.257766,49
1081038,บ้านป่าไผ่,ทน.,6.244618,101.440155,59
1081040,บ้านไอร์กลูแป,ทน.,6.286859,101.479381,131
1081041,บ้านเงาะกาโป,ทน.,6.257291,101.249595,518
1081043,บ้านไอร์เจี๊ยะ,ทน.,6.207125,101.538691,81
1081045,บ้านกือลอง,ทน.,6.308374,101.335583,101
1081047,บ้านหินลาด,ทน.,9.224829,98.384409,126
1081048,บ้านกอตง,ทน.,8.35229,99.065648,139
1081049,บ้านปากหยา,ทน.,8.497774,98.836446,132
1081051,บ้านบางวัน,ทน.,8.973246,98.40135,41
1081052,บ้านคลองเรือ,ทน.,9.688383,98.669213,17
1081053,บ้านทุ่ง,ทน.,9.522996,100.056885,771
1081054,บ้านลุ่มเกรียบ,ทน.,8.531789,98.651947,138
1081055,บ้านเชือกน้ำ,ทน.,8.413349,98.425728,70
1081056,บ้านทางด่าน,ทน.,9.186204,98.425327,72
1081059,บ้านบางติบ,ทน.,9.089632,98.423816,45
1081060,บ้านโล๊ะดุหยง,ทน.,7.633624,99.046947,306
1081061,ชุมชนปั๊กกั๊วหลาว,ทน.,7.936145,98.348413,670
1081062,บ้านเจ๊ะหลี,ทน.,7.557419,99.071713,86
1081063,บ้านควนเขียว,ทน.,8.671112,98.871423,39
1081066,บ้านบางเตยกลาง,ทน.,8.464251,98.563849,78
1081069,บ้านพรุเตย,ทน.,8.108704,99.140828,73
1081070,บ้านทับปริก,ทน.,8.169816,98.889971,67
1081071,บ้านสาคู,ทน.,8.074132,98.297262,686
1081072,บ้านท่าคลอง,ทน.,8.1105,98.908151,689
1081075,บ้านบางโจ,ทน.,7.989735,98.330272,1230
1081076,บ้านทุ่งหยีเพ็ง,ทน.,7.586185,99.069234,70
1081077,บ้านแม่น้ำ,ทน.,9.565863,99.995151,279
1081079,บ้านดง,ทน.,14.321565,101.306075,308
1081080,บ้านแก้มอ้น,ทน.,13.745911,99.464418,103
1081081,บ้านสวนขนุน,ทน.,11.509864,99.56995,87
1081082,บ้านไทรห้อย,ทน.,7.553843,99.494829,142
1081084,บ้านหนักไทร,ทน.,7.539473,99.752866,310
1081085,บ้านพระเลียบ,ทน.,8.68438,99.857601,166
1081086,บ้านไม้เสียบ,ทน.,7.901858,99.927705,296
1081087,บ้านท่าเรือ,ทน.,6.35168,101.494171,228
1081088,บ้านควนเนียง,ทน.,6.835284,100.498648,189
1081089,บ้านสองพี่น้อง,ทน.,6.77487,100.422722,160
1081090,บ้านตลาดเทพา,ทน.,6.825205,100.972583,538
1081091,บ้านสามไกร,ทน.,10.732448,99.178432,65
1081092,บ้านย่านตะเคียน,ทน.,8.576101,99.051482,117
1081093,บ้านสามพัน,ทน.,8.551737,99.14244,144
1081095,บ้านหวายหนิม,ทน.,9.137128,98.957323,89
1081096,บ้านเขาวง,ทน.,9.068107,98.983193,109
1081097,บ้านกลาง,ทน.,9.568157,98.703238,132
1082,บ้านยุปอีปูน,ทน.,14.4508,101.744504,27
1082073,เขตรักษาพันธุ์สัตว์ป่าเขาสอยดาว,สสน.,13.10355,102.19194,39
1082074,ฝายจิตรมานี,สสน.,13.11548,102.20316,155
1082075,ฝายน้ำล้นคลองปะตง (ทน.),สสน.,13.120727,102.21833,643
1082427,บ่อดินขาว,สสน.,15.169044,100.41471,325
1083,บ้านระเริง,ทน.,14.581153,101.710822,52
1084,บ้านอุดมทรัพย์พัฒนา,ทน.,14.533591,101.971095,114
1085,บ้านซับเต่า,ทน.,14.460456,101.986167,33
1085209,สะพานไอร์ปาโจ,สสน.,5.835714,101.73493,50
1085210,สะพานตาบัว บ้านยาเด๊ะ,สสน.,5.827553,101.75235,30
1085211,สะพานกะลูบี บ้านสายปารี,สสน.,5.895713,101.76639,92
1086,บ้านห้วยน้ำเค็ม,ทน.,14.464046,101.905837,65
1087,บ้านสันติสุข,ทน.,14.500621,104.211514,112
1088,บ้านกลาง,ทน.,14.477116,104.147175,130
1089,บ้านคำแสนสุข,ทน.,14.553568,105.334389,83
109,รพสต.บ่อวิน,สสน.,13.05505,101.09782,810
1090,บ้านใหม่สามัคคี,ทน.,15.933043,101.699489,43
1091,บ้านลาดผักหนาม,ทน.,16.137616,102.048616,40
1091551,เขาวง,สสน.,15.181689,100.41453,219
1092,บ้านลาดเหนือ,ทน.,16.119843,101.797321,111
1093,บ้านไร่พัฒนา,ทน.,15.538066,101.417525,65
1093079,คลองชะอวด,สสน.,7.96636,99.99436,1163
1094,บ้านซับมงคล,ทน.,15.830751,101.458516,101
1094448,โรงเรียนวัดโคกโพธิ์สถิตย์,สสน.,8.40118,99.802,242
1095,บ้านสะพานหิน,ทน.,15.753988,101.461433,44
1095455,สะพานบ้านตรังพัฒนา,สสน.,9.85488,98.8401,52
1095668,โทรมาตรปากคลองตลาด (ต.พระบรมมหาราชวัง อ.พระนคร),,13.74228,100.49454,16508
1096,บ้านโป่งนกสามัคคี,ทน.,15.769466,101.52341,84
1097,บ้านตาดรินทอง,ทน.,16.216026,102.111791,32
1099,บ้านผาทอง,ทน.,15.841406,101.363924,50
11,คลองลาดพร้าว ท้ายปตร.คลอง2,สสน.,13.92245,100.63438,8235
110,อบต.พลูตาหลวง,สสน.,12.69861,100.9762,1746
1100,บ้านซับชมภู,ทน.,15.766963,101.377482,43
1100853,มัสยิดบ้านโล๊ะบาหรา,ปภ.,7.63494,99.03396,352
1100854,มัสยิดบ้านคลองแห้ง หมู่ 5,ปภ.,8.0496,98.81536,400
1100855,องค์การบริหารส่วนตำบลช่องสะเดา หมู่ 6,ปภ.,14.21526,99.21879,141
1100856,ศาลาเอนกประสงค์ บ้านท่าเสา หมู่ 2,ปภ.,14.10875,99.40845,461
1100857,ศาลาเอนกประสงค์ บ้านท่าโป่ง หมู่ 3,ปภ.,14.14799,99.2949,86
1100858,องค์การบริหารส่วนตำบลลุ่มสุ่ม,ปภ.,14.100982,99.144668,75
1100859,อบต.ดินจี่,ปภ.,16.93589,103.73299,135
1100860,ศาลาประชาคม บ้านท่าเยี่ยม หมู่ 6,ปภ.,16.20684,103.52388,250
1100861,องค์การบริหารส่วนตำบลวังไทร,ปภ.,16.2186,99.62069,136
1100862,บ้านเลขที่ 49 หมู่ 18,ปภ.,16.12705,99.3087,154
1100864,วัดดอยแก้ว,ปภ.,16.33495,99.28922,88
1100865,บ้านผู้ใหญ่บ้าน เลขที่ 164  หมู่ 11,ปภ.,16.45228,99.4557,468
1100866,บ้านเลขที่ 134 หมู่ 2,ปภ.,16.52152,99.23247,66
1100867,ม.8 บ้านท่านางแมว,ปภ.,15.85657,102.33195,349
1100870,วัดฉมัน หมู่ 2,ปภ.,12.743718,102.207616,67
1100872,บ้านผู้ช่วยผู้ใหญ่บ้าน เลขที่ 22/8 หมู่ 8,ปภ.,12.85785,102.24088,24
1100873,เทศบาลตำบลวังแซ้ม,ปภ.,12.75996,102.15578,120
1100874,วัดแตงเม หมู่ 1,ปภ.,12.73228,102.17115,73
1100875,วัดวังแซ้ม หมู่ 2,ปภ.,12.744121,102.150223,111
1100876,ศาลาชุมชน หมู่ 10,ปภ.,12.95551,102.04691,39
1100878,บ้านนายก องค์การบริหารส่วนตำบล หมู่ 2,ปภ.,13.00164,102.05405,89
1100879,ศาลา อพป. หมู่ 4,ปภ.,12.91733,102.08386,51
1100880,ศูนย์การเรียนรู้หมู่ 5,ปภ.,12.9254,102.08353,47
1100881,ศาลาเอนกประสงค์บ้านชำเคราะห์ หมู่ 6,ปภ.,12.94397,102.07663,46
1100882,ร้านค้าชุมชน หมู่ 9,ปภ.,12.87407,102.10163,50
1100883,วัดพลวง,ปภ.,12.80452,102.14328,96
1100884,ที่ว่าการอำเภอเขาคิชฌกูฎ หมู่ 5,ปภ.,12.80396,102.11454,208
1100886,เทศบาลตำบลพลับพลา หมู่ 9,ปภ.,12.61924,102.1589,738
1100887,ที่ทำการชุมชนเกาะล้าน,ปภ.,12.92127,100.78802,293
1100889,TJ14 - ศูนย์ประสานงานการช่วยเหลือผู้ประสบภัย ทางทะเล หมู่ 1 ต.นาเกลือ อ.บางละมุง จ.ชลบุรี,ปภ.,12.99171,100.92182,1303
1100891,TJ05 - อาคารเอนกประสงค์เกาะขามใหญ่ ต.ท่าเทววงษ์ อ.เกาะสีชัง จ.ชลบุรี,ปภ.,13.16563,100.8214,378
1100893,สนามฟุตบอล ม.1,ปภ.,13.16044,100.80563,758
1100894,โรงเรียนวัดหาดอาสา หมู่ 1,ปภ.,14.59844,99.85305,79
1100895,โรงเรียนวัดศรีมงคล หมู่ 2,ปภ.,15.16741,100.23777,355
1100896,วัดวังสาคร ม.6,ปภ.,15.10956,100.27146,399
1100897,บริเวณโรงเรียนวัดมะปราง (ติดกับวัดมะปราง) หมู่ 5,ปภ.,15.10732,100.27641,397
1100898,วัดไผ่ล้อม หมู่ 1,ปภ.,15.08261,100.28934,261
1100899,ศาลาเอนกประสงค์ หมู่ 1,ปภ.,15.29858,99.85879,64
1100900,ศาลาเอนกประสงค์ ม.4,ปภ.,15.30132,99.78449,65
1100902,ศาลาเอนกประสงค์ หมู่ 5,ปภ.,14.95844,99.85305,79
1100904,ศาลาประชุมหมู่บ้าน บ้านทับขอน หมู่ 5,ปภ.,9.79152,98.69954,28
1100905,ศูนย์ข้อมูลประจำหมู่บ้าน บ้านห้างแก หมู่ 2,ปภ.,9.71399,98.70506,19
1100906,ศูนย์สาธารณสุขมูลฐาน บ้านทรัพย์ทวี หมู่ 19,ปภ.,9.7822,98.91818,27
1100907,ศาลาเอนกประสงค์ บ้านสระขาว หมู่ 16,ปภ.,9.77439,98.95418,42
1100908,บ้านเลขที่ 394 หมู่ 3,ปภ.,9.95434,99.15063,931
1100909,อาคารท่าเรือส่งเสริม,ปภ.,10.44053,99.24879,925
1100911,องค์การบริหารส่วนตำบลตะเสะ,ปภ.,7.17364,99.5808,81
1100912,เทศบาลตำบลหนองบอน หมู่ 3,ปภ.,12.6768,102.45956,154
1100913,โรงเรียนบ้านหนองบอน หมู่ 3,ปภ.,12.68204,102.45544,147
1100914,โรงเรียนอัมพรจินตกานนท์,ปภ.,12.62129,102.47339,91
1100915,ที่ทำการอุทยานแห่งชาติหมู่เกาะช้าง หมู่ 3,ปภ.,12.12466,102.26909,40
1100916,โรงแรมโครอล รีสอร์ท เกาะช้าง หมู่ 4,ปภ.,12.03061,102.29174,88
1100917,บ้านตาพราย 102 ม.1,ปภ.,12.54511,102.44187,98
1100918,บ้านเกาะลอย 74 หมู่ 3,ปภ.,12.51897,102.46249,71
1100919,ศาลาเอนกประสงค์บ้านต่อกราด หมู่ 8,ปภ.,12.61639,102.41057,53
1100920,ศูนย์พัฒนาเด็กเล็กบ้านยะพอ  หมู่ 5,ปภ.,16.34066,98.73841,94
1100921,ศูนย์พัฒนาเด็กเล็กบ้านทรัพย์เจริญ หมู่ 7,ปภ.,16.38561,98.74051,91
1100922,ศูนย์พัฒนาเด็กเล็ก  หมู่ 2,ปภ.,16.29296,98.70529,120
1100923,ร.ร บ้านคลองไม้แดง ม.1,ปภ.,17.30708,99.09194,56
1100925,วัดหนองหลวง หมู่ 13,ปภ.,17.02242,98.51015,91
1100926,วัดใหม่สุวรรณ,ปภ.,16.63992,98.59918,328
1100927,ประปาหมู่บ้าน หมู่ 8,ปภ.,14.32514,101.07687,144
1100929,บ้านผู้ช่วยผู้ใหญ่บ้าน หมู่ 6,ปภ.,14.23455,101.35369,64
1100930,วัดบ้านดง หมู่ 1,ปภ.,14.316932,101.289112,175
1100931,บ้านกำนันถาวร,ปภ.,14.32059,101.30466,308
1100932,อบต.นาแก,ปภ.,16.92991,104.51618,154
1100933,องค์การบริหารส่วนตำบลไผ่ล้อม,ปภ.,17.98787,104.18119,210
1100934,บ้านท่ามะปราง,ปภ.,14.51634,101.3774,181
1100935,บ้านคลองเพล ม.17,ปภ.,14.51906,101.37222,165
1100936,บ้านกุดคล้า หมู่ 5,ปภ.,14.53333,101.37094,234
1100937,บ้านวังโต่งโต้น หมู่ 11,ปภ.,14.51005,101.4128,115
1100938,อู่ซ่อมรถ บ้านสุขสมบูรณ์ หมู่ 2,ปภ.,14.347167,101.94108,57
1100939,บ้านผู้ใหญ่บ้าน บ้านบุไทร หมู่ 4,ปภ.,14.37899,101.90262,63
1100940,บ้านนาตม หมู่ 9,ปภ.,15.02313,102.06743,527
1100941,บ้านตะคองเก่า หมู่ 2,ปภ.,14.99267,102.05868,978
1100942,ศาลาประชาคม ม.7 บ้านโนนมันเทศ,ปภ.,15.0378,102.27926,96
1100943,ศาลาประชาคม บ้านป่ารัง หมู่ 1,ปภ.,15.08165,102.34012,189
1100944,ศาลาหมู่บ้าน บ้านโนนเจดีย์ หมู่ 1,ปภ.,15.1965,101.89808,177
1100945,ศาลาหมู่บ้าน บ้านทำนบพัฒนา หมู่ 17,ปภ.,15.18877,101.93298,143
1100946,อาคาร กศน. หมู่ 10,ปภ.,9.16228,99.84988,98
1100947,ที่ทำการชุมชนบ้านปากน้ำ หมู่ 8,ปภ.,9.229895,99.85684,545
1100949,บ้านผู้ใหญ่บ้าน หมู่ 3,ปภ.,9.29857,99.83434,33
1100952,ศูนย์ประสานงานทีมพัฒนาท่าศาลา,ปภ.,8.65744,99.92822,1355
1100954,สถานีอนามัยหน้าสตน หมู่ 2,ปภ.,8.0751,100.3098,266
1100955,วัดเจริญผล หมู่ 1,ปภ.,15.9402,99.97609,752
1100956,บ้านผู้ช่วยผู้ใหญ่บ้าน หมู่ 1,ปภ.,15.93674,99.97429,752
1100957,โรงพยาบาลส่งเสริมสุขภาพตำบล บ้านบึง หมู่ 1,ปภ.,15.97242,100.09669,133
1100958,โรงเรียนวัดหนองกระทุ่ม หมู่ 10,ปภ.,15.76137,99.73669,108
1100959,โรงพยาบาลส่งเสริมสุขภาพตำบล บ้านนกคลาน,ปภ.,15.70192,99.86115,65
1100961,ศาลาเอนกประสงค์หมู่บ้าน หมู่ 9,ปภ.,15.90937,99.38815,73
1100962,ศูนย์พัฒนาเด็กเล็กบ้านหว้า หมู่ 2,ปภ.,15.59447,100.10702,106
1100964,องค์การบริหารส่วนตำบลหาดสูง,ปภ.,15.49873,99.9836,90
1100966,ศาลาเอนกประสงค์ หมู่ 1 บ้านน้ำใส กม.3 สายเกียร์,ปภ.,5.94229,101.75617,102
1100967,มัสยิดอัลเราะห์มาน ถนนเจริญเขต ซอย 15,ปภ.,6.01068,101.96901,3391
1100970,ชุมชนเหนือคลองบริเวณศาลาเอนกประสงค์ บ้านปลักปลา ม.11,ปภ.,6.41022,101.80902,1723
1100972,บ้านผู้ใหญ่บ้านโคกป่าคา หมู่ 9,ปภ.,6.43653,101.80173,961
1100974,อาคารศูนย์ OTOP ด้านข้าง ทต.บูเก๊ะตา,ปภ.,5.84928,101.88022,411
1100975,อาคารเอนกประสงค์ หมู่ 5,ปภ.,19.48501,100.898421,137
1100977,หอประชุมหมู่บ้าน บ้านใหม่ หมู่ 5,ปภ.,19.52235,100.929176,82
1100978,ศูนย์สาธารณสุขชุมชน บ้านนาอุดม หมู่ 5,ปภ.,19.05276,100.77228,183
1100985,ประปาหมู่บ้านธงหลวง หมู่ 1,ปภ.,18.70737,100.76382,285
1100987,ที่ชุมชนบ้านนาผาใหม่ หมู่ 12,ปภ.,18.69107,100.75239,399
1100988,บริเวร ร.ร.สตรีน่าน,ปภ.,18.77548,100.77898,1696
1100989,วัดพวงพยอม,ปภ.,18.77171,100.76605,1856
1100990,อบต.หนองเดิ่น,ปภ.,18.31846,103.96634,112
1100991,โรงเรียนบ้านดอนสำราญ หมู่ 1,ปภ.,11.27678,99.54559,99
1100993,ที่ทำการชุมชนเขาตะเกียบ,ปภ.,12.5272,99.97057,672
1100996,โรงพยาบาลส่งเสริมสุขภาพตำบลรูสะมิแล หมู่ 1,ปภ.,6.87448,101.22504,1771
1100997,วัดน้ำแป้ง หมู่ 2 บ้านน้ำแป้ง,ปภ.,19.17274,100.42163,28
1100998,สถานีสูบน้ำ บ้านสบขาม หมู่ 8,ปภ.,19.14989,100.3885,124
1100999,บ้านกำนันปางค่า ม.1,ปภ.,19.33566,100.43536,52
1101,บ้านวังยาวใหญ่,ทน.,16.70693,101.94718,195
1101000,ศาลาเอนกประสงค์บ้านปางพริก หมู่ 3,ปภ.,19.31465,100.464472,20
1101001,ม.7 อบต.ร่มเย็น,ปภ.,19.04485,100.48989,20
1101002,จุดตรวจรักษาความสงบเรียบร้อย ประจำบ้านประชาพัฒนา หมู่ 21,ปภ.,19.55501,100.36384,101
1101003,หอประชุมหมู่บ้าน บ้านโจ้โก้ หมู่ 4,ปภ.,19.51297,100.36893,136
1101004,บ้านผู้ช่วยผู้ใหญ่บ้าน เลขที่ 35 หมู่ 8,ปภ.,19.43932,99.759264,240
1101013,ศาลาเอนกประสงค์ประจำหมู่บ้าน หมู่ 6 บ้านโดน,ปภ.,7.49992,99.90319,82
1101015,วัดปากกรอง,ปภ.,17.32917,100.70303,33
1101017,โรงเรียนตำรวจชายแดนบ้านราษฎร์เรือ หมู่ 3,ปภ.,17.45684,100.7874,37
1101018,ศาลาเอนกประสงค์ หมู่ 8,ปภ.,16.9279,100.53423,74
1101019,บ้านบ่อโพธิ์ ม.1,ปภ.,17.23197,101.05288,61
1101020,สหกรณ์หมู่บ้านป่าปง หมู่ 8,ปภ.,17.19517,101.00697,108
1101022,โรงเรียนบ้านนาขุมคัน หมู่ 5,ปภ.,17.27858,100.81426,37
1101023,รพ. ส่งเสริมสุขภาพ บ้าน น้ำปาด,ปภ.,16.70876,100.57362,106
1101024,ศาลาเอนกประสงค์ หมู่ 15,ปภ.,16.67727,100.61045,332
1101025,ศาลาเอนกประสงค์ หมู่ 12,ปภ.,16.68848,100.62705,117
1101026,บ้านเลขที่ 66/1 หมู่ 3,ปภ.,8.03685,98.41515,640
1101027,ที่สาธารณะประโยขน์ หมู่ 3 หาดสุรินทร์,ปภ.,7.97936,98.27959,1373
1101028,ศูนย์พัฒนาเด็กเล็กประถมวัย บ้านหินปูน,ปภ.,16.19056,103.16844,124
1101029,สนามกีฬาจังหวัด,ปภ.,16.54347,104.71922,2587
1101030,วัดหนองตะแบง หมู่ 7,ปภ.,16.44778,104.44589,115
1101031,แก่งกระเบา,ปภ.,16.80213,104.73306,198
1101032,สวนสาธารณะ เย็นสิระ 3 ม.4,ปภ.,6.674,101.28603,215
1101034,บ้านบันนังลูวา หมู่ 2 บริเวณมัสยิดบ้านบันนังลูวา,ปภ.,6.52265,101.22847,342
1101037,มัสยิดเอ๊ยะซาน หมู่ 4,ปภ.,9.62002,98.46928,72
1101038,บ้านผู้ใหญ่บ้าน หมู่ 2 บ้านบางเบน,ปภ.,9.60252,98.47897,187
1101039,บ้านกำนัน ตำบลกำพวน,ปภ.,9.37233,98.41892,311
1101040,สถานีอนามัยบ้านทะเลนอก,ปภ.,9.46197,98.43427,83
1101041,เทศบาลเมืองมาบตาพุด,ปภ.,12.72456,101.12732,1561
1101043,ศาลาเอนกประสงค์ หมู่ 7 (ที่ทำการกองทุนหมู่บ้าน บ้านบึงใต้),ปภ.,13.43858,99.37302,33
1101044,ศาลาเอนกประสงค์ หมู่ 6,ปภ.,13.32752,99.42513,32
1101045,ศาลาเอนกประสงค์ หมู่ 5 บ้านหนองจอก,ปภ.,13.42534,99.44951,49
1101046,ศาลาเอนกประสงค์ หมู่ 7,ปภ.,13.45788,99.44012,53
1101048,วัดบ้านหนองแค,ปภ.,16.19463,103.516,169
1101049,วัดโพธิการาม,ปภ.,15.66891,103.42813,103
1101050,วัดสระเกษ หมู่ 1,ปภ.,15.65832,103.58286,774
1101051,บ้านแม่ปะหลวง หมู่ 1,ปภ.,17.63908,99.25687,233
1101052,ศาลาเอนกประสงค์บ้านป่าเหว ม.3,ปภ.,18.67984,99.47343,71
1101053,ศาลาเอนกประสงค์บ้านขอใต้ หมู่ 4,ปภ.,18.64634,99.47241,52
1101054,ศาลาเอนกประสงค์ หมู่ 2 (ติดกับโรงเรียนบ้านทุ่งสะแกง),ปภ.,18.70853,99.48497,46
1101056,วัดแพะก้อม หมู่ 4,ปภ.,18.76478,99.51057,189
1101057,ศาลาเอนกประสงค์บ้านสอนดอกคำ หมู่ 4,ปภ.,18.68164,99.54879,143
1101059,วัดปางป๋วยศรัทธาราม หมู่ 2,ปภ.,18.30068,99.8594,17
1101060,วัดบ้านนาสัก หมู่ 4,ปภ.,18.3481,99.8556,11
1101061,ศาลาเอนกประสงค์ ม.5,ปภ.,18.32295,99.85181,22
1101062,ร.ร.แม่หล่วง,ปภ.,18.31942,99.86898,16
1101064,วัดห้วยแหน หมู่ 2,ปภ.,17.86409,98.92491,166
1101065,ศาลาเอนกประสงค์บ้านดงสักงาม หมู่ 6,ปภ.,17.84094,98.9297,133
1101067,บ้านทาชมภู (วัด) หมู่ 4,ปภ.,18.51201,99.21359,117
1101068,บ้านทาสองท่า หมู่ 7,ปภ.,18.53423,99.24249,202
1101069,ประปาหมู่บ้าน หมู่ 13,ปภ.,18.53599,99.25123,160
1101070,บ้านทาทุ่งหลวง หมู่ 1,ปภ.,18.42175,99.01306,269
1101072,อบต.ห้วยจันทร์,ปภ.,14.58943,104.39133,104
1101073,ที่ว่าการอำเภอภูพาน,ปภ.,16.99955,103.9648,231
1101075,องค์การบริหารส่วนตำบลสะกอม,ปภ.,6.94193,100.80005,563
1101078,บ้านสำย๊ะ สำนักสงฆ์ (ตรงข้ามศูนย์สาธารณะสุขมูลฐาน),ปภ.,6.45863,100.95492,100
1101079,มัสยิดบาฮาอุดดิน(บ้าลุ่ม) หมู่ 1,ปภ.,6.63612,100.43751,873
1101080,มัสยิดนูรุสซอละ (บ้านม่วง)  หมู่ 3,ปภ.,6.624953,100.47444,114
1101081,โรงเรียนวัดบ่อทรัพย์  หมู่ 2,ปภ.,7.19208,100.57474,1246
1101082,อาคารเวทีกลางสระบัว,ปภ.,7.21373,100.58728,3064
1101085,หมู่ 6 บ้านท่ามาลัย,ปภ.,6.84583,99.74478,350
1101087,ที่ทำการกองทุนบ้านหนองผักแว่น หมู่ 9,ปภ.,14.04115,102.57745,148
1101088,บ้านเขาตะกรุบพัฒนา หมู่ 10,ปภ.,13.46783,101.99062,188
1101089,บ้านด่านชัยพัฒนา หมู่ 8,ปภ.,13.536051,102.04176,172
1101090,บ้านคลองชล ม.11,ปภ.,13.32247,102.05697,31
1101091,บ้านวังไผ่ หมู่ 9,ปภ.,13.29716,102.08281,37
1101092,บ้านใหม่พัฒนา หมู่ 10,ปภ.,13.541551,101.95172,272
1101095,บ้านป่าเลา หมู่ 11 บ้านผู้ใหญ่,ปภ.,14.95213,99.57769,53
1101096,บ้านทุ่งมะกอก หมู่ 1 หน้าสถานีอนามัย,ปภ.,14.83935,99.32737,38
1101097,ศูนย์พัฒนาเด็กเล็ก บ้านหนองมะเขือ หมู่ 5,ปภ.,14.81616,99.35731,28
1101099,บ้านสวนปราง หมู่5 (ศาลาเอนกประสงค์ บ้านสวนปราง  หมู่5 ),ปภ.,9.011247,99.645424,60
1101101,บ้านวังทอง(เขาต่อ) หมู่7 (ศูนย์การเรียนรู้ หมู่บ้านเศรษฐกิจพอเพียง),ปภ.,9.188587,99.588264,104
1101109,ศูนย์บริการและถ่ายทอดเทคโนโลยีการเกษตร ประจำตำบล หมู่1 บ้านควนท่าแร่,ปภ.,8.927776,99.241843,158
1101113,บ้านเชี่ยวหมอน หมู่ 8 (ศาลาหมู่บ้าน บ้านเชี่ยวหมอน หมู่ 8),ปภ.,8.85807,98.812393,174
1101121,บ้านห้วยตาหมิง หมู่6 (ศูนย์ประสานงานชุดรักษาความปลอดภัยหมู่บ้าน บ้านห้วยตาหมิง หมู่6),ปภ.,9.47725,98.95847,32
1101122,บ้านเลขที่ 29/2 หมู่ 1,ปภ.,16.907274,99.880561,161
1101123,บ้านเลขที่ 221 หมู่ 8 ประปาหมู่บ้าน,ปภ.,16.87701,99.86265,117
1101124,บ้านน้ำตกสายรุ้ง ม.4,ปภ.,16.82376,99.63215,73
1101125,ที่ทำการองค์การบริหารส่วนตำบลบ้านน้ำพุ,ปภ.,16.7887,99.6302,123
1101126,ศาลาเอนกประสงค์ หมู่ 1 บ้านท่าดินแดง,ปภ.,16.8407,99.74909,161
1101127,รร.บ้านหนองผักบุ้ง หมู่ 5,ปภ.,17.36747,99.53947,121
1101128,โรงเรียนบ้านดงย่าปา หมู่ 6,ปภ.,17.66396,99.88917,44
1101129,อบต.บ้านตึก ม.14,ปภ.,17.59026,99.80991,215
1101130,โรงเรียนบ้านผาเวียง หมู่ 3,ปภ.,17.67497,99.64759,42
1101132,องค์การบริหารส่วนตำบลทับผึ้ง,ปภ.,17.0941,99.81644,300
1101135,ที่ทำการ อบต.วังปลาป้อม,ปภ.,17.41722,102.00153,187
1101137,ศูนย์พัฒนาเด็กเล็ก ม.6 บ้านหนองหัวช้าง,ปภ.,17.41056,102.02238,187
1101138,ศาลากลางบ้าน หมู่ 5  บ้านโนนประดู่,ปภ.,17.09765,102.28419,91
1101139,ศาลากลางบ้าน หมู่ 10  บ้านหนองแกกลาง,ปภ.,17.07616,102.29997,178
1101140,ศาลาประชาคม บ้านแมด หมู่ 4,ปภ.,16.89735,102.40544,100
1101141,บ้านเพิ่ม หมู่ 2,ปภ.,17.97671,102.07812,50
1101142,บ้านห้วยภูผา หมู่ 2 (บ้านเหล่าป่าสา),ปภ.,17.71819,100.21591,71
1101143,วัดน้ำพร้า หมู่ 1,ปภ.,17.96068,100.396338,35
1101144,ศาลาเอนกประสงค์บ้านห้วยใต้ หมู่ 8,ปภ.,17.712884,100.021272,286
1101147,บ้านมณีแก้ว หมู่ 2 วัดห้วยมุ่น,ปภ.,17.84422,100.93722,15
1101148,บ้านกำนัน หมู่ 4 บ้านด่านนาขาม,ปภ.,17.73702,100.12783,165
1101149,บ้านห้วยภูผา หมู่ 2,ปภ.,17.73682,100.12769,165
1101150,วัดห้วยกั้งราษฎร์ศรัทธาธรรม,ปภ.,17.76913,100.109472,79
1101152,โรงเรียนต้นขนุน หมู่ 3,ปภ.,17.628061,100.718083,20
1101154,บ้านเลขที่ 165 หมู่ 1,ปภ.,17.693546,100.023072,458
1101155,ศาลากลางหมู่บ้าน หมู่ 1,ปภ.,15.08673,99.51816,248
1101156,องค์การบริหารส่วนตำบลตับเต่า บ้านใคร่ หมู่ 3,ปภ.,19.7279,100.29418,235
1101157,วัดบ้านหัวฝาย ม.6,ปภ.,19.76236,100.31432,112
1101159,ศาลาเอนกประสงค์บ้านธาตุ หมู่ 18,ปภ.,19.77818,100.32883,110
1101161,ศูนย์พัฒนาเด็กเล็ก บ้านถ้ำ หมู่ 4,ปภ.,20.14305,99.84911,1188
1101162,วัดบ้านแม่เฟือง หมู่ 5,ปภ.,20.13461,99.84399,839
1101163,อาคารเอนกประสงค์บ้านป่าตึง หมู่ 7,ปภ.,20.13186,99.8307,384
1101165,ตู้ยามบ้านอีก้อสามแยก สภ.แม่ฟ้าหลวง,ปภ.,20.16601,99.71203,94
1101167,อาคารเอนกประสงค์ หมู่ 4,ปภ.,20.44226,99.92075,1067
1101168,เทศบาลนครเชียงใหม่,ปภ.,18.79495,98.99888,5419
1101169,ศูนย์สื่อสารจราจร,ปภ.,18.7887,99.00316,5439
1101170,ศูนย์เยาวชน-ประชาชน(สนามกีฬาเทศบาลนครเชียงใหม่),ปภ.,18.80056,98.98863,5626
1101171,งานรักษาความสงบเรียบร้อยและความมั่นคง,ปภ.,18.79991,99.00098,4713
1101172,ซุ้มเทศบาลหน้าวัดพระสิงห์วรมหาวิหาร,ปภ.,18.78805,98.9824,6463
1101173,สำนักงานปภ.เทศบาลนครเชียงใหม่ (หน่วยช้างเผือก),ปภ.,18.801082,98.981712,5282
1101175,ศูนย์ อปพร นครเชียงใหม่,ปภ.,18.77386,98.9799,3893
1101176,งานรักษาความสะอาดแขวงศรีวิชัย,ปภ.,18.77458,98.98772,4404
1101177,บ้านยางหลวง,ปภ.,18.47376,98.37434,117
1101180,บ้านประธานสภา หมู่ 5,ปภ.,13.1272,100.04932,330
1101181,ศาลาหมู่บ้าน บ้านห้วยไผ่ หมู่ 6,ปภ.,12.76051,99.6125,51
1101182,บ้านเหมืองแบ่ง ม.11,ปภ.,16.91565,101.17081,101
1101183,โรงเรียนบ้านกกสะตี หมู่ 5,ปภ.,17.18519,101.30363,22
1101184,องค์การบริหารส่วนตำบลวังยาว หมู่ 3,ปภ.,17.23064,101.32971,30
1101185,โรงเรียนบ้านวังเวิน หมู่ 6,ปภ.,17.23752,101.3577,23
1101186,ม.9 บ้านกิ่วนาค,ปภ.,18.42663,100.43766,48
1101187,วัดต้าเหล่า,ปภ.,18.27394,99.99326,163
1101189,ศาลา SML บ้านนาพูน หมู่ 2,ปภ.,17.831685,99.764593,75
1101190,ศาลา SML บ้านวังลึก หมู่ 4,ปภ.,17.76477,99.76193,89
1101191,วัดป่าเลา หมู่ 3,ปภ.,18.64096,100.24045,40
1101192,ศาลาประชาคม หมู่ 9 บ้านดอนชัยสักทอง,ปภ.,18.74095,100.23495,130
1101193,บ้านผู้ใหญ่บ้าน หมู่ 6 เลขที่ 29/1,ปภ.,18.7314,100.24258,96
1101194,ศูนย์พัฒนาเด็กเล็ก หมู่ 1,ปภ.,17.88478,100.03732,94
1101195,ศาลาเอนกประสงค์ หมู่ 3,ปภ.,17.89704,100.05197,100
1101196,บ้านน้ำฮู้ หมู่ 5,ปภ.,19.36506,98.41399,37
1101198,วัดพระธาตุจอมมอญบ้านพะมะลอ,ปภ.,18.18664,97.92074,124
1101211,โรงเรียนบ้านนาทุ่งใหญ่ หมู่ 1,ปภ.,17.31906,100.85398,58
1101212,ศูนย์สาธารณสุขมูลฐานชุมชน บ้านหน้าเมือง เลขที่ 85/4 หมู่ 5,ปภ.,7.48209,100.44238,1133
1101563,ห้วยแม่แจ่ม,พพภ,19.073114,98.30675,51
1101564,ชุมชนแม่แดด,พพภ,18.962732,98.412445,13
1101565,สะพานแม่น้ำลาว,พพภ,19.108244,99.45519,125
1101566,คลองกั้ง,พพภ,17.71633,100.124115,192
1101567,คลองจอมแจ้ง,พพภ,17.702343,100.02168,418
1101568,บ้านประดู่,พพภ,8.212035,99.703316,74
1101569,บ้านใต้,พพภ,8.178368,99.70351,447
1101570,ชุมชนตำบลคลองสระ (น้ำตกภูริน),พพภ,8.993955,99.65859,33
1101571,ชุมชนตำบลเกาะขันธ์ (บ้านน้ำตก),พพภ,7.963767,99.7776,31
1101572,บ้านคลองวาย หมู่ที่ 7,พพภ,9.368512,98.867485,11
1101573,บ้านคลองใส หมู่ที่ 8,พพภ,9.314687,98.889885,22
1101574,บ้านคลองมุย หมู่ที่ 13,พพภ,9.252886,98.85421,29
1102,บ้านโนนหัวช้าง,ทน.,17.034119,102.734217,72
1103,บ้านท่าเริงรมย์,ทน.,16.639903,101.892638,204
1104,บ้านวังกกแก้ว,ทน.,16.71382,101.84219,78
1105332,ปตร กุฎิ (ทุ่งป่าโมก),สสน.,14.412405,100.40116,233
1106,บ้านกุดนาคำ,ทน.,17.783174,102.098833,61
1106448,ปตร.ปลายคลองบางซอ (ทุ่งเจ้าเจ็ด),สสน.,14.194874,100.13267,146
1106449,ปตร.ลาดชะโด (ทุ่งผักไห่),สสน.,14.464386,100.366005,756
1106450,ปตร.ลาดชิด (ทุ่งผักไห่),สสน.,14.44056,100.35738,381
1106451,ปตร.บางแก้ว (ทุ่งผักไห่),สสน.,14.436604,100.37149,445
1106453,ทุ่งโพธิ์พระยา,สสน.,14.320748,100.017395,100
1106454,สถานีสูบน้ำปากคลองสายห้วยแก้ว (ทุ่งซ้ายคลองชัยนาท),สสน.,15.082755,100.554504,129
1106455,สถานีสูบน้ำปากคลองสระตาแวว (ทุ่งซ้ายคลองชัยนาท),สสน.,14.940779,100.59284,184
1106456,ทรบ. ปากคลองห้าวา (ทุ่งท่าวุ้ง),สสน.,14.818599,100.576515,258
1106457,สถานีสูบน้ำคลองระบายชัยนาท-ป่าสัก 2 (ทุ่งเชียงราก),สสน.,15.05502,100.32081,391
1107,บ้านคีรีวงกต,ทน.,18.054818,102.08834,44
1107582,เสนา (ทุ่งบางบาล-บ้านแพน),สสน.,14.327773,100.405464,1616
1108,บ้านนาคำ (หมู่ 6),ทน.,17.88619,102.13975,68
1108707,สะพานข้ามแม่น้ำน้อย (ทุ่งผักไห่),สสน.,14.498449,100.36825,451
1109,บ้านนาแค,ทน.,17.891834,102.07539,48
1109490,สะพานท่าน้ำ,สสน.,8.109219,98.905525,597
1109491,สะพานข้ามคลองกระบี่ใหญ่ 1,สสน.,8.187541,98.87916,77
1109492,สะพานคลองอิปัน,สสน.,8.525791,98.88188,131
1109493,สะพานข้ามคลองตะโก,สสน.,10.077709,98.98693,30
1109494,สะพานหนองจิก-วังปลา,สสน.,10.112872,99.07568,125
1109495,ปตร.ธรณิศนฤมิต-เหนือน้ำ,สสน.,16.92321,104.71615,406
1109496,ปตร.ธรณิศนฤมิต-ท้ายน้ำ,สสน.,16.922241,104.71625,406
1109497,ปตร. ห้วยแคน-เหนือน้ำ,สสน.,16.928366,104.72031,764
1109498,ปตร. ห้วยแคน-ท้ายน้ำ,สสน.,16.927904,104.72032,764
1109499,สะพานบ้านแก่งโพธิ์,สสน.,16.929113,104.700676,460
1109500,ปตร.บ้านนาคู่-เหนือน้ำ,สสน.,16.962238,104.52524,107
1109501,ปตร. บ้านนาคู่-ท้ายน้ำ,สสน.,16.961792,104.52589,107
1109502,สะพานมิตรภาพท่าลาดปากบัง,สสน.,16.993015,104.591446,106
1109503,ปตร. บ้านนาขาม-เหนือน้ำ,สสน.,17.00136,104.42568,81
1109504,ปตร. บ้านนาขาม-ท้ายน้ำ,สสน.,17.000439,104.42528,81
1109505,สะพานน้ำก่ำ บ้านหนองแคน,สสน.,17.05715,104.3636,91
1109506,ปตร.บ้านนาบัว-เหนือน้ำ,สสน.,17.065418,104.57897,145
1109507,ปตร. บ้านนาบัว-ท้ายน้ำ,สสน.,17.064768,104.578865,145
1109508,ปตร.บ้านตับเต่า-เหนือน้ำ,สสน.,17.115396,104.53788,93
1109509,ปตร. บ้านตับเต่า-ท้ายน้ำ,สสน.,17.11483,104.53841,93
1109510,คลองเชียงไกร บ้านดอน,สสน.,15.240714,101.786194,102
1109511,คลองสามบาท บ้านกุดพิมาน,สสน.,15.31065,101.74405,177
1109512,สะพานข้ามคลองท่าแพ,สสน.,8.166437,99.704285,649
1109513,สะพานข้ามคลองบางม่วง,สสน.,7.365284,100.27959,142
1109514,สะพานข้ามคลองลำปำ,สสน.,7.62273,100.146835,442
1109516,สะพานข้ามคลองกะเปอร์,สสน.,9.590022,98.63291,59
1109517,ปตร. บ้านหนองบึง-เหนือน้ำ,สสน.,17.081032,104.36085,75
1109518,ปตร. บ้านหนองบึง-ท้ายน้ำ,สสน.,17.080175,104.360695,75
1109519,สะพานข้ามคลองเดียก,สสน.,17.126015,104.140945,492
1109522,สะพานข้ามคลองโมง,สสน.,17.166727,104.118996,767
1109523,สะพานข้ามห้วยสมอ,สสน.,17.208937,104.101845,263
1109524,สะพานข้ามคลองเทพา,สสน.,6.534085,100.963394,210
1109525,สะพานเทพาสันติสุข,สสน.,6.825135,100.972626,538
1109526,สะพานข้ามคลองอู่ตะเภา,สสน.,7.134997,100.45321,187
1109527,สะพานสวนเฉลิมพระเกียรติ 72 พรรษามหาราชินี,สสน.,7.182746,100.59448,3705
1109528,สะพานข้ามคลองระโนด,สสน.,7.769855,100.30203,686
1109529,สะพานข้ามแม่น้ำยมสายเก่า-ตำบลไกรใน,สสน.,17.074213,100.00566,163
1109530,สะพานข้ามแม่น้ำยมสายเก่า-วัดปากน้ำ,สสน.,17.219545,99.8896,251
1109531,สะพานคลองแม่น้ำเก่า,สสน.,17.341522,99.85578,271
1109533,สะพานข้ามคลองไชยา,สสน.,9.398603,99.16833,278
1109534,สะพานข้ามคลองปากหมาก,สสน.,9.492312,98.91996,32
1109535,สะพานข้ามคลองท่าชนะ,สสน.,9.576583,99.12956,207
1109536,สะพานถนนสายเอเซีย 4265,สสน.,9.598671,98.94901,44
1109538,อ่างเก็บน้ำบางกำปรัด,สสน.,8.221995,99.19775,23
1109539,โรงเรียนบ้านห้วยแดง,สสน.,16.548258,104.20809,68
1109540,โรงเรียนบ้านคำพิมูล,สสน.,16.923698,103.59711,174
1109541,รพ.สต. คำเหมือดแก้ว,สสน.,16.533266,103.20552,165
1109542,รพ.สต.บ้านหนองโบสถ์,สสน.,14.418631,102.22089,55
1109543,โรงเรียนบ้านโนนเต็ง,สสน.,15.486808,102.24148,140
1109544,โรงเรียนบ้านหนองปรือโป่ง,สสน.,15.603799,102.217926,173
1109545,โรงเรียนชินวงศ์อุปถัมภ์,สสน.,14.772799,101.71571,77
1109546,ทต.ตะขบ,สสน.,14.635938,101.844635,185
1109548,วัดโคกตะพง (แกลง),สสน.,12.78168,102.17328,48
1109550,โรงเรียนบ้านตลาดเนินหิน,สสน.,13.298696,101.36016,229
1109551,โรงเรียนวัดบ้านโป่ง,สสน.,12.934848,100.99091,412
1109552,โรงเรียนวัดหนองน้ำเขียว,สสน.,13.234701,101.11684,197
1109553,สำนักสงฆ์โสธรรมนิมิตร,สสน.,13.168441,101.03034,228
1109555,วัดทุ่งตอง,สสน.,12.515793,102.59027,67
1109556,รพ.สต.บ้านคลองขวาง,สสน.,12.344451,102.64169,71
1109557,วัดถ้ำเขาช้าง,สสน.,16.870373,104.552475,50
1109558,โรงเรียนบ้านนาดอกไม้,สสน.,17.177256,104.60828,75
1109559,ที่พักสงฆ์ถ้ำตาชาย,สสน.,16.923096,104.392746,31
1109560,โรงเรียนบ้านหินเทิน,สสน.,14.064819,102.01052,74
1109562,โรงเรียนบ้านสายโท ๔ ใต้,สสน.,14.370019,103.14561,75
1109563,วัดนิคมประชาสรรค์ (วัดวังไทรดิ่ง),สสน.,11.93596,99.71081,99
1109564,อ่างเก็บน้ำคลองช่องลม,สสน.,11.56502,99.52902,51
1109565,วัดห้วยเกษียร,สสน.,14.181127,101.413635,179
1109566,วัดบ้านห้วยชัน,สสน.,13.98736,102.43794,85
1109567,วัดวังปลาช่อน,สสน.,13.242124,99.65333,34
1109568,โรงเรียนบ้านห้วยไผ่,สสน.,12.759098,99.61465,51
1109569,โรงเรียนบ้านเขาอ่างแก้ว,สสน.,12.668859,99.65604,41
1109570,เขื่อนบางวาด,สสน.,7.890594,98.338356,1266
1109571,อ่างเก็บน้ำบางเหนียวดำ,สสน.,7.969065,98.33385,644
1109572,โรงเรียนบำรุงพงศ์อุปถัมป์,สสน.,16.341194,104.52085,260
1109575,โรงเรียนบ้านโสก,สสน.,16.798079,104.516464,99
1109577,โรงเรียนบ้านเหมืองแร่,สสน.,12.880652,101.784584,94
1109578,โรงเรียนบ้านสีระมัน,สสน.,13.038727,101.66171,146
1109579,รพ.สต.บ้านชากหมาก,สสน.,12.796795,101.027664,210
1109580,อบต.ปลวกแดง,สสน.,12.970066,101.20457,438
1109581,ที่พักสงฆ์ถ้ำบังบด,สสน.,16.683075,104.159225,32
1109582,รพ.สต.ทับทิมสยาม 07,สสน.,14.486939,104.45375,41
1109583,โรงเรียนบ้านหลุบเลา,สสน.,16.871336,103.99224,91
1109584,โรงเรียนบ้านกวนบุ่น,สสน.,16.90028,104.18287,82
1109585,โรงเรียนบ้านนาคำวิทยาคาร,สสน.,17.120417,104.05052,154
1109587,เทศบาลตำบลท่าพระยา,สสน.,6.624624,100.94688,521
1109588,โรงเรียนบ้านคลองยายอินทร์,สสน.,13.383314,102.127266,154
1109589,วัดคลองคันโท,สสน.,13.94595,102.28505,46
1109590,รพ.สต.จรัส,สสน.,14.431366,103.962074,93
1109591,วัดบ้านเขื่อนแก้ว,สสน.,14.467241,103.61528,178
1109592,โรงเรียนบ้านโนนหนามแท่ง,สสน.,15.927198,104.62799,134
1109593,โรงเรียนบ้านภูเขาขาม,สสน.,15.9399,104.78428,55
1109594,โรงเรียนบ้านหนองอ้อน้อย,สสน.,17.356909,102.60082,48
1109595,โรงเรียนหนองแวงจุมพล,สสน.,17.041039,102.62484,160
1109596,อบต.โดมประดิษฐ์,สสน.,14.420149,105.17981,107
1110,บ้านนาเมืองทอง,ทน.,17.968984,102.124636,27
1111,บ้านกำพี้,ทน.,17.604295,101.578282,55
1112,บ้านโป่งป่าติ้ว,ทน.,17.571597,101.597224,51
1113,บ้านเสี้ยวเหนือ,ทน.,17.481701,101.616282,93
1113279,ท้ายเขื่อนสิริกิติ์,กฟผ.,17.739474,100.548813,132
1113280,บ้านผาจุก,กฟผ.,17.668222,100.21413,462
1113281,บ้านท่าทอง,กฟผ.,17.563179,100.125342,415
1113282,บ้านหาดสองแคว (N.60),กฟผ.,17.418528,100.130819,198
1113283,อ.ฟากท่า,กฟผ.,18.001448,100.884737,141
1113284,อ.น้ำปาด (N.33),กฟผ.,17.718473,100.577058,33
1113287,อ.วัดโบสถ์ (N.22A),กฟผ.,16.998826,100.325921,613
1113288,บ้านแสนตอ,กฟผ.,17.66514,100.29809,166
1113289,อ.ทุ่งช้าง,กฟผ.,19.419318,100.878985,163
1113290,อ.ท่าวังผา (N.64),กฟผ.,19.015332,100.780161,129
1113291,อ.เมืองน่าน (N.1),กฟผ.,18.77485,100.77974,1696
1113292,อ.เวียงสา (N.13A) น้ำน่าน,กฟผ.,18.549993,100.760637,328
1113293,อ.บ่อเกลือ,กฟผ.,19.148374,101.156297,60
1113294,อ.แม่จริม,กฟผ.,18.716083,101.007286,91
1113295,อ.เวียงสา (N.75)  น้ำว้า,กฟผ.,18.548273,100.808617,74
1113296,อ.นาน้อย,กฟผ.,18.314601,100.693776,104
1113297,อ.นาหมื่น,กฟผ.,18.17219,100.507054,43
1113298,เขื่อนสิริกิติ์,กฟผ.,17.762523,100.559318,50
1114,บ้านสะอาด,ทน.,17.667466,101.836518,51
1115,บ้านโป่ง,ทน.,17.703019,101.709001,208
1116,บ้านปากหมาก,ทน.,17.640371,101.744474,44
1116457,สถานีวิจัยประมงศรีราชา,สสน.,13.185876,100.916916,569
1116838,สะพานข้ามห้วยแม่รวม บ้านแม่รวม,พพภ,18.919376,98.20057,24
1116839,สะพานข้ามแม่น้ำลาว-บ้านป่าสัก,พพภ,19.301765,99.51751,342
1116840,สะพานช้ามแม่น้ำลาว - บ้านโฮ่ง,พพภ,19.173138,99.50559,244
1116841,องค์การบริหารส่วนตำบลแม่เจดีย์ใหม่,พพภ,19.16978,99.5086,254
1116842,จุดชมวิวเขา ต. เต่า อุทยานแห่งชาติเขาสก,พพภ,8.941284,98.79402,44
1116843,โรงเรียน ตชด.บ้านส้านักเอาะ,พพภ,6.483326,100.779366,88
1116844,รพ.สต.น้ำเชี่ยว,พพภ,6.48154,100.82659,109
1116845,สะพานข้ามคลองสอวอ บ้านสามซอย,พพภ,5.887212,101.69571,37
1117,บ้านใหม่พัฒนา,ทน.,17.593252,101.703724,81
1117429,ฝายพับได้หนองเล็งทราย,สสน.,19.350946,99.82508,217
1117430,สะพานบ้านต๋ำ,สสน.,19.21819,99.862686,229
1117431,สะพานบ้านเจดีย์งาม,สสน.,19.186546,99.9439,195
1118,บ้านกกทอง (หมู่ 4),ทน.,17.51585,101.558665,36
1118286,บ้านศาลาด่าน,ปภ.,7.64736,99.035226,393
1118287,บ้านเลขที่ 82 (นายปาน ทองปรุ) บ้านช่องสะเดา หมู่ 1,ปภ.,14.248381,99.218536,49
1118291,ประปาหมู่บ้าน บ้านวังจาน หมู่ 8,ปภ.,14.147276,99.309088,69
1118466,สหกรณ์ผู้ใช้น้ำ บ้านวังด้ง หมู่ 1,ปภ.,14.12325,99.361536,152
1118467,เทศบาลตำบลวังโพธิ์,ปภ.,14.116602,99.148415,107
1118470,ร้านค้าชุมชน หมู่ 3,ปภ.,12.73632,102.18882,72
1118472,กลุ่มเครดิตยูเนียน หมู่ 6,ปภ.,12.624556,102.158523,738
1118474,ศูนย์กู้ภัยทางทะเลและชายฝั่งวงศ์อมาตย์ หมู่ 5,ปภ.,12.9578,100.88441,3133
1118475,บ้านเลขที่ 29/1  หมู่ 1  บ้านมอเกอร์ไทย,ปภ.,16.32864,98.66959,91
1118476,บริเวณ ธ.ก.ส.สาขาประทิว(เทศบาลตำบลสะพลีเดิม),ปภ.,10.5875,99.2807,262
1118479,บ้านคลองปุก บ้านนายสมพร เลขที่ 4/3,ปภ.,12.588463,102.419991,53
1118480,บ้านผู้ใหญ่บ้านสันพระบาท หมู่ 8,ปภ.,17.06395,98.98108,117
1118481,บ้านกำนันตำบลท้องฟ้า หมู่ 3,ปภ.,17.0585,98.97545,117
1118482,บริเวณวัดสองแคว ม.3,ปภ.,17.35429,99.07737,86
1118483,วัดหนองแม่ล่าง หมู่ 9,ปภ.,17.33041,99.09027,70
1118485,วัดเกศแก้วบูรพา,ปภ.,16.64706,98.60309,357
1118487,เขาน้อย,ปภ.,14.322683,101.293798,243
1118489,หอประชุมหมู่บ้าน บ้านปอน หมู่ 6,ปภ.,19.52118,100.92492,82
1118490,หอประชุมหมู่บ้าน บ้านป่าเปือย หมู่ 7,ปภ.,19.516135,100.927708,75
1118494,ศาลาชุมชน หมู่ 2  บ้านร้องตอง,ปภ.,18.755366,100.77248,850
1118496,อาคารเอนกประสงค์บ้านน้ำครกเก่า หมู่ 5,ปภ.,18.686035,100.764733,316
1118498,ศาลาเอนกประสงค์บ้านช่องขวาง,ปภ.,11.51835,99.63806,201
1118499,ศาลาเอนกประสงค์บ้านในล็อค หมู่ 8,ปภ.,11.18092,99.35529,35
1118500,บ้านดอนสำราญ ม.1,ปภ.,11.20343,99.56173,230
1118501,บ้านปากน้ำปราณ ม.2,ปภ.,12.39717,99.99498,1058
1118502,ศาลาเอนกประสงค์กลางหมู่บ้าน บ้านหนองเป่าปี่ ม.3,ปภ.,12.26841,99.76788,28
1118503,ชายหาดทางลงโรงแรมโซฟิเทล,ปภ.,12.56712,99.9629,1355
1118504,บ้านผู้ช่วยผู้ใหญ่บ้าน บ้านปางค่าเหนือ หมู่ 6,ปภ.,19.3341,100.44015,52
1118505,บ้านผู้ใหญ่บ้าน หมู่ 5,ปภ.,19.354575,100.393051,33
1118508,ศาลาเอนกประสงค์ บ้านสบสา หมู่ 5,ปภ.,19.521151,100.364538,171
1118509,วัดบ้านผาตั้ง หมู่ 6,ปภ.,19.11241,100.379645,42
1118510,อาคารผลิตน้ำดื่มป่าแฝกหมู่ 4,ปภ.,19.44931,99.758,278
1118515,วัดขวดน้ำมัน หมู่ 2,ปภ.,17.42461,100.77148,41
1118516,โรงเรียนวัดปลวกง่าม,ปภ.,16.68676,100.60045,271
1118517,ชุมชนตากวน-อ่าวประดู่ เขตเทศบาลเมืองมาบตาพุต,ปภ.,12.67415,101.17208,953
1118518,บริเวณศาลาร่วมใจพัฒนาเฉลิมพระเกียรติ ชุมชนสองพี่น้อง,ปภ.,12.667611,101.290426,3394
1118522,ที่ว่าการอำเภอเมือง,ปภ.,14.79858,100.65299,2719
1118523,ศูนย์สาธารณสุขมูลฐาน หมู่ 9,ปภ.,18.42593,99.26722,31
1118524,โรงพยาบาลส่งเสริมสุขภาพตำบล ท่ามะเกว๋น หมู่ 3,ปภ.,17.67808,99.30872,54
1118526,ศาลาเอนกประสงค์บ้านหลุก หมู่ 2,ปภ.,18.70927,99.56773,425
1118528,หน้าวัดประตูเหล็ก บ้านใหม่เหล่ายาว หมู่ 8,ปภ.,18.73241,99.56254,193
1118529,ศาลากลางบ้าน บ้านนาดง หมู่ 4,ปภ.,18.09839,99.62976,55
1118530,บ้านท้องฝาย หมู่ 3,ปภ.,18.42159,99.02984,252
1118534,บ้านเลขที่ 120 หมู่ 7,ปภ.,16.830538,99.742928,124
1118535,โรงเรียนบ้านเชิงผา ม.11,ปภ.,17.31811,99.51099,366
1118539,โรงพยาบาลส่งเสริมสุขภาพตำบล บ้านสระบัว,ปภ.,17.11197,99.76972,112
1118540,ศาลาเอนกประสงค์บ้านท่าพระ หมู่ 5,ปภ.,17.05052,99.82143,348
1118542,องค์การบริหารส่วนตำบลน้ำไผ่,ปภ.,17.58109,100.67976,22
1118543,วัด กกม่อนแก้ว. หมู่ 7,ปภ.,17.57251,100.67628,19
1118544,บ้านเลขที่ 127 บ้านโป่งพาน หมู่ 5,ปภ.,17.88193,100.97603,43
1118547,บ้านผู้ใหญ่บ้าน บ้านปางวัว หมู่ 7,ปภ.,17.72084,100.2173,71
1118548,ที่ทำการผู้ใหญ่บ้าน หมู่ 5 บ้านแม่เฉย,ปภ.,17.74396,100.13901,154
1118549,ที่ทำการ อบต.แม่เจดีย์,ปภ.,19.193641,99.534261,247
1118550,วัดหินแตก บ้านหินแตก,ปภ.,20.25005,99.646913,367
1118554,บริเวณวัดจอมแจ้ง,ปภ.,17.405783,98.462226,132
1118556,บ้านหุบเฉลา ม.8,ปภ.,12.66303,99.66789,33
1118558,ที่บ้านผู้ใหญ่บ้าน หมู่ 3,ปภ.,13.09366,100.06203,475
1118562,วัดศรีสุทธาราม หมู่ 9,ปภ.,18.25442,99.97555,131
1118564,ศาลา SML บ้านนาปลากั้ง หมู่ 3,ปภ.,17.79307,99.78394,114
1118565,สนง. อบต. ห้วยไร่,ปภ.,17.913085,100.06669,139
1118566,วัดห้วยลากปืน  หมู่ 10,ปภ.,17.8833,100.07409,47
1118567,องค์การบริหารส่วนตำบลเวียงเหนือ,ปภ.,19.37834,98.44574,70
1118568,หลังอาคารกองร้อย อส.,ปภ.,19.35902,98.43986,158
1118571,อ่าวตาลคู่ หมู่ 1,ปภ.,12.20394,102.28004,95
1119536,บ้านบ่อม่วง,ปภ.,7.677,99.19893,82
1119537,บ้านแหลมสัก,ปภ.,8.276975,98.651688,202
1119538,บ้านลันตาน้อย,ปภ.,7.67166,99.04279,81
1119540,บ้านคลองประสงค์ หมู่2,ปภ.,8.02719,98.88746,153
1119543,ร.ร.บ้านแหลมโพธิ์,ปภ.,8.03235,98.89191,103
1119545,โรงเรียนบ้านเกาะจำ,ปภ.,7.79293,98.9913,46
1119546,เทศบาลตำบลเอราวัณ,ปภ.,14.383277,99.13765,67
1119547,องค์การบริหารส่วนตำบลลำชี,ปภ.,16.21329,103.48106,115
1119548,วัดโนนแดงใต้ หมู่ 2,ปภ.,16.21968,103.451315,92
1119550,บ้านเลขที่ 2 หมู่ 4,ปภ.,14.94948,99.82735,61
1119553,บ้านหาดทรายรี ม.8,ปภ.,10.19248,99.1858,129
1119554,EG02 - หน้าสถานีวิทยุชุมชน ม.3 ต.ปากน้ำ อ.หลังสวน จ.ชุมพร,ปภ.,10.4365,99.2443,1201
1119555,หน้าสนามกีฬาอนุกูล บ้านบน ม.5,ปภ.,10.43651,99.24413,1201
1119559,หลังปั๊มน้ำมัน บริเวณหาดยาวเจ้าไหม หมู่6,ปภ.,7.31059,99.39901,116
1119560,บ้านหาดทรายทอง หมู่4,ปภ.,7.109518,99.579049,123
1119561,บ้านแหลมไทร หมู่3,ปภ.,7.62952,99.24422,29
1119564,ท่าเทียบเรือหาดปากเมง หมู่4,ปภ.,7.5066,99.31394,49
1119565,บ้านทุ่งเปลว หมู่3,ปภ.,7.16722,99.57565,81
1119568,บ้านท้องฟ้า หมู่ 2,ปภ.,17.04738,98.97895,97
1119569,ที่ทำการ อบต. ป่าขะ,ปภ.,14.301295,101.07008,197
1119570,บ้านหนองกระทุ่ม หมู่ 7,ปภ.,15.007058,102.083506,1242
1119571,บ้านคอเขา ม.2,ปภ.,9.1995,99.874932,164
1119572,องค์การบริหารส่วนตำบลท่าศาลา,ปภ.,8.663347,99.928204,1640
1119573,บ้านปลายอวน ม.5,ปภ.,8.508926,99.80418,108
1119574,องค์การบริหารส่วนตาบลกำโลน,ปภ.,8.408102,99.794936,196
1119577,หาดนราทัศน์,ปภ.,6.448501,101.821052,1434
1119579,องค์การบริหารส่วนตาบลบุพราหมณ์,ปภ.,14.281191,101.897031,142
1119580,หาดวาสุกรี,ปภ.,6.708428,101.642851,557
1119581,ศาลาเอนกประสงค์ ม.2 บ้านยือโม๊ะ,ปภ.,6.830144,101.245617,324
1119582,ทต.บางปะหัน,ปภ.,14.46164,100.54531,928
1119583,อุทยานแห่งชาติ หมู่เกาะสุรินทร์เหนือ (อบต.บางม่วง),ปภ.,9.43282,97.86224,0
1119584,หาดนางทอง บางหลาโอน,ปภ.,8.6452,98.24702,290
1119585,โรงเรียนราชประชานุเคราะห์ 35 หมู่ 8 บ้านบางสักใต้,ปภ.,8.7729,98.26571,68
1119586,อนุสรณ์ 5 ธันวา บ้านน้ำเค็ม หมู่2,ปภ.,8.85762,98.27284,252
1119587,บริเวณอำเภอเก่า หมู่1,ปภ.,8.99641,98.30841,16
1119590,ศาลาประชาคม หมู่ 5,ปภ.,7.36439,99.98579,169
1119591,องค์การบริหารส่วนตาบลชะมวง,ปภ.,7.748877,99.979776,386
1119592,ที่ทำการผู้ใหญ่บ้าน หมู่ 1,ปภ.,7.587947,99.856587,178
1119593,วัดบ้านนา,ปภ.,7.56261,99.91366,186
1119594,หอประชุมหมู่บ้าน หมู่ 5 บ้านโล๊ะไฟ,ปภ.,7.50422,99.8991,82
1119595,อบต. งื้วราย,ปภ.,16.245528,100.412673,326
1119598,บ้านสวนมะพร้าว หมู่ 3,ปภ.,8.1587,98.29581,950
1119601,บ้านบางเบน,ปภ.,9.60494,98.46806,144
1119602,หาดประพาส,ปภ.,9.37024,98.39699,106
1119603,บ้านปากคลอง หมู่1,ปภ.,9.942865,98.59467,1229
1119605,บ้านเกาะทรายดำหน้านอก หมู่5,ปภ.,9.7638,98.51184,39
1119607,วัดพุศิลามงคล หมู่ 13,ปภ.,13.295032,99.431667,29
1119608,ที่ว่าการอำเภอชัยบาดาล,ปภ.,15.20606,101.1369,996
1119609,ศาลาเอนกประสงค์บ้านป่าไผ่ ม.1,ปภ.,17.87745,98.9253,204
1119610,ที่ว่าการอำเภอสว่างแดนดิน,ปภ.,17.47527,103.457916,1424
1119612,บริเวณข้างศูนย์พัฒนาเด็กเล็ก บ้านบ่อโซน หมู่ 7,ปภ.,6.951485,100.811922,565
1119613,หาดมหาราช,ปภ.,7.475482,100.445335,1133
1119615,บ้านทุ่งสะโบ๊ะ ม.2,ปภ.,7.025641,99.67609,141
1119616,บ้านปากบารา ม.2,ปภ.,6.856393,99.725867,476
1119619,ร.ร.บ้านบุโบย ม.3,ปภ.,6.948872,99.691046,67
1119620,บ้านสนกลาง ม.4,ปภ.,6.916191,99.686514,42
1119621,ป้ายทางเข้าอุทยาน ฯ ปางสีดา,ปภ.,13.97827,102.20292,79
1119622,บ้านละว้าวังควาย ( บริเวณวัด ฯ ),ปภ.,14.8578,99.39806,34
1119624,บ้านสองพี่น้อง หมู่1 (บ้านเลขที่ 48 หมู่ 1 ),ปภ.,8.83623,98.72204,30
1119625,บ้านลูกเดือน หมู่ 6 (ศาลาเอนกประสงค์ บ้านลูกเดือน หมู่ 6),ปภ.,8.81892,98.79425,51
1119627,ศาลาประชาคมหมู่บ้านปลายแหลม,ปภ.,9.57262,100.06635,256
1119629,เทศบาลตำบลท่าตูม,ปภ.,15.31902,103.67404,621
1119630,ศูนย์การเรียนรู้ชุมชน,ปภ.,18.099193,102.148331,63
1119632,ที่ทำการผู้ใหญ่บ้าน หมู่ 8 บ้านโคกสว่าง,ปภ.,17.419913,102.004725,187
1119634,ศาลาเอนกประสงค์บ้านตาดไฮ หมู่5 บ้านตาดไฮ,ปภ.,16.90669,102.41233,97
1119635,ศาลาเอนกประสงค์บ้านหนองปิง หมู่ 6,ปภ.,16.91044,102.3894,148
1119636,โรงเรียนบ้านนาสีดา,ปภ.,16.264013,104.985281,85
1119637,อบต.นาวัง,ปภ.,15.99938,104.56758,66
1119638,ร.ร.บ้านนาเก็น,ปภ.,17.860496,102.256593,108
1119639,บ้านเลขที่ 166 หมู่ 3 บ้านวังโป่ง,ปภ.,17.53215,100.41261,83
1119641,ศาลา SML. หมู่.2 บ้านวังหัวดอย,ปภ.,17.78638,100.29104,70
1119642,บ้านผู้ใหญ่บ้าน หมู่ 3,ปภ.,17.6969,100.01749,458
1119643,ที่ทำการกำนัน หมู่ 2,ปภ.,15.59032,99.85074,475
1119644,ที่ทำการผู้ใหญ่บ้าน หมู่ 3,ปภ.,15.56532,99.86452,169
1119645,องค์การบริหารส่วนตำบลหนองนางนวล,ปภ.,15.33408,99.86665,67
1119646,บ้านนายสมชาย (ผู้นำชุมชน) หมู่ 2,ปภ.,15.35148,99.53145,62
1119648,ที่ทำการผู้ใหญ่บ้าน หมู่ 13,ปภ.,20.43414,99.89809,2502
1119649,บ้านซับเปิบ หมู่3,ปภ.,16.354098,100.934363,51
1120,บ้านโนนตะวัน,ทน.,17.533764,101.986768,128
1120550,หน่วยพิทักษ์อุทยานแห่งชาติที่ ขป. ๗ (น้ำตกควนประ),พพภ,7.675854,99.772644,30
1120551,หน่วยพิทักษ์อุทยานแห่งชาติที่ ขป. ๒  (น้ำตกปากแจ่ม),พพภ,7.730728,99.68227,49
1120552,สวนไม้ดอกเมืองหนาวเบตง (หมู่บ้านปิยะมิตร ๒),พพภ,5.887365,101.02043,20
1120553,อุโมงค์ปิยะมิตร (บ้านปิยะมิตร ๑),พพภ,5.889625,101.047,24
1120554,คลองเบตง (ชุมชนกุนุงจนอง),พพภ,5.785312,101.058685,686
1120555,หน่วยจัดการต้นน้ำและพัฒนาชุมชนในพื้นที่ป่าอนุรักษ์ปากพนัง,พพภ,8.2542,99.803406,36
1120556,หน่วยพิทักษ์อุทยานแห่งชาติ ตย. ๔ (เขาทง),พพภ,8.33562,99.70955,99
1120557,สะพานบ้านคีรีวง คลองท่าดี,พพภ,8.432906,99.782646,180
1120558,หน่วยพิทักษ์ป่าบางพัน,พพภ,8.509954,98.91039,45
1120559,ที่ทำการอุทยานแห่งชาติใต้ร่มเย็น,พพภ,8.872031,99.47702,27
1120560,หน่วยป้องกันรักษาป่า ที่ สฎ. ๑๖ (เกาะสมุย),พพภ,9.47909,99.9874,27
1120561,ที่ทำการเขตรักษาพันธุ์สัตว์ป่าโตนงาช้าง,พพภ,6.943634,100.250435,74
1120562,หน่วยพิทักษ์อุทยานแห่งชาติที่ ขป. ๕ (บ้านในเตา),พพภ,7.8944,99.70658,87
1120563,หน่วยพิทักษ์ป่าเขาประ (แผ่นดินเสมอ),พพภ,7.99341,99.26644,27
1120564,ที่ทำการอุทยานแห่งชาติ.เขาพนมเบญจา,พพภ,8.240531,98.91488,26
1121,บ้านห้วยตาดใต้,ทน.,17.5816,101.9083,35
1121199,สะพานแม่น้ำงาว,พพภ,20.030533,100.48944,218
1121200,หน่วยจัดการต้นน้ำและพัฒนาชุมชนในพื้นที่ป่าอนุรักษ์ดอยผาหม่น,พพภ,19.470303,100.48696,14
1121201,หน่วยจัดการต้นน้ำและพัฒนาชุมชนในพื้นที่ป่าอนุรักษ์ภูซาง,พพภ,19.703238,100.398834,55
1121203,หน่วยจัดการต้นน้ำและพัฒนาชุมชนในพื้นที่ป่าอนุรักษ์ดอยปางหนุน,พพภ,20.360617,99.49909,59
1121204,ที่ทำการอุทยานแห่งชาติถ้ำหลวง - ขุนน้ำนางนอน,พพภ,20.381266,99.86751,153
1121205,หน่วยพิทักษ์อุทยานแห่งชาติที่ มป. ๓ (ห้วยหลวง),พพภ,19.51145,99.9326,41
1121206,หน่วยพิทักษ์อุทยานแห่งชาติที่ มป. ๒ (ห้วยพญาเก๊า),พพภ,19.803078,99.87332,46
1121207,หน่วยพิทักษ์อุทยานแห่งชาติที่ ดล. ๔ (สันกลาง),พพภ,19.63342,99.65183,74
1121208,ที่ทำการอุทยานแห่งชาติดอยหลวง,พพภ,19.444023,99.70324,59
1121209,ศูนย์ส่งเสริมการควบคุมไฟป่าเชียงราย,พพภ,20.241756,100.17084,254
1121210,ที่ทำการเขตห้ามล่าสัตว์ป่าหนองบงคาย,พพภ,20.261282,100.046135,98
1121211,หน่วยจัดการต้นน้ำและพัฒนาชุมชนในพื้นที่ป่าอนุรักษ์น้ำก่ำ,พพภ,16.8692,104.528,51
1121212,หน่วยจัดการต้นน้ำและพัฒนาชุมชนในพื้นที่ป่าอนุรักษ์ห้วยหินสอ,พพภ,17.30552,101.38282,10
1121215,หน่วยจัดการต้นน้ำและพัฒนาชุมชนในพื้นที่ป่าอนุรักษ์ลำชี,พพภ,16.824013,103.77959,37
1121216,หน่วยจัดการต้นน้ำและพัฒนาชุมชนในพื้นที่ป่าอนุรักษ์หลังสัน,พพภ,15.9385,101.521,14
1121217,หน่วยจัดการต้นน้ำและพัฒนาชุมชนในพื้นที่ป่าอนุรักษ์ทุ่งลุยลาย,พพภ,16.499163,101.67309,14
1121219,สถานีควบคุมไฟป่าห้วยศาลา,พพภ,14.5013,104.276,23
1121220,หน่วยจัดการต้นน้ำและพัฒนาชุมชนในพื้นที่ป่าอนุรักษ์ห้วยเสียดจะเอิง,พพภ,14.4554,103.915,35
1121222,หน่วยศึกษาการพัฒนาการอนุรักษ์ต้นน้ำน้ำเงิน,พพภ,19.36386,100.37124,17
1121223,หน่วยจัดการต้นน้ำและพัฒนาชุมชนในพื้นที่ป่าอนุรักษ์แม่แตะ,พพภ,17.7042,98.8346,22
1121224,หน่วยจัดการต้นน้ำและพัฒนาชุมชนในพื้นที่ป่าอนุรักษ์แม่ตื่น,พพภ,17.564354,98.50224,29
1121225,หน่วยจัดการต้นน้ำและพัฒนาชุมชนในพื้นที่ป่าอนุรักษ์แม่ต๋อม,พพภ,17.903154,98.30274,24
1121226,ที่ทำการอุทยานแห่งชาติลานสาง,พพภ,16.77711,99.005714,42
1121227,ที่ทำการอุทยานแห่งชาติดอยสอยมาลัย-ไม้กลายเป็นหิน,พพภ,17.056845,99.0743,538
1121228,สะพานน้ำแม่ต๋อม,พพภ,17.799877,98.36419,199
1121229,สะพานน้ำแม่แจ่ม บ้านแปะ,พพภ,18.232069,98.439766,37
1121231,ที่ทำการอุทยานแห่งชาติตากสินมหาราช,พพภ,16.775963,98.92825,47
1121232,ที่ทำการเขตห้ามล่าสัตว์ป่าดอยพระบาท,พพภ,18.616037,99.49938,32
1121233,สถานีวิจัยต้นน้ำวัง,พพภ,17.7567,99.1794,16
1121234,สะพานน้ำวัง,พพภ,19.232492,99.63247,98
1121235,หน่วยจัดการต้นน้ำและพัฒนาชุมชนในพื้นที่ป่าอนุรักษ์ขุนสอย,พพภ,18.997137,99.51786,53
1121236,หน่วยจัดการต้นน้ำและพัฒนาชุมชนในพื้นที่ป่าอนุรักษ์แม่จาง,พพภ,18.385023,99.82247,23
1121237,หน่วยจัดการต้นน้ำและพัฒนาชุมชนในพื้นที่ป่าอนุรักษ์แม่แจ้ฟ้า,พพภ,18.8129,99.7737,10
1121239,สะพานน้ำงิม,พพภ,19.321678,100.456184,29
1121240,สะพานน้ำเงิน,พพภ,19.228998,100.326294,96
1121241,หน่วยศึกษาการพัฒนาการอนุรักษ์ต้นนํ้าแม่จั๊วะ,พพภ,19.01259,100.17051,10
1121242,สะพานคลองตรอน,พพภ,17.463362,100.23722,430
1121243,สะพานคลองท่าสะแก,พพภ,17.253153,100.62827,130
1121244,หน่วยจัดการต้นน้ำและพัฒนาชุมชนในพื้นที่ป่าอนุรักษ์ห้วยผึ้ง,พพภ,17.7877,100.66,17
1121245,หน่วยป้องกันรักษาป่าที่ พล. ๑๑ (น้ำเลา),พพภ,17.209349,101.016914,43
1121246,หน่วยจัดการต้นน้ำและพัฒนาชุมชนในพื้นที่ป่าอนุรักษ์ขุนน้ำปาด,พพภ,18.079493,101.143715,16
1121247,ที่ทำการอุทยานแห่งชาติภูสอยดาว,พพภ,17.6966,100.947,14
1121250,ที่ทำการอุทยานแห่งชาติภูหินร่องกล้า,พพภ,17.004087,100.992645,27
1121251,สถานีเพาะชำกล้าไม้อุตรดิตถ์,พพภ,17.763918,100.16196,47
1121253,หน่วยจัดการต้นน้ำและพัฒนาชุมชนในพื้นที่ป่าอนุรักษ์สะแกกรัง,พพภ,15.502394,99.46196,47
1121254,หน่วยจัดการต้นน้ำและพัฒนาชุมชนในพื้นที่ป่าอนุรักษ์ขุนน้ำเย็น,พพภ,15.8948,99.3084,25
1121256,หน่วยอนุรักษ์และจัดการต้นน้ำลำห้วยสัก,พพภ,17.249916,101.383064,10
1121257,หน่วยศึกษาการพัฒนาการอนุรักษ์ต้นน้ำห้วยโล่ง,พพภ,18.82737,99.83016,16
1121258,สะพานแม่น้ำแควใหญ่,พพภ,16.04928,98.844765,48
1121262,หน่วยพิทักษ์ป่าคลองพอก,พพภ,13.246144,102.110344,25
1121263,หน่วยจัดการต้นน้ำและพัฒนาชุมชนในพื้นที่ป่าอนุรักษ์ภูไท,พพภ,13.417764,101.883095,15
1121264,หน่วยพิทักษ์ป่าอ่างช้างน้ำ,พพภ,13.2743,101.082,84
1121265,สะพานคลองจันทเขลม,พพภ,13.003336,102.04864,84
1121266,สะพานคลองวังโตนด,พพภ,13.119586,101.954346,31
1121267,สะพานคลองสะตอ,พพภ,12.7065,102.415,48
1121269,หน่วยพิทักษ์อุทยานแห่งชาติที่ คก. ๓ (เขาพลู),พพภ,12.4193,102.744,27
1121270,หน่วยจัดการต้นน้ำและพัฒนาชุมชนในพื้นที่ป่าอนุรักษ์คลองสะตอ,พพภ,12.5973,102.608,35
1121271,ศูนย์ศึกษาการพัฒนาการอนุรักษ์ต้นน้ำลุ่มน้ำป่าสัก,พพภ,17.082167,101.45538,21
1121272,ที่ทำการอุทยานแห่งชาติเขาสิบห้าชั้น,พพภ,13.1773,102.00344,13
1121273,ที่ทำการอุทยานแห่งชาติเขาชะเมา-เขาวง,พพภ,12.912333,101.72454,108
1121274,หน่วยจัดการต้นน้ำและพัฒนาชุมชนในพื้นที่ป่าอนุรักษ์คลองครก,พพภ,13.1851,101.801,16
1121275,หน่วยศึกษาการพัฒนาการอนุรักษ์ต้นน้ำบ้านหลวง,พพภ,18.774237,100.42194,15
1121276,ศูนย์ศึกษาและพัฒนาป่าไม้อ่าวคุ้งกระเบน,พพภ,12.571805,101.8964,119
1121277,ที่ทำการอุทยานแห่งชาติเกาะช้าง,พพภ,12.12542,102.26843,40
1121278,ที่ทำการอุทยานแห่งชาติกุยบุรี,พพภ,12.051988,99.62372,20
1121279,หน่วยพิทักษ์อุทยานแห่งชาติที่ สย. ๓ (โรงเจ ),พพภ,12.227969,99.93135,39
1121280,หน่วยจัดการต้นน้ำและพัฒนาชุมชนในพื้นที่ป่าอนุรักษ์ปราณบุรี,พพภ,12.611995,99.54675,29
1121283,ศูนย์ศึกษาและพัฒนาป่าไม้ห้วยทราย,พพภ,12.669536,99.91219,69
1121284,ที่ทำการอุทยานแห่งชาติน้ำตกห้วยยาง,พพภ,11.625459,99.61477,33
1121285,หน่วยพิทักษ์อุทยานแห่งชาติที่ หย. ๒ (น้ำตกขาอ่อน),พพภ,11.4481,99.41958,15
1121289,หน่วยพิทักษ์ป่าเขาชาลี,พพภ,9.227045,98.52561,7
1121290,ศูนย์ศึกษาการพัฒนาการอนุรักษ์ต้นน้ำลุ่มน้ำภาตใต้ฝั่งตะวันออกตอนบน,พพภ,9.751751,98.646385,25
1121291,เขตรักษาพันธุ์สัตว์ป่า อุทยาน เสด็จในกรม กรมหลวงชุมพร ด้านทิศเหนือ (ตอนล่าง),พพภ,10.90971,99.12433,18
1121297,เขตรักษาพันธุ์สัตว์ป่า อุทยาน เสด็จในกรม กรมหลวงชุมพร ด้านทิศใต้,พพภ,10.513319,98.911064,102
1123,บ้านเพิ่ม,ทน.,17.986297,102.075998,46
1123646,บ้านห้วยลาด,ทน.,17.225973,101.230274,38
1123647,บ้านแม่ใจเหนือ,ทน.,19.919476,99.191394,1009
1123648,บ้านน้ำลัด,ทน.,18.430578,98.66912,780
1123649,บ้านหนองห่าย,ทน.,18.453694,98.729318,361
1123650,บ้านแม่ลาน,ทน.,17.694679,98.353775,15
1123651,บ้านใหม่หล่ายท่า,ทน.,19.17154,99.622608,132
1123652,บ้านเปียงใจ,ทน.,18.815019,99.743708,11
1123653,บ้านทุ่งโป่ง,ทน.,18.774213,99.486707,81
1123654,บ้านปวง,ทน.,17.865614,99.066791,122
1123655,บ้านแม่ของ,ทน.,19.387812,98.440922,58
1123656,บ้านเหมืองแร่,ทน.,19.240979,98.450155,16
1123657,บ้านไม้สะเป่,ทน.,19.429392,97.855561,10
1123658,บ้านโท้งหลวง,ทน.,19.683759,98.082688,12
1123661,บ้านปางคาม,ทน.,19.681226,98.209316,18
1123663,บ้านห้วยต้นนุ่น,ทน.,18.753525,97.829615,7
1123664,บ้านห้วยไก่ป่า,ทน.,18.513485,97.898379,30
1123665,บ้านห้วยเสือเฒ่า,ทน.,19.260113,97.905817,22
1123666,บ้านพะละ,ทน.,17.047318,98.574007,44
1123668,บ้านห้วยกระทิง,ทน.,17.052353,98.671388,27
1123669,บ้านเย้าแม่ต๋ำ,ทน.,19.995767,100.165556,43
1123672,บ้านห้วยแม่ซ้าย,ทน.,19.985211,99.729928,35
1123674,บ้านแม่ข้าวต้มท่าสุด (บ้านห้วยเจริญ),ทน.,20.08057,99.84899,70
1123675,บ้านแม่สาด (บ้านปางกลาง),ทน.,19.877334,99.6875,49
1123676,บ้านแม่สลัก,ทน.,20.038973,99.476256,125
1123677,บ้านใหม่แม่ยางมิ้น,ทน.,19.56812,99.44115,46
1123678,บ้านอายิโก๊ะ (บ้านป่าซ้อแสนพงษ์),ทน.,19.67807,99.3053,24
1123679,บ้านโป่งกลางน้ำ,ทน.,19.872124,99.479156,45
1123680,บ้านจู้จี้,ทน.,19.89824,99.511515,21
1123681,บ้านห้วยน้ำเย็น,ทน.,19.839418,99.506389,60
1123682,บ้านทุ่งยาว,ทน.,19.188357,99.438707,29
1123683,บ้านสาเจริญ,ทน.,19.196259,99.520523,550
1123684,บ้านโป่งหนอง,ทน.,19.365567,99.536156,64
1123685,บ้านใหม่พัฒนา,ทน.,19.344777,99.528999,119
1123686,บ้านป่าตึง,ทน.,19.309325,99.409349,44
1123687,บ้านห้วยมะเดื่อ (บ้านแม่ปูนน้อย),ทน.,19.390625,99.420799,39
1123688,บ้านขุนห้วยไคร้,ทน.,19.72887,100.374775,45
1123689,บ้านศรีโพธิ์เงิน,ทน.,19.445814,99.965101,125
1123690,บ้านดงเจริญ,ทน.,19.480109,99.705893,89
1123691,บ้านท่าดีหมี,ทน.,19.530298,99.696714,100
1123692,บ้านดงตะเคียน,ทน.,19.649697,99.77442,112
1123693,บ้านดอยงาม,ทน.,19.526098,99.861789,99
1123694,บ้านปางงุ้น,ทน.,18.89505,100.13837,32
1123695,บ้านกิ่วแก้ว,ทน.,19.37946,100.088455,92
1123696,บ้านผาฮาว,ทน.,19.458293,100.278919,91
1123697,บ้านปางถ้ำ,ทน.,19.499217,100.457859,25
1123698,บ้านประชาภักดี (บ้านห้วยปุ้ม),ทน.,19.535907,100.440415,18
1123699,บ้านนาบัว,ทน.,18.977305,100.144935,22
1123700,บ้านแม่จั๊ว,ทน.,19.031743,100.249101,42
1123701,บ้านห้วยกอก (บ้านน้ำปุก),ทน.,19.25623,100.49135,9
1123702,บ้านปางค่าเหนือ,ทน.,19.368361,100.470562,12
1123703,บ้านปางพริก,ทน.,19.314713,100.464666,20
1123704,บ้านน้ำฮาก,ทน.,19.329427,100.357865,30
1123705,บ้านร่องปอ,ทน.,19.29155,99.939935,64
1123706,บ้านสันป่าส้าน,ทน.,19.300732,99.962315,74
1123707,บ้านกาดถีกลาง,ทน.,19.401731,99.982602,82
1123708,บ้านแม่สุกดอย (บ้านม่อนตากหงาย),ทน.,19.326253,99.754483,32
1123709,บ้านปงตอง,ทน.,20.127025,99.859735,651
1123710,บ้านนาโต่,ทน.,20.293242,99.565398,84
1123711,บ้านธาตุ,ทน.,20.148983,99.66767,76
1123712,บ้านวังบ่าง,ทน.,15.312792,99.658732,116
1123713,บ้านห้วยข่อย,ทน.,17.044677,101.297397,69
1123715,บ้านหมากแข้ง,ทน.,17.00765,101.109554,29
1123717,บ้านชมเจริญ,ทน.,17.707099,101.907478,38
1123718,บ้านเลิง,ทน.,17.711112,102.00688,24
1123720,บ้านพระซอง,ทน.,17.013011,104.568232,295
1123721,บ้านนาคำ,ทน.,17.129117,104.048914,154
1123724,บ้านหนองค้าพัฒนา,ทน.,17.02929,103.91076,80
1123725,บ้านโคกภูใหม่,ทน.,17.025049,103.832257,83
1123726,บ้านกกโด่,ทน.,16.970765,104.016964,108
1123728,บ้านฝั่งแดง,ทน.,17.267301,102.227385,268
1123729,บ้านสนามชัย,ทน.,17.403565,102.145088,98
1123730,บ้านกุดแห่,ทน.,17.332035,102.183672,203
1123731,บ้านภูพานทอง,ทน.,17.228966,102.47278,189
1123732,บ้านถ้ำกองเพล,ทน.,17.23537,102.533205,212
1123734,บ้านบุญทัน,ทน.,17.553497,102.157657,122
1123735,บ้านโสมเยี่ยม,ทน.,17.81421,102.231495,73
1123737,บ้านทับไฮ,ทน.,17.108731,102.771099,35
1123738,บ้านโคกล่าม,ทน.,17.06926,102.631423,124
1123740,บ้านเขาวง,ทน.,16.650829,101.773081,58
1123741,บ้านน้ำคำ,ทน.,16.67387,103.964021,70
1123742,บ้านแก้งกะอาม,ทน.,16.778025,103.837717,122
1123743,บ้านวังโพน,ทน.,16.013158,101.986295,34
1123744,บ้านโนนพระคำ,ทน.,15.950174,102.008527,96
1123745,บ้านหนองเชียงรอดเหนือ,ทน.,16.515036,101.823138,37
1123746,บ้านโหล่น,ทน.,16.254529,101.481703,90
1123747,บ้านคลองเจริญ,ทน.,16.225363,101.568146,32
1123748,บ้านน้ำโตน,ทน.,15.34415,101.445125,60
1123750,บ้านท่าช้างเหนือ,ทน.,14.547743,101.420603,164
1123751,บ้านไทรคู่,ทน.,11.306489,99.448436,67
1123752,บ้านย่านซื่อ,ทน.,12.066353,99.651016,41
1123753,บ้านห้วยน้ำดำ,ทน.,6.858916,100.031146,146
1123754,บ้านปาล์มไทย (บ้านส้านแดง),ทน.,7.046194,100.030196,25
1123755,บ้านเหนือคลอง,ทน.,6.982381,100.019556,47
1123756,บ้านผัง 120,ทน.,6.929001,99.980648,41
1123757,บ้านวังยาว,ทน.,6.99506,99.886313,106
1123758,บ้านคีรีวง,ทน.,7.112939,99.79826,33
1123759,บ้านป่าแก่บ่อหิน,ทน.,7.030333,99.79666,68
1123760,บ้านทุ่งขมิ้น,ทน.,7.051269,99.850141,76
1123761,บ้านปลักหว้า,ทน.,6.80296,99.963794,265
1123763,บ้านคลองคุ้ย,ทน.,7.730747,99.682661,49
1123764,ชุมชนหน้าไฟฟ้า-บ้านกลาง,ทน.,7.68574,99.596415,372
1123765,บ้านล่องน้ำ,ทน.,7.972701,99.703762,101
1123766,บ้านวังธน,ทน.,7.962891,99.777735,31
1123767,บ้านทุ่งโชน,ทน.,7.961605,99.852501,64
1123768,บ้านท่าข้าม,ทน.,8.009161,99.812076,118
1123769,บ้านทุ่งกระจูด,ทน.,8.468075,99.532318,152
1123771,บ้านภูเวียง,ทน.,18.951416,100.738659,32
1123772,บ้านสะเกิน,ทน.,19.357973,100.538016,25
1123774,บ้านสบขุ่น,ทน.,19.096261,100.582693,56
1123775,บ้านศรีสมุทร,ทน.,9.816444,98.825045,29
1123777,บ้านยายหม่น,ทน.,10.799133,99.116478,34
1123778,บ้านแพรกแห้ง,ทน.,10.397219,98.99493,36
1123779,บ้านนาสัก,ทน.,10.195399,99.048489,66
1123780,บ้านหัวหิน,ทน.,9.917436,99.01039,67
1123781,บ้านเขาช่องลม,ทน.,9.7378,99.006127,42
1123782,บ้านคลองสระ,ทน.,9.037549,99.628744,82
1123783,บ้านวังไทร,ทน.,9.044243,99.542865,111
1123784,บ้านยูงงาม,ทน.,8.472825,98.986899,77
1123785,บ้านควนพุน,ทน.,8.438118,98.987245,58
1123787,บ้านหน้าเขา,ทน.,8.529955,98.990604,60
1123789,บ้านควนสบาย,ทน.,8.544552,98.706684,44
1123790,บ้านหน้าช่องฉันทนา (บ้านไสใหญ่),ทน.,8.244067,99.209211,62
1123791,บ้านไสยง,ทน.,8.210164,99.22717,32
1123792,บ้านหัวสวน,ทน.,9.136265,98.451955,19
1123793,บ้านศรีราชา,ทน.,8.818933,98.440719,61
1123796,บ้านคอกช้าง,ทน.,9.618027,98.652284,48
1123797,บ้านแพรกขวา,ทน.,9.54677,98.707785,52
1123800,บ้านป่าไม้พัฒนา,ทน.,16.821098,104.118973,37
1123801,บ้านแมด,ทน.,16.640448,104.376085,78
1123802,บ้านแก้งช้างเนียม,ทน.,16.569722,104.277896,48
1123803,บ้านหนองไห,ทน.,16.208084,102.665055,281
1123804,บ้านท่าฉาง,ทน.,15.867757,102.324973,236
1123805,บ้านโนนน้อย,ทน.,15.659902,101.932975,270
1123806,บ้านโนนตูม,ทน.,16.10879,101.663867,103
1123807,บ้านหนองโน,ทน.,16.195865,103.156029,108
1123808,บ้านเกิ้งพัฒนา,ทน.,16.216735,103.340724,235
1123809,บ้านน้ำพอง,ทน.,16.827698,101.848349,74
1123810,บ้านหนองกวาง,ทน.,12.561886,102.288815,66
1123811,ชุมชนชัยพรราชา,ทน.,12.96831,100.92304,2351
1123812,ชุมชนมิตรสัมพันธ์,ทน.,12.952748,100.91541,3119
1123813,บ้านหมื่นด่าน,ทน.,12.595746,102.578773,93
1123814,บ้านโคกเขื่อน,ทน.,14.159991,101.521952,135
1123815,บ้านวัดจันทร์,ทน.,19.06953,98.304398,51
1123816,บ้านน้ำตกแม่กลาง,ทน.,18.48915,98.672086,198
1123817,บ้านออน,ทน.,19.499074,99.0736,34
1123818,บ้านวังมะริว,ทน.,19.378589,98.721217,56
1123819,บ้านป่ารวก,ทน.,19.752577,99.151592,603
1123820,บ้านอ่าย,ทน.,19.680608,99.15058,301
1123821,บ้านหนองอ้อม,ทน.,19.79405,99.169619,664
1123822,บ้านแม่ซา,ทน.,18.814779,98.333695,35
1123823,บ้านกองกาน,ทน.,18.546353,98.353798,78
1123824,บ้านสบก๋าย,ทน.,19.234728,98.783885,30
1123825,บ้านผาแด่น,ทน.,19.063675,98.77619,37
1123826,บ้านทับเดื่อ,ทน.,19.248526,98.968513,94
1123827,บ้านป่าแดด,ทน.,19.93195,99.278107,197
1123828,บ้านสันห้าง,ทน.,19.915379,99.319812,111
1123829,บ้านจะนะ,ทน.,20.063836,99.237005,63
1123831,บ้านโห้งเหนือ,ทน.,20.035515,99.297422,827
1123832,บ้านหาดส้มป่อย,ทน.,18.876148,98.613513,32
1123833,บ้านเหมืองฟู,ทน.,18.663346,98.82618,262
1123834,บ้านท่าต้นกวาว,ทน.,18.719945,99.071511,620
1123835,บ้านห้วยหล่อดูก,ทน.,17.422119,98.459433,115
1123836,บ้านหลิม,ทน.,17.799893,98.364069,199
1123837,บ้านตาลเจ็ดต้น,ทน.,19.401385,98.449656,45
1123838,บ้านห้วยเฮี้ย,ทน.,19.505859,98.498679,15
1123839,บ้านนาแก้วตะวันตก,ทน.,18.112375,99.347773,300
1123840,บ้านไหล่หินตะวันตก,ทน.,18.20979,99.337733,263
1123841,บ้านข่อย,ทน.,18.889093,99.94023,114
1123842,บ้านปงคอบ,ทน.,18.759017,99.562078,183
1123843,บ้านแม่มอกใต้,ทน.,17.623949,99.370664,25
1123844,บ้านปางอ้า,ทน.,17.428228,99.361444,43
1123845,บ้านทุ่ง,ทน.,18.839804,99.511887,93
1123846,บ้านศรีดอนมูล,ทน.,18.810419,99.5032,114
1123847,บ้านขอใต้,ทน.,18.65129,99.47465,76
1123848,บ้านทุ่งสะแกง,ทน.,18.699913,99.483582,51
1123849,บ้านวังตม,ทน.,18.4913,99.972921,22
1123850,บ้านห้วยป้าย,ทน.,19.296164,99.616463,101
1123851,บ้านแม่สุขเหนือ,ทน.,19.131933,99.627375,155
1123852,บ้านต้นฮ่าง,ทน.,19.056799,99.640113,93
1123853,บ้านป่าฝาง,ทน.,19.065157,99.638035,102
1123855,บ้านสันวิไลพัฒนา,ทน.,17.955891,98.905798,140
1123856,บ้านหนองโสน,ทน.,14.537411,102.165851,162
1123857,บ้านเฉลียงโศก,ทน.,14.489816,102.272918,164
1123858,บ้านจักราช,ทน.,15.008786,102.401874,433
1123859,บ้านทรงธรรม,ทน.,15.128338,102.011196,139
1123860,บ้านธรรมจักรพัฒนา,ทน.,15.502502,102.753831,205
1123861,บ้านพระบึงนอก,ทน.,14.654204,101.899117,119
1123862,บ้านหนองจานเหนือ,ทน.,15.294763,102.908641,115
1123863,บ้านโคกเตาเหล็ก,ทน.,14.418763,102.49256,167
1123864,ชุมชนวัดขุนก้อง,ทน.,14.633308,102.801539,1019
1123865,บ้านปะคำ,ทน.,14.445005,102.716273,447
1123866,ชุมชนบ้านห้วย,ทน.,14.714408,104.190419,760
1123867,บ้านห้วยขะยุง,ทน.,14.911552,104.594625,91
1123869,บ้านบ่อภาคเหนือ,ทน.,17.551267,100.842424,26
1123870,บ้านนาเมือง,ทน.,17.295934,100.830007,81
1123871,บ้านเหนือ,ทน.,17.107092,100.845891,476
1123872,บ้านแก่งออมสิงห์,ทน.,17.123485,100.894521,130
1123873,บ้านน้ำเลา,ทน.,17.18943,101.007817,116
1123874,บ้านท่าโปร่ง,ทน.,16.835209,100.460953,319
1123875,บ้านแม่ทุเลา,ทน.,17.336284,99.592397,402
1123876,บ้านโป่งวัว,ทน.,17.661658,99.684676,73
1123877,บ้านนากล่ำ,ทน.,17.580185,100.488935,40
1123878,บ้านห้วยน้อยกา,ทน.,18.112832,101.038356,42
1123879,บ้านไร่อ้อย,ทน.,17.357691,100.066589,122
1123880,บ้านวังขวัญ,ทน.,17.997161,100.879396,185
1123881,บ้านป่าเผือก,ทน.,17.617319,100.050064,290
1123883,บ้านบางสัก,ทน.,7.397979,99.42672,141
1123884,บ้านท่าเขา,ทน.,7.158329,99.802767,58
1123885,บ้านหาดปลายสาร,ทน.,7.340547,99.768001,83
1123887,ชุมชนรัษฎา,ทน.,7.737214,99.406359,382
1123888,บ้านพรุจูด,ทน.,7.571998,99.331805,117
1123890,บ้านคู,ทน.,7.429384,99.988724,175
1123891,บ้านสี่แยกบ้านพูด,ทน.,7.375393,99.982661,255
1123892,บ้านควนอินนอโม,ทน.,7.345726,100.054834,132
1123894,บ้านลำสินธุ์เหนือ,ทน.,7.511499,99.935121,103
1123896,ชุมชนบ้านท่าหรั่ง,ทน.,7.107131,100.198006,268
1123897,บ้านน้ำลัด,ทน.,6.62954,100.442957,304
1123899,บ้านชายคลอง,ทน.,6.963151,100.458623,1087
1123900,บ้านกะดุ,ทน.,6.632195,100.06077,1174
1123901,บ้านวังสายทอง,ทน.,7.098653,99.917802,54
1123902,บ้านหาดส้มแป้น,ทน.,10.694409,99.058498,31
1123903,บ้านเนินทอง,ทน.,10.872763,99.237989,92
1123904,บ้านคลองวังช้าง,ทน.,10.756167,99.336119,66
1123905,บ้านแก่งกะทั่ง,ทน.,10.223265,99.011633,44
1123906,บ้านย่านมะปราง,ทน.,8.977269,98.921562,97
1123907,บ้านกระชุม,ทน.,8.751979,99.237098,136
1123909,บ้านท่าไม้แดง,ทน.,9.419161,99.021123,58
1123910,บ้านหัวนา,ทน.,9.419865,99.086151,61
1123911,บ้านสวนทุเรียน,ทน.,8.962793,98.904826,50
1123912,บ้านบางสาน,ทน.,8.789444,98.795575,64
1123913,บ้านเมรัย,ทน.,8.500595,99.27671,120
1123914,บ้านบางไต,ทน.,9.282544,98.876798,32
1123915,บ้านป่าหุ่ง,ทน.,19.566973,99.700141,286
1123917,บ้านสวนดอก,ทน.,19.845857,99.729241,281
1123918,บ้านใหม่บัวแดง,ทน.,20.033734,99.964166,51
1123919,บ้านดอนสลี,ทน.,19.622353,99.476972,200
1123920,บ้านป่าซางบุนนาก,ทน.,20.063776,100.130582,125
1123921,บ้านป่าบง,ทน.,19.327337,99.512731,287
1123922,บ้านปางอ่าย,ทน.,19.147996,99.502332,158
1123923,บ้านทุ่งหลวง,ทน.,19.141875,100.013696,135
1123924,บ้านตุ่น,ทน.,19.294227,100.357574,42
1123925,บ้านหนองบัว,ทน.,19.283917,100.380564,62
1123926,บ้านหนองท่าควาย,ทน.,19.187359,100.306189,77
1123927,บ้านค่าไพบูลย์,ทน.,19.119745,100.27518,80
1123928,บ้านไสโคกเกาะ,ทน.,8.469038,99.495281,462
1123929,บ้านมะปรางงาม,ทน.,8.467122,99.603386,112
1123930,บ้านต้นเลียบ,ทน.,8.604779,99.862646,132
1123931,บ้านนานอก,ทน.,8.155845,99.680396,1820
1123932,บ้านวังหีบ,ทน.,8.194613,99.657666,135
1123933,บ้านท่าเลา,ทน.,8.195129,99.700416,120
1123935,บ้านวังหิน,ทน.,8.398103,99.345943,162
1123936,บ้านปากลง,ทน.,8.802936,99.609612,82
1123937,บ้านแก้วแสน,ทน.,8.26008,99.549406,186
1123938,บ้านบางจันสี,ทน.,8.019672,99.483724,189
1123939,ชุมชนพรุชนใต้,ทน.,8.52936,99.798322,81
1123940,บ้านหนองบัว,ทน.,8.393417,99.900883,190
1123941,บ้านตากแดด,ทน.,8.450014,99.981058,1150
1123942,บ้านท่าเจริญ,ทน.,8.283073,99.902437,282
1123943,บ้านต้นเนียง,ทน.,8.877372,99.834736,107
1123944,บ้านไสเหรียง,ทน.,8.844026,99.862604,106
1123945,บ้านสระสี่มุม,ทน.,9.028814,99.847819,78
1123946,บ้านแชงเปิง,ทน.,7.918586,99.186344,49
1123947,บ้านท่าคลอง,ทน.,8.112408,98.90422,597
1123948,บ้านทุ่งเจริญ,ทน.,8.18756,98.879272,77
1123949,บ้านลำทับ,ทน.,8.063098,99.292088,385
1123950,บ้านคลองยา,ทน.,8.394486,98.888428,42
1123951,บ้านฝ่ายท่า,ทน.,8.683702,98.409252,120
1123952,บ้านปากคลอง,ทน.,8.796923,98.509665,41
1123954,บ้านสวนพลู,ทน.,8.556988,98.650507,119
1123955,บ้านเขากล้วย,ทน.,8.548694,98.323131,91
1123956,บ้านทุ่งคาโงก,ทน.,8.561733,98.43991,77
1123957,บ้านปลายคลอง,ทน.,10.408302,98.804415,195
1123958,บ้านปลายคลองวัน,ทน.,10.498321,98.838336,171
1123959,บ้านปากจั่น,ทน.,10.526672,98.833203,293
1123960,บ้านกงษี,ทน.,9.597371,98.604169,242
1123961,บ้านย่านยาว,ทน.,9.574516,98.664959,85
1123963,บ้านบางนอนนอก,ทน.,9.994826,98.647922,1039
1123964,บ้านบางสังตี,ทน.,9.959389,98.690417,259
1123965,บ้านวังหงส์,ทน.,18.217791,100.178461,389
1123966,วังโป่ง,ทน.,18.330513,100.327475,254
1123967,บ้านปากกาง,ทน.,18.051556,99.811634,193
1123968,บ้านเชียงเพ็ง,ทน.,15.840491,104.455777,96
1123970,บ้านโนนค้อ,ทน.,15.863129,104.324736,88
1123971,บ้านท่าศาลา,ทน.,15.265384,104.64525,82
1123972,บ้านวารีอุดม,ทน.,14.853279,105.059602,153
1123974,บ้านบุญฑริก,ทน.,14.758714,105.409076,564
1123975,บ้านผักหย่า,ทน.,15.184943,105.147196,147
1123976,บ้านดุมใหญ่,ทน.,15.65165,104.74357,80
1123977,บ้านเพียเภ้า,ทน.,15.204524,104.813733,741
1123978,บ้านห้วยขะยุงใต้,ทน.,15.100412,104.687021,398
1123980,บ้านพัฒนาปู่กู,ทน.,18.8422,97.985507,25
1123981,บ้านปางหมู,ทน.,19.367238,97.966457,79
1123982,บ้านห้วยขาน,ทน.,19.459995,97.966652,42
1123983,บ้านทุ่งมะกอก,ทน.,19.079844,97.926357,32
1123984,บ้านท่าสองแคว,ทน.,18.339602,97.918252,116
1123985,บ้านหัวลา,ทน.,18.543359,97.960378,38
1123986,บ้านแม่ทะลุ,ทน.,17.987955,97.919565,95
1123988,บ้านดุซงญอ,ทน.,6.171471,101.705746,287
1123989,บ้านกาเยาะมาตี,ทน.,6.550472,101.644607,368
1123990,บ้านตันหยงมัส,ทน.,6.297846,101.731383,954
1123991,บ้านละโอ,ทน.,6.15447,101.537302,59
1123992,บ้านไอปาโจ,ทน.,5.835656,101.734849,50
1123994,บ้านบาโงยือรา,ทน.,6.406619,101.245895,140
1123995,บ้านบันนังดามา,ทน.,6.477096,101.013911,151
1123996,บ้านไทยพัฒนา,ทน.,6.139619,101.109049,31
1123997,บ้านคอกช้าง,ทน.,6.044381,101.166291,97
1123998,บ้านสันติ,ทน.,6.104922,101.301193,8
1123999,บ้านทรายแก้ว,ทน.,6.253011,101.345769,114
1124,บ้านตาดซ้อ,ทน.,17.808398,101.770772,62
1124000,บ้านกาสัง,ทน.,6.37459,101.297925,190
1124001,บ้านกม.7,ทน.,5.816922,101.09309,153
1124002,บ้านกุนุงจนอง,ทน.,5.77988,101.05103,544
1124003,บ้าน กม.38,ทน.,5.974051,101.202508,63
1124005,บ้านฆอรอราแม,ทน.,6.383434,101.163558,161
1124006,บ้านห้วยหาน,ทน.,19.888035,100.441222,42
1124861,วัดศรีหมากหญ้า,สสน.,17.250784,102.60559,244
1125,บ้านท่าบม (หมู่ 8),ทน.,17.779542,101.77748,90
1125522,หน่วยศึกษาการพัฒนาการอนุรักษ์ต้นน้ำน้ำพี้,พพภ,18.941303,100.45999,11
1126,บ้านอุมุง,ทน.,17.885913,101.761202,61
1126506,สะพานข้ามคลองบ้านท่าวัง,สสน.,7.37654,100.10043,159
1127,บ้านห้วยสีดา,ทน.,17.734433,101.621549,65
1128,บ้านห้วยอ้อย,ทน.,17.280431,101.113088,35
1129,บ้านหนองทุ่ม,ทน.,17.430283,101.183187,45
1129393,อาคารเลขที่ ๙๐๑,สสน.,13.85604,100.57558,11006
1129758,ฝายคลองท่าโลน,พพภ,8.218343,99.71981,50
1130,บ้านห้วยตาด,ทน.,17.314633,101.207059,41
1130124,สะพานคลองปง (คีรีวง),พพภ,8.43379,99.78328,148
1130137,น้ำตกโตนแพรทอง,พพภ,7.48407,99.89179,43
1131,บ้านนาลานข้าว,ทน.,17.273207,101.348539,12
1132568,สถานบริการสาธารณสุขชุมชนบ้านทีโบ๊ะคี,สสน.,17.5003,98.2624,18
1132569,โรงพยาบาลส่งเสริมสุขภาพตำบล บ้านแม่เหว่ย,สสน.,17.695904,97.88761,24
1134,บ้านทุ่งน้ำใส,ทน.,17.16945,101.201377,24
1135,บ้านด่านดู่,ทน.,17.055167,101.172412,54
1137,บ้านตาดข่า (บ้านห้วยผักกูด),ทน.,17.05156,101.463759,58
1137106,บ้านนาราดพัฒนา หมู่ 5 (บ้านผู้ใหญ่บ้าน),ปภ.,15.07671,102.325253,163
1137109,บ้าน ผช.ผญ. หมู่ 2 บ้านตระกูดขี้เหล็ก,ปภ.,15.088691,102.356878,137
1137110,บ้านผู้ช่วยผู้ใหญ่บ้าน หมู่ 6 บ้านวังม่วง,ปภ.,15.04876,102.29969,69
1137126,ที่ทำการผู้ใหญ่บ้าน หมู่ 6,ปภ.,7.977847,100.326074,373
1137128,ศูนย์เรียนรู้บ้านเขาจักจั่น,ปภ.,15.62556,99.54784,168
1137134,ที่ทำการผู้ใหญ่บ้าน หมู่ 5,ปภ.,15.97592,100.13627,119
1137140,โรงพยาบาลส่งเสริมสุขภาพตำบล บ้านเกาะเปา,ปภ.,15.65995,99.85162,122
1137142,ศาลาเอนกประสงค์บ้านมอช้างงาม หมู่ 21,ปภ.,15.91099,99.3303,45
1137325,บ้านทาปลาดุก ม.5,ปภ.,18.49536,99.20316,198
1137416,บ้านผู้ใหญ่บ้าน เลขที่ 136/4 หมู่ 10,ปภ.,16.98187,99.81192,145
1138,บ้านผึ้ง,ทน.,17.230988,101.325125,30
1139,บ้านบุ่งกุ่ม,ทน.,17.311232,101.151822,58
1139393,สะพานข้ามลำน้ำเชิญ (มิตรผลหนองเรือ),สสน.,16.48883,102.41904,881
1140,บ้านนาพึง,ทน.,17.418253,101.049339,23
1140845,ศาลเจ้าพ่อพญาอ้น,สสน.,18.599714,100.1496,27
1142,บ้านโคก,ทน.,17.315108,101.056347,18
1143,บ้านนาน้อย,ทน.,17.379243,101.493916,17
1144,บ้านขามป้อม,ทน.,17.345099,101.295021,28
1145,บ้านหินสอ,ทน.,17.282703,101.401791,15
1146,บ้านกลาง,ทน.,17.319875,101.430006,16
1147,บ้านห้วยผักเน่า,ทน.,17.470881,101.266342,19
1148,บ้านห้วยติ้ว,ทน.,17.523756,101.258119,14
1149,บ้านห้วยม่วง,ทน.,17.467121,101.842099,72
115,เมืองแกลง,สสน.,12.802991,101.65024,861
1150,บ้านโนนสมบูรณ์,ทน.,17.456776,101.505349,32
1150180,บ้านผู้ใหญ่บ้านคนเก่า หมู่6,ปภ.,17.95179,100.39925,22
1151,บ้านยาง,ทน.,17.569542,101.418109,48
1152,บ้านน้ำพาน,ทน.,17.632476,101.354994,41
1153,บ้านปากยาง,ทน.,17.678646,101.55232,58
1154,บ้านห้วยไค้,ทน.,17.527745,101.466048,27
1155,บ้านร่องไผ่,ทน.,17.55791,101.509354,40
1156,บ้านวังเป่ง,ทน.,17.617782,101.301214,52
11567307,ศูนย์ศึกษาการพัฒนาการอนุรักษ์ต้นน้ำลุ่มน้ำโขงเหนือ,พพภ,20.10677,99.77028,95
11567308,หน่วยพิทักษ์อุทยานแห่งชาติลำน้ำกกที่ 2 (น้ำตกโป่งพระบาท),พพภ,20.01075,99.80436,60
11567309,ที่ทำการอุทยานแห่งชาติลำน้ำกก (เตรียมการ),พพภ,19.9629,99.6774,56
11567310,หน่วยพิทักษ์อุทยานแห่งชาติดอยหลวงที่ 5 (ปางอ้อย),พพภ,19.6085,99.56469,38
11567312,หน่วยจัดการต้นน้ำและพัฒนาชุมชนในพื้นที่ป่าอนุรักษ์น้ำปัว,พพภ,19.27079,101.10326,20
11567313,หน่วยจัดการต้นน้ำและพัฒนาชุมชนในพื้นที่ป่าอนุรักษ์หลักลาย,พพภ,19.00181,101.06538,30
11567314,หน่วยพิทักษ์อุทยานแห่งชาติที่ ภค.12 (ธารเสด็จ),พพภ,18.779053,101.219574,19
11567315,หน่วยพิทักษ์อุทยานแห่งชาติที่ ศน.3 (หาดกิตติ),พพภ,18.503033,100.79666,24
11567316,หน่วยจัดการต้นน้ำและพัฒนาชุมชนในพื้นที่ป่าอนุรักษ์ห้วยสาลี่,พพภ,18.393398,100.983185,25
11567317,ที่ทำการอุทยานแห่งชาติศรีน่าน,พพภ,18.36945,100.83013,16
11567318,หน่วยพิทักษ์อุทยานแห่งชาติที่ ศน.6 (กิ่วนกแซว),พพภ,18.35957,101.04883,9
11567319,สถานีควบคุมไฟป่าศรีน่าน,พพภ,18.34464,100.7927,26
11567320,หน่วยจัดการต้นน้ำและพัฒนาชุมชนในพื้นที่ป่าอนุรักษ์น้ำหิน,พพภ,18.177984,100.5748,15
11567321,หน่วยพิทักษ์อุทยานแห่งชาติลำน้ำน่านที่ ลน.4 (ห้วยไผ่),พพภ,18.04706,100.69142,20
11567322,หน่วยพิทักษ์อุทยานแห่งชาติที่ กค.1 (ภูแดงร้อน),พพภ,16.9061,100.67745,66
11567323,หน่วยพิทักษ์อุทยานแห่งชาติที่ สล.12 (รักไทย),พพภ,16.74035,100.67061,55
11567324,หน่วยพิทักษ์อุทยานแห่งชาติที่ สล.11 (เพชรดำ),พพภ,16.72957,100.98895,24
11567325,หน่วยพิทักษ์อุทยานแห่งชาติที่ ขค.2 (น้ำเพียงดิน),พพภ,16.88352,101.12778,40
11567326,หน่วยพิทักษ์อุทยานแห่งชาติที่ นด.5 (น้ำตกแม่หาด),พพภ,19.628954,98.5769,27
11567327,หน่วยจัดการต้นน้ำและพัฒนาชุมชนในพื้นที่ป่าอนุรักษ์แม่งาย,พพภ,19.55373,98.80895,18
11567328,หน่วยจัดการต้นน้ำและพัฒนาชุมชนในพื้นที่ป่าอนุรักษ์ดอยผาแดง,พพภ,19.49586,99.07811,31
11567329,หน่วยพิทักษ์อุทยานแห่งชาติที่ นด.1 (โป่งเดือด),พพภ,19.24157,98.68393,17
11567330,หน่วยจัดการต้นน้ำและพัฒนาชุมชนในพื้นที่ป่าอนุรักษ์ทุ่งจ๊อ,พพภ,19.15252,98.64242,10
11567331,หน่วยพิทักษ์อุทยานแห่งชาติที่ ศล.7 (ห้วยปุย),พพภ,19.08585,99.13816,40
11567332,หน่วยพิทักษ์อุทยานแห่งชาติที่ ทป.8 (สันป่ายาง),พพภ,19.03681,98.84541,50
11567333,ที่ทำการอุทยานแห่งชาติแม่ตะไคร้,พพภ,18.96566,99.2407,36
11567334,หน่วยพิทักษ์อุทยานแห่งชาติที่ มค.3 (แม่กวง),พพภ,18.95247,99.13795,33
11567335,ลานกางเต็นท์ดอยปุย อุทยานแห่งชาติดอยสุเทพ-ปุย,พพภ,18.82574,98.89448,68
11567336,หน่วยจัดการต้นน้ำและพัฒนาชุมชนในพื้นที่ป่าอนุรักษ์แม่จอนหลวง,พพภ,18.66891,98.47738,26
11567337,หน่วยพิทักษ์อุทยานแห่งชาติที่ ขต.5 (แม่ไพร),พพภ,18.42716,99.35545,23
11567338,หน่วยพิทักษ์อุทยานแห่งชาติที่ อน.3 (แม่ยะ),พพภ,18.44004,98.59323,28
11567339,หน่วยจัดการต้นน้ำและพัฒนาชุมชนในพื้นที่ป่าอนุรักษ์แม่ลอง,พพภ,18.433792,98.22566,20
11567340,หน่วยพิทักษ์อุทยานแห่งชาติที่ อล.1 (ป่ากล้วย),พพภ,18.347317,98.55808,16
11567341,หน่วยจัดการต้นน้ำและพัฒนาชุมชนในพื้นที่ป่าอนุรักษ์แม่เตี๊ยะ,พพภ,18.31208,98.48189,34
11567342,หน่วยพิทักษ์อุทยานแห่งชาติที่ อล.4 (น้ำพุร้อนเทพพนม),พพภ,18.270575,98.39645,48
11567343,ที่ทำการอุทยานแห่งชาติแม่โถ (เตรียมการ),พพภ,18.25337,98.20966,29
11567344,หน่วยพิทักษ์อุทยานแห่งชาติแม่ปิงที่ มป.7 (ถ้ำหม้อ),พพภ,17.81782,98.75104,45
11567345,ที่ทำการอุทยานแห่งชาติแม่ปิง,พพภ,17.67078,98.87005,26
11567346,หน่วยจัดการต้นน้ำและพัฒนาชุมชนในพื้นที่ป่าอนุรักษ์แม่เทย,พพภ,17.377222,98.33518,13
11567348,หน่วยจัดการต้นน้ำและพัฒนาชุมชนในพื้นที่ป่าอนุรักษ์ขุนหมาก,พพภ,16.097857,99.11591,9
11567349,หน่วยพิทักษ์อุทยานแห่งชาติที่ ผท.2 (กิ่วลม),พพภ,18.54921,99.62036,19
11567350,หน่วยพิทักษ์อุทยานแห่งชาติที่ มว.5 (แม่ปะ),พพภ,17.64238,99.28708,44
11567351,หน่วยพิทักษ์อุทยานแห่งชาติที่ มว.1 (น้ำตกแม่วะ),พพภ,17.44925,99.22513,13
11567352,หน่วยพิทักษ์อุทยานแห่งชาติที่ ถผ.4 (ปางตอง),พพภ,19.50019,97.90555,16
11567353,หน่วยพิทักษ์อุทยานแห่งชาติที่ นด.2 (โป่งร้อน),พพภ,19.30765,98.47184,70
11567354,หน่วยพิทักษ์อุทยานแห่งชาติที่ มถ.3 (ใหม่ทุ่งสน),พพภ,18.15911,98.27473,36
11567355,หน่วยพิทักษ์อุทยานแห่งชาติที่ สว.5 (ศาลา),พพภ,18.1003,97.8014,12
1157,บ้านน้ำมี,ทน.,17.518407,101.372713,23
1158,บ้านกุดตอเรือ,ทน.,17.214657,101.6776,115
1159,บ้านน้ำค้อ,ทน.,17.183282,101.623331,51
116,ชุมชนประแส,สสน.,12.716423,101.704124,663
1160,บ้านน้ำจันทร์,ทน.,17.348342,101.576757,58
1161,บ้านหมากแข้ง,ทน.,17.415744,101.551594,56
1162,บ้านน้ำทบ,ทน.,17.269411,101.597259,58
1163,บ้านวังยาง,ทน.,16.97509,101.77508,33
1164,บ้านนาแปน,ทน.,16.910144,101.858788,54
11648255,ห้วยแม่ท่าแพ,สสน.,17.43854,99.6882,176
11648256,คลองแม่มอก,สสน.,17.22242,99.70545,204
11648257,คลองแม่รำพัน,สสน.,17.03065,99.71174,561
11648258,สะพานบ้านคันแม่น้ำบน,สสน.,16.81476,99.80374,271
11648468,คลองดาน,สสน.,17.38925,103.08734,75
11648469,คลองน้ำงาว,สสน.,17.69902,102.4467,160
11648470,คลองสงคราม,สสน.,17.39577,103.30043,243
1166,บ้านผางาม,ทน.,17.042995,101.755616,29
1167,บ้านดงบัง,ทน.,16.793743,103.795408,52
1169,บ้านขุนกลาง,ทน.,18.538554,98.524406,314
117,บ้านค่าย,สสน.,12.706804,101.30041,873
1170,บ้านแม่ปอน,ทน.,18.467068,98.609275,52
1172,บ้านขุนแปะ,ทน.,18.311521,98.479789,34
1173,บ้านแปะ,ทน.,18.248958,98.595039,162
1174,บ้านห้วยส้มป่อย,ทน.,18.375283,98.533801,20
1175,บ้านป่าเท้อ,ทน.,18.502457,98.346727,152
1176,บ้านแม่มิงค์,ทน.,18.554995,98.402412,53
1177,บ้านสามสบ,ทน.,18.502639,98.462273,31
1178,บ้านแม่หลุ,ทน.,18.445752,98.447245,25
1179,บ้านแม่ลอง,ทน.,18.427973,98.240371,26
118,หนองบัว,สสน.,12.849195,101.301346,466
1180,บ้านสองธาร,ทน.,18.467627,98.312965,35
1181,บ้านแม่ศึก,ทน.,18.554055,98.344541,69
1182,บ้านสบวาก,ทน.,18.639988,98.377113,52
1184,บ้านแจ่มน้อย,ทน.,19.030521,98.345079,28
1185,บ้านห้วยบง,ทน.,19.054314,98.269801,32
1186,บ้านปางหินฝน,ทน.,18.510205,98.229145,31
1187,บ้านแม่หงานหลวง,ทน.,18.59508,98.241825,29
1188,บ้านหัวดอย,ทน.,18.307551,98.362153,47
1189,บ้านอมลาน,ทน.,18.383935,98.457657,19
1190,บ้านดงสามหมื่น,ทน.,19.02878,98.41603,8
1191,บ้านเสาแดง,ทน.,18.973869,98.237067,10
1192,บ้านแม่ก๊ะ,ทน.,19.358993,98.97056,539
1193,บ้านเมืองนะ,ทน.,19.73416,98.896829,69
1194,บ้านแกน้อย,ทน.,19.665209,98.794829,44
1195,บ้านนาหวาย,ทน.,19.629854,98.962831,104
1196,บ้านสบงาย,ทน.,19.48017,98.964143,163
1197,บ้านแม่อ้อใน,ทน.,19.298099,98.996602,90
1197955,เขตอุตสาหกรรมกบินทร์บุรี,สสน.,14.072372,101.837494,1271
1197957,คลองห้วยยาง,สสน.,14.136408,101.857475,231
1198,บ้านแม่ซ้าย,ทน.,19.302102,98.898304,25
1198081,แม่น้ำสา,สสน.,18.571873,100.74266,553
1198082,น้ำสา,สสน.,18.584002,100.600266,39
1198297,สะพานแม่น้ำทา,สสน.,18.546852,99.25007,193
1198298,แม่น้ำทา,สสน.,18.471687,98.95513,484
1198299,แม่น้ำลี้ บ้านโฮ่ง,สสน.,18.310793,98.82355,317
1198300,ห้วยแม่ลี้,สสน.,17.805399,98.953316,466
1198301,น้ำก้อ,สสน.,17.636518,98.77956,72
1198626,คลองประณีต บ.ตลุง,สสน.,12.511324,102.37168,76
1198627,คลองโสน,สสน.,12.513374,102.50484,66
1198628,คลองเขาระกำ,สสน.,12.25058,102.475716,113
1198760,สะพานหนองจันทร์,สสน.,18.46601,100.151665,129
1198761,แม่ต้า,สสน.,18.243488,99.97737,105
1198762,ห้วยแม่พวก,สสน.,17.96871,100.06352,689
1199,บ้านหลวงเมืองคอง,ทน.,19.382972,98.712097,51
120,เมืองจันทบุรี,สสน.,12.613584,102.11407,3502
1201,บ้านป่าตึงงาม,ทน.,19.515406,99.10566,38
1202,บ้านปางมะกง,ทน.,19.421716,99.095341,40
1203,บ้านห้วยจะค่าน,ทน.,19.60415,99.070586,59
1204,บ้านแม่กอน,ทน.,19.570266,98.92202,43
1205,บ้านปางแฟน,ทน.,19.015652,99.304256,86
1206,บ้านปางอั้น,ทน.,19.067476,99.35791,19
1207971,บริเวณวัดศรีโพธิ์ทอง (วัดบ้านกระเดียง),ปภ.,14.123532,101.841568,384
1208,บ้านปางเปา,ทน.,19.075278,98.913966,213
1209,บ้านปางฮ่าง,ทน.,19.109253,98.798867,156
121,อบต.เทพนิมิต,สสน.,13.04028,102.44956,107
1210,บ้านต้นลาน,ทน.,19.083805,98.851241,259
1211,บ้านเอียก,ทน.,19.038109,98.803495,41
1212,บ้านป่าแป๋,ทน.,19.142964,98.711134,24
1213,บ้านปางหก,ทน.,19.266708,98.920113,25
1214,บ้านแม่แสะ,ทน.,19.244759,98.654296,19
1215,บ้านเหล่า,ทน.,19.179507,98.798434,23
1216,บ้านสันป่าสัก,ทน.,19.175631,98.856495,66
1218,บ้านห้วยป่าซาง,ทน.,19.179077,98.914786,83
1219,บ้านสะลวงนอก,ทน.,19.01637,98.880501,191
122,ทต.โป่งน้ำร้อน,สสน.,12.90515,102.26646,290
1220,บ้านแม่ก๊ะเปียง,ทน.,19.000704,98.802926,37
1221,บ้านแม่แมะ,ทน.,18.900115,98.882083,76
1223,บ้านกองแหะ,ทน.,18.859268,98.809246,78
1224,บ้านกองขากหลวง,ทน.,18.915366,98.721861,34
1225,บ้านทุ่งยาว,ทน.,18.978459,98.677952,65
1225528,บ้านโจตาดา,พพภ,20.3913,99.68576,0
1225529,บ้านดอยต่อคำ,พพภ,20.44352,99.86226,499
1225530,สะพานอูทูนอ่อง บ้านสบสาย,พพภ,20.47149,99.95349,191
1225531,สะพานมิตรภาพแม่น้ำสายแห่งที่ 1,พพภ,20.44454,99.88048,3264
1226,บ้านแม่ขะปู,ทน.,18.877699,98.612104,32
1227,บ้านเด่นฮ่อม,ทน.,18.883841,98.548437,32
1228,บ้านห้วยน้ำจาง,ทน.,18.790937,98.562798,41
1229,บ้านห้วยเต่า,ทน.,18.944161,98.512186,15
1230,บ้านกิ่วเสือ,ทน.,18.994,98.601698,26
1231,บ้านปางขุม,ทน.,19.046297,98.649196,12
1232,บ้านโป่งถืบใน,ทน.,19.832265,99.292952,61
1233,บ้านลาน,ทน.,19.96607,99.099688,150
1234,บ้านยาง,ทน.,19.802175,99.093189,138
12349,ควนกาหลง,สสน.,6.928349,99.936035,137
1235,บ้านหลวง,ทน.,19.870098,99.042382,68
12350,รัษฎา,สสน.,7.96409,99.59775,104
1236,บ้านแม่สูนน้อย,ทน.,19.862959,99.136627,120
1238,บ้านห้วยไคร้,ทน.,19.812056,99.218978,193
1238393,ที่ทำการอุทยานแห่งชาติแม่ปืม,พพภ,19.351414,99.86921,43
1238396,หน่วยพิทักษ์อุทยานแห่งชาติที่ ดล.6 (จำปาทอง),พพภ,19.217377,99.73813,27
1238461,หน่วยจัดการต้นน้ำและพัฒนาชุมชนในพื้นที่ป่าอนุรักษ์แม่ก๋อน-แม่สาย,พพภ,17.9958,100.2656,23
1238463,หน่วยจัดการต้นน้ำและพัฒนาชุมชนในพื้นที่ป่าอนุรักษ์แม่พวก,พพภ,17.9085,100.111,31
1238679,ศูนย์เรียนรู้ด้านสัตว์ป่า เขตรักษาพันธุ์สัตว์ป่าลำน้ำน่านฝั่งขวา,พพภ,18.0662,100.2229,64
1239,บ้านดอยช้าง,ทน.,19.819573,99.558204,32
1239669,สะพานน้ำแม่ถาง,พพภ,18.2166,100.3885,33
124,ทต.ปัถวี,สสน.,12.74261,102.23263,109
1240,บ้านเปียงกอก,ทน.,19.945564,99.165594,300
1241,ห้วยเฮี่ยน,ทน.,19.962279,99.187326,89
1241188,วนอุทยานแพะเมืองผี,พพภ,18.184513,100.21077,153
1241191,ที่ทำการอุทยานแห่งชาติแม่ยม,พพภ,18.6259,100.1636,25
1241193,หน่วยศึกษาการพัฒนาการอนุรักษ์ต้นน้ำแม่สรอย,พพภ,17.8275,99.4638,23
1241194,สถานีวิจัยต้นน้ำยม,พพภ,18.2346,100.3548,26
1241196,สะพานผาอิง,พพภ,18.7548,100.2227,44
1241204,หน่วยพิทักษ์อุทยานแห่งชาติดอยภูนาง ภน.5 (ห้วยฮุง),พพภ,19.046598,100.08656,41
1241206,หน่วยศึกษาการพัฒนาการอนุรักษ์ต้นน้ำดอยผาจิ,พพภ,19.0905,100.4088,13
1241208,สะพานบ้านขุนควร บ้านสบขาม,พพภ,19.150398,100.389786,124
1241209,หน่วยศึกษาการพัฒนาการอนุรักษ์ต้นน้ำน้ำคาง (ดอยกาด),พพภ,19.1549,100.6244,10
1242,บ้านปางต้นฆ้อง,ทน.,20.095323,99.284907,67
1243,บ้านแม่ฮ่าง,ทน.,19.986891,99.221767,82
1245,บ้านท่าปู,ทน.,19.984068,99.403101,57
1246,บ้านท่ามะแกง,ทน.,20.062331,99.449061,276
1247,บ้านสหกรณ์แปลง 5,ทน.,19.375337,99.240549,256
12474,มะนัง,สสน.,6.940811,99.872925,56
12475,ปะเหลียน,สสน.,7.371991,99.677246,961
12476,ลิ่นถิ่น,สสน.,14.53559,98.78764,75
12477,หัวหิน,สสน.,12.50849,99.84201,41
12478,ท่ายาง,สสน.,12.81345,99.79404,199
12479,คลองขนาน,สสน.,11.24042,99.43526,195
1248,บ้านตีนธาตุ,ทน.,19.428564,99.212511,102
12480,คลองนางน้อย,สสน.,7.568049,99.65109,385
12481,ละงู,สสน.,6.885757,99.804344,712
12483,ถ้ำพรรณรา,สสน.,8.391227,99.39519,219
12484,พระแสง,สสน.,8.537499,99.181015,68
1249,บ้านแม่ละงอง,ทน.,19.320349,99.128971,51
125,ทต.พลิ้ว,สสน.,12.49996,102.14759,279
1250,บ้านขุนแจ๋,ทน.,19.331091,99.321495,24
1251,บ้านปางยาง,ทน.,18.815946,98.830684,79
1252,บ้านแม่ขนิลเหนือ,ทน.,18.800055,98.792621,51
1252774,อ่างเก็บน้ำห้วยแม่ปะยาง,สสน.,17.773138,99.41834,40
1253,บ้านทุ่งโป่งใต้,ทน.,18.764184,98.873346,124
1254,บ้านนาฟ่อน,ทน.,18.093847,98.365342,104
1255,บ้านแม่แวน,ทน.,18.107093,98.212278,50
1257,บ้านกองลอย,ทน.,18.148791,98.250047,88
1258,บ้านโปงทุ่ง,ทน.,17.852986,98.75245,91
1259,บ้านแม่ตูบ,ทน.,17.946267,98.809877,116
126,ทต.ทับช้าง,สสน.,13.2346,102.18735,116
1260,บ้านมะหินหลวง,ทน.,17.899955,98.318437,30
1262,บ้านตุงลอย,ทน.,17.960343,98.356519,39
1263,บ้านผาปูนดง,ทน.,17.851126,98.297761,35
1264,บ้านหลวง,ทน.,17.783779,98.368423,131
1265,บ้านยางครก,ทน.,17.795877,98.462839,40
1266,บ้านนาไคร้,ทน.,17.602828,98.48199,16
1267,บ้านห้วยหล่อดูก,ทน.,17.421704,98.457274,115
1269,บ้านมูเซอ,ทน.,17.568899,98.522465,60
1270,บ้านสันต้นม่วง,ทน.,17.380294,98.476983,101
1271,บ้านอูตูม,ทน.,17.864283,98.209037,27
1272,บ้านขุนคอง,ทน.,19.515174,98.79358,59
1273,บ้านกองลม,ทน.,19.576641,98.615075,123
1274,บ้านนามน,ทน.,19.610079,98.594873,45
1275,บ้านเปียงหลวง,ทน.,19.683727,98.627156,132
1276,บ้านหัวฝาย,ทน.,19.609141,99.167129,67
1277,บ้านดอยหล่อ,ทน.,19.724236,99.190989,146
1279,บ้านแม่สะป๊อก,ทน.,18.665041,98.639008,51
128,แก่งหางแมว,สสน.,12.986792,101.89965,86
1280,บ้านหนองเต่า,ทน.,18.680499,98.552366,45
12806986,ฝายแม่ยม อ.สอง จ.แพร่,ชป.,18.484167,100.161389,200
1282,บ้านแม่ลานคำ,ทน.,18.75731,98.713952,19
1283,บ้านขุนป๋วย,ทน.,18.603013,98.607522,37
1284,บ้านห้วยข้าวลีบ,ทน.,18.741518,98.539693,32
1285,บ้านห้วยโท้ง,ทน.,18.697396,98.815361,105
1287,บ้านแม่กำปอง,ทน.,18.865894,99.352648,36
1288,บ้านแม่เตาดิน,ทน.,18.881827,99.264784,128
1289,บ้านท่าข้าม,ทน.,18.602301,99.274436,130
1290,บ้านดอนชัย,ทน.,18.582748,99.259631,114
1291,บ้านห้วยยาบ,ทน.,18.654016,99.300301,60
1292,บ้านใหม่ดอนแก้ว,ทน.,18.717189,99.301806,116
1293,บ้านขุนตาน,ทน.,18.50066,99.265204,57
1294,บ้านแม่สะป้วด,ทน.,18.414779,99.080985,70
1296,บ้านแม่เหล็ก,ทน.,18.321308,98.979967,38
1297,บ้านต้นผึ้ง,ทน.,18.244817,98.960082,49
130,อบต.นายายอาม,สสน.,12.77083,101.85303,254
1300,บ้านห้วยกองเลาะ,ทน.,18.250809,98.91515,32
1301,บ้านปู,ทน.,17.839793,99.005483,63
1302,บ้านป่าหก,ทน.,17.776736,98.971282,183
1303,บ้านสันวิไล,ทน.,17.957377,98.913276,124
1304,บ้านแม่หว่างพัฒนา,ทน.,17.674499,99.006732,68
1305,บ้านผาลาดเหนือ,ทน.,17.696257,98.945512,79
1306,บ้านบวก,ทน.,17.736505,99.036495,81
1307,บ้านห้วยทรายขาว,ทน.,17.736898,98.833782,55
1308,บ้านเด่นเหม้า,ทน.,17.7842,98.860318,34
1309,บ้านแม่ป้อกใน,ทน.,18.08953,98.865333,46
131,นายายอาม,สสน.,12.722433,101.95606,315
1310,บ้านหัวขัว,ทน.,17.992936,99.04905,62
1311,บ้านห้วยปิง,ทน.,17.845164,99.074191,31
1312,บ้านทุ่งข้าวหาง,ทน.,18.138936,99.010399,77
1313,บ้านแม่แสม,ทน.,18.053798,99.039799,68
1314,บ้านใหม่รุ่งเจริญ,ทน.,18.474299,99.466456,59
1315,บ้านทุ่งกล้วย,ทน.,18.438207,99.387656,56
1316,บ้านต้นฮ่างพัฒนา,ทน.,18.509606,99.418201,76
1316386,T.ปตร.มะขามเฒ่า,ชป.,15.222455,100.062221,156
1316387,T.ปตร.พลเทพ,ชป.,15.214294,100.073325,160
1316389,TC.60,ชป.,15.67,100.334167,74
1316391,T.ปตร.บรมธาตุ,ชป.,15.15713,100.152981,334
1316393,T.ปตร.ช่องแค,ชป.,15.145483,100.411717,219
1316397,T.ปตร.ผักไห่,ชป.,14.43626,100.375495,404
1316406,เขื่อนทับเสลา,ชป.,15.543873,99.447679,42
1316409,ฝายทับเสลา,ชป.,15.407623,99.714458,91
1316413,อบต.ศาลเจ้าไก่ต่อ,ชป.,15.773471,99.667092,123
1316414,อบต.สว่างแจ้งสบายใจ,ชป.,15.559001,99.864809,169
1316415,วัดโคกหม้อ,ชป.,15.534278,99.899083,176
1316420,เพชรบูรณ์,ชป.,16.365006,101.155818,197
1316426,เหนือเขื่อนป่าสัก,ชป.,14.848254,101.090205,386
1316429,วัดท่าแร่,ชป.,16.744616,101.228165,272
1316430,คลองปู่เจ้า,ชป.,16.146186,101.08415,87
1316431,คลองน้ำจู,ชป.,16.04515,101.122846,116
1316432,คลองลำกง,ชป.,15.996484,101.171142,184
1316433,คลองกองทูล,ชป.,15.937227,101.094117,100
1316434,คลองท่าเสา,ชป.,15.893215,101.09118,180
1316436,ฝายคลองสุคต,ชป.,14.863621,101.119957,133
1316437,คลองส้ม,ชป.,14.822028,101.014594,53
1316439,วัดจอมเกษ,ชป.,14.414349,100.55782,306
1316446,สะพานฝายดินดำ,ชป.,19.548038,99.473682,80
1316458,บ้านสันกลาง,ชป.,19.668681,99.541202,376
1316459,ท่าก่อบง,ชป.,20.125752,100.030184,104
1316460,บ้านศรีวังมูล,ชป.,19.8082,99.7567,388
1316462,สถานีน้ำแม่แตง (ฝายแม่แตงเหนือน้ำ),ชป.,19.157294,98.918808,169
1316469,สถานีแม่น้ำปิงที่ฝายหนองสลีก,ชป.,18.525197,98.902161,689
1316470,สถานีน้ำแม่งัดที่ท้ายเขื่อนแม่งัดสมบูรณ์ชล,ชป.,19.156272,99.03173,228
1316471,เขื่อนแม่กวงอุดมธารา,ชป.,18.929542,99.127708,84
1316473,สถานีแม่น้ำปิงที่โครงการส่งน้ำและบำรุงรักษาแม่แฝก-แม่งัด,ชป.,19.104841,98.954524,287
1316475,สถานีเขื่อนแม่งัดสมบูรณ์ชล,ชป.,19.16155,99.03961,163
1316477,สถานีโครงการชลประทานแม่ปิงเก่า,ชป.,18.690973,98.987948,569
1316478,สถานีคลองส่งน้ำแม่แตง,ชป.,18.804512,98.959762,3464
1316494,สถานีน้ำแม่ปิง (P.90) บ้านทับเดื่อ,ชป.,19.220478,98.972633,143
1316500,บ้านท้องฟ้า,ชป.,17.04663,98.978991,97
1316501,บ้านปากร้อง,ชป.,16.863934,99.11409,524
1316502,บ้านวังชะโอน,ชป.,16.703333,99.435278,223
1316504,บ้านเกาะตาล,ชป.,16.135833,99.784167,118
1316510,ฝายคลองสวนหมาก,ชป.,16.330917,99.26475,32
1316512,คลองวังหิน,ชป.,16.229583,99.696722,269
1316515,สำนักสงฆ์มอหินเพลิง,ชป.,16.151548,99.527517,79
1316517,บ้านคลองสีนวล,ชป.,16.343056,99.598389,454
1316520,บ้านใหม่เสรีธรรม,ชป.,16.533265,99.228801,45
1316523,วัดเขาแก้วสวรรค์,ชป.,16.406278,99.349611,331
1316533,น้ำแม่สอย  W.17A,ชป.,18.744577,99.568511,204
1316547,TW.28,ชป.,18.559259,99.466838,104
1316548,TW.29,ชป.,18.368642,99.326625,56
1316549,TW.30,ชป.,18.241214,99.316761,119
1316550,TW.31,ชป.,18.13277,99.620037,189
1316551,TW.32,ชป.,18.024292,99.218031,94
1316553,TW.34,ชป.,17.553855,99.178195,63
1316554,TW.35,ชป.,17.479214,99.086247,37
1316559,อำเภอโพธิ์ประทับช้าง จ.พิจิตร,ชป.,16.310319,100.271461,251
1316566,วัดวังเคียน จ.แพร่,ชป.,18.044664,99.800807,153
1316570,บ้านหลวงเหนือ จ.ลำปาง,ชป.,18.757743,99.975154,639
1316571,บ้านวังยาว จ.น่าน,ชป.,18.843087,100.427468,169
1316573,อำเภอปง จ.พะเยา,ชป.,19.150733,100.275249,189
1316574,บ้านแฮะ จ.พะเยา,ชป.,19.302907,100.390599,40
1316575,วัดท่าไม้,ชป.,15.915063,100.247163,101
1316576,ปตร.บ้านวังสะตือ,ชป.,16.87341,100.02551,81
1316577,สะพานเขาโค้ง,ชป.,16.925978,99.890301,80
1316578,แม่น้ำยม ปากคลองเข้า ปตร.บางพระ,ชป.,16.9145,99.8438,138
1316583,ห้วยแม่ลาน เทศบาลแม่ลานนา,ชป.,18.06887,99.84226,288
1316640,ชลประทานตราด,ชป.,12.243311,102.506553,1503
1316641,บ้านปลายคลอง,ชป.,12.260545,102.46482,60
1316642,บ้านไร่ป่า,ชป.,12.287519,102.524556,151
1316643,เขาสมิง,ชป.,12.348571,102.454615,177
1316644,วัดเทพนิมิต,ชป.,12.433914,102.433072,91
1316646,วัดคลองขุด,ชป.,12.360417,102.549297,77
1316648,วัดวุรุณดิตถาราม,ชป.,12.282,102.615378,146
1316653,ปากแม่น้ำบางปะกง,ชป.,13.474833,100.98196,303
1316655,บ้านโพธิ์,ชป.,13.58335,101.070917,276
1316657,เขื่อนทดน้ำบางปะกง,ชป.,13.706797,101.136945,323
1316658,ฝายท่าลาด,ชป.,13.707719,101.401415,191
1316660,บางขนาก,ชป.,13.874795,101.141647,212
1316661,หอทอง,ชป.,13.960857,101.216475,153
1316662,ศรีมหาโพธิ์,ชป.,13.973075,101.512525,290
1316664,สมบูรณ์,ชป.,13.970389,101.138699,121
1316665,คลองแม่น้ำใน(โพธิ์แทน),ชป.,14.212921,100.942453,96
1316666,เขื่อนนายก,ชป.,14.18205,101.162164,269
1316672,บ้านตะเภาลาย,ชป.,14.012733,101.265193,215
1316673,วัดสง่างาม,ชป.,14.031635,101.42646,351
1316674,ประจันตคาม,ชป.,14.069966,101.518579,807
1316680,บ้านเนินหินกอง,ชป.,13.782015,101.900566,173
1316690,บ้านป่าเต็ง,ชป.,12.584,99.5344,56
1316693,เขื่อนปราณบุรี,ชป.,12.457138,99.794328,36
1316694,บ้านเขาน้ำตก,ชป.,12.4672,99.8041,47
1316696,บ้านห้วยมงคล,ชป.,12.5435,99.8272,118
1316701,อ่างเก็บน้ำโป่งสามสิบ,ชป.,11.1831,99.3493,36
1316702,อ่างเก็บน้ำยางชุม,ชป.,12.084924,99.683435,34
1316704,วัดปากแพรก,ชป.,11.060013,99.457007,81
1316710,บ้านห้วยกวางจริง,ชป.,13.005179,99.74277,97
1316711,เขื่อนแก่งกระจาน (เหนือน้ำ),ชป.,12.914213,99.627686,35
1316712,เขื่อนแก่งกระจาน (ท้ายน้ำ),ชป.,12.909761,99.641615,78
1316719,บ้านแหลม,ชป.,13.212777,99.982754,1098
1316722,ปตร.พลเทพ,ชป.,15.215885,100.073047,160
1316723,ปตร.ท่าโบสถ์,ชป.,15.05395,100.01206,137
1316724,ปตร.สามชุก,ชป.,14.772463,100.088281,527
1316726,วัดมณีวรรณ,ชป.,14.3969,100.153,685
1316728,โรงเรียนวัดบางปลา,ชป.,13.983198,100.179057,388
1316730,วัดท่ากระบือ,ชป.,13.662052,100.223332,842
1316734,บ้านผาทั่ง,ชป.,15.1054,99.5358,75
1316735,บ้านด่านช้าง,ชป.,14.8197,99.6941,331
1316736,ไซฟอนกระเสียว,ชป.,14.844778,100.015492,103
1316739,วัดหนองปลิง,ชป.,14.293831,99.807415,175
1316744,วัดท่าขนุน,ชป.,14.742605,98.635243,247
1316748,บ้านท่ามะนาว,ชป.,14.1647,99.2754,55
1316755,วัดท่าแย้,ชป.,13.8126,99.4007,73
1316756,วัดศรัทธาธรรม,ชป.,13.3773,99.993,1220
1316761,ฝายทดน้ำลำเหย,ชป.,14.4678,99.4973,87
1316762,ห้วยลำอีซู,ชป.,14.542453,99.378211,52
1316763,วัดหนองไม้เอื้อย,ชป.,14.547573,99.462599,139
1316764,สะพานข้ามลำภาชี,ชป.,13.7521,99.4374,56
1316767,วัดลิ่นถิ่น,ชป.,14.5613,98.7925,34
1316771,วัดบางคนฑีใน,ชป.,13.4913,99.9445,340
1316773,โรงเรียนบ้านลาดใหญ่สามัคคี,ชป.,13.482,100.044,355
1316779,สำนักงานประปา  อบต.ท่ากระดาน สาขาแก่งแคบ,ชป.,14.365097,99.154023,38
1316781,บ้านเลยวังไสย์,ชป.,17.056541,101.516053,48
1316784,บ้านฟากเลย,ชป.,17.299521,101.77633,845
1316788,บ้านหนองบอน,ชป.,17.41509,101.715413,120
1316790,บ้านไร่ม่วง,ชป.,17.490452,101.687589,156
1316792,บ้านเพีย,ชป.,17.531059,101.834182,84
1316793,บ้านโป่ง,ชป.,17.710319,101.710897,303
1316795,บ้านโพธิ์ชัยทอง,ชป.,17.600224,103.980975,529
1316801,บ้านพันนา,ชป.,17.441923,103.570547,223
1316803,เขื่อนน้ำอูน,ชป.,17.308556,103.737882,84
1316804,บ้านโป่งเปื่อย,ชป.,18.314566,103.525551,105
1316811,บ้านดงหนองบัว,ชป.,17.692018,104.148535,85
1316812,บ้านป่งไฮ,ชป.,18.023161,103.821339,235
1316814,ปตร.ห้วยหลวง,ชป.,18.016285,103.08178,1100
1316815,สะพานห้วยลม,ชป.,17.323277,102.543788,96
1316816,สะพานห้วยบ้าน,ชป.,17.798357,103.030347,103
1316817,ศูนย์การเรียนรู้ อบต.เตาไห,ชป.,17.638449,103.098806,109
1316818,สะพานห้วยน้ำขุ่น,ชป.,17.550091,102.958432,98
1316823,อ่างเก็บน้ำห้วยหลวง,ชป.,17.375118,102.599133,171
1316850,ท้ายเขื่อนลำปะทาว,ชป.,16.063514,102.040562,61
1316853,(บ้านโนนสมอ),ชป.,15.821446,102.034489,1164
1316869,ฝายมหาสารคาม (บ้านคุยเชือก),ชป.,16.369066,102.947834,99
1316896,บ้านหนองเป็ด,ชป.,16.011084,101.649338,135
1316897,บ้านโนนเขวา,ชป.,16.35233,102.88133,132
1316898,โรงเรียนบ้านหนองหอย,ชป.,16.20698,103.137005,181
1316899,หอทะหลา มเหศักดิ์,ชป.,16.684656,104.082387,581
1316900,กุดน้ำใส,ชป.,16.73133,102.77117,126
1316901,วัดศรีแก้ว,ชป.,16.871922,102.18107,213
1316903,ฝายพรม-เชิญ,ชป.,16.539065,102.0318,105
1316905,บ้านนางใย,ชป.,16.18648,103.3271,317
1316906,วัดโพธิ์ศรีท่าแห่,ชป.,16.236934,103.429004,240
1316907,ฝายยางลำน้ำยัง,ชป.,16.059906,104.031955,133
1316908,บุ่งเลิศ,ชป.,16.432483,104.185458,115
1316909,ฝายบ้านดอนปอ,ชป.,16.914654,102.382704,148
1316911,สถานีฝายกุมภวาปี,ชป.,17.0762,103.0233,175
1316915,สถานีเขื่อนลำปาว,ชป.,16.604,103.46321,57
1316920,TM.50 (วัดแชะ),ชป.,14.51989,102.2431,842
1316921,TM.145,ชป.,14.49238,101.6835,33
1316924,T สะพานบ้านหัน,ชป.,14.73907,102.00011,380
1316930,"T ขรน.มะเกลือใหม่ (U/S), (D/S)",ชป.,14.88003,101.76168,350
1316939,T ปตร.น้ำเค็ม (D/S),ชป.,15.20617,102.50055,703
1316940,"Tเขื่อนพิมาย (U/S), (D/S)",ชป.,15.22783,102.50134,990
1316941,T-MUN3 (ฝายโคกตอง),ชป.,15.29435,102.6924,173
1316953,TM.4,ชป.,15.367572,103.775118,79
1316958,Tสบห้วยเหนือ+ห้วยสำราญ,ชป.,14.889,104.133,138
1316961,Tใต้ฝายห้วยขะยุง,ชป.,14.680312,104.693597,95
1316977,วัดนิกรวราราม (ย่านยาว),ชป.,8.868464,98.348746,706
1316980,บ้านสะพานเสือ,ชป.,8.748697,98.389237,61
1316985,บ้านเหล,ชป.,8.771167,98.438414,89
1316989,บ้านนาข่าเหนือ,ชป.,6.914998,99.851331,116
1316990,บ้านอุใดใต้,ชป.,6.928031,99.935987,137
1316993,บ้านผังปาล์ม 1,ชป.,6.998849,99.911013,214
1316998,บ้านวังปราง,ชป.,8.025506,99.631517,115
1316999,บ้านปากมูด,ชป.,7.978436,99.604113,138
1317,บ้านแม่เลียงพัฒนา,ทน.,18.18034,99.165629,72
1317001,บ้านนิคม,ชป.,7.949661,99.529428,101
1317005,บ้านลำภูรา,ชป.,7.675344,99.581903,387
1317009,ฝายคลองนางน้อย,ชป.,7.549089,99.726822,315
1317010,บ้านท่าปาบ(X.230),ชป.,7.565272,99.686577,699
1317012,วัดนาเมืองเพชร,ชป.,7.547547,99.510137,182
1317014,บ้านเกาะเคี่ยม,ชป.,7.336656,99.508572,198
1317015,บ้านปากแครง,ชป.,7.314746,99.8254,79
1317019,คลองท่าแซะ,ชป.,10.921667,99.218889,48
1317025,ประตูระบายน้ำหัววัง,ชป.,10.556349,99.177254,141
1317026,ประตูระบายน้ำสามแก้ว,ชป.,10.520002,99.183231,470
1317030,คลองวัดหญ้า,ชป.,8.476777,99.924205,368
1317032,คลองนอกท่า,ชป.,8.530108,99.819844,491
1317035,ฝายท่าดี,ชป.,8.391047,99.864547,159
1317037,บ้านโคกข่อย,ชป.,8.435594,100.014428,349
1317038,บ้านปากพญา,ชป.,8.483189,100.015408,251
1317045,ปตร.อุทกวิภาชประสิทธิ,ชป.,8.321786,100.206081,641
1317046,บ้านสองพี่น้อง,ชป.,8.301503,100.193082,280
1317048,บ้านปากแพรก,ชป.,8.219533,100.200906,134
1317052,ฝายเสาธง,ชป.,8.340558,99.828936,157
1317054,บ้านตูล,ชป.,8.041068,99.981933,162
1317057,บ้านการะเกด,ชป.,8.085369,100.132404,387
1317061,ปตร.บางนราตอนบน,ชป.,6.41331,101.83414,997
1317062,ปตร.น้ำแบ่ง,ชป.,6.331683,101.957297,264
1317063,ปตร.บางนราตอนล่าง,ชป.,6.24644,102.03023,322
1317068,สะพานยะกัง,ชป.,6.40016,101.82338,934
1317071,สถานี ชป.คลองวาด,ชป.,6.990953,100.38278,588
1317072,สถานี X.181,ชป.,7.060311,100.454271,438
1317075,สถานีคลองต่ำ,ชป.,6.975436,100.36767,469
1317077,สถานีคลองหวะ,ชป.,6.970027,100.515863,503
1317080,สถานีคลองรำใหญ่,ชป.,6.761329,100.399158,136
1317081,สถานี X.112,ชป.,6.705239,100.433266,447
1317084,สถานีโรงสูบน้ำระโนด,ชป.,7.793278,100.257958,389
1317085,สถานีปากคลองระโนด,ชป.,7.769627,100.302102,686
1317086,สถานีบ้านลำปำ,ชป.,7.63292,100.153,282
1317091,สถานีบ่อยาง,ชป.,7.200311,100.587907,3699
1317093,ปตร.คลองท่าแนะ,ชป.,7.72914,99.914,119
1317098,เขาชัยสน,ชป.,7.47076,100.138,388
1317105,ปตร.อู่ตะเภา,ชป.,6.987824,100.462205,3259
1317108,ปตร.คลอง 1ซ-ร1,ชป.,7.008409,100.442098,2490
1317109,ปตร.ท่าช้าง-บางกล่ำ,ชป.,7.127928,100.433274,164
1317113,คลองนาท่อม,ชป.,7.636973,100.061156,558
1317114,คลองลำเบ็ดบน,ชป.,7.545644,99.960471,87
1317115,คลองลำเบ็ดล่าง,ชป.,7.590888,100.154019,132
1317116,คลองเหมืองตะกั่ว,ชป.,7.26871,100.094388,114
1317118,คลองตงตอนบน,ชป.,6.817693,100.553952,150
1317119,คลองตงตอนล่าง,ชป.,6.848806,100.471146,1161
1317120,คลองหวะตอนบน,ชป.,6.969362,100.558293,506
1317121,คลองหวะตอนล่าง,ชป.,6.987312,100.474043,4187
1317122,บ้านควนอินนอโม,ชป.,7.345515,100.055831,132
1317123,ฝายนาท่อม,ชป.,7.59192,100.00982,363
1317125,ฝายท่าเชียด,ชป.,7.361018,100.1085,412
1317129,บ้านพรุพร้อ,ชป.,7.19253,100.221,191
1317133,บ้านวังตลับ,ชป.,8.398225,99.346551,162
1317141,บ้านนาสาร (X.81),ชป.,8.807695,99.367472,1051
1317143,บ้านต้นสะท้อน,ชป.,8.871568,99.382296,240
1317146,วัดตาขุน (X.38A),ชป.,8.915404,98.886323,292
1317148,บ้านโพธิ์น้อย,ชป.,9.137005,98.957233,89
1317154,สถานีบ้านมอเก็ต,ชป.,8.701588,99.267252,117
1317155,สถานีบ้านบางน้ำเย็น,ชป.,8.924333,98.840194,40
1317156,สถานีวัดสองพี่น้อง,ชป.,8.847972,98.732583,55
1317158,สถานีวัดบางเงิน,ชป.,8.554306,98.908611,119
1317162,บ้านบาซาเอ,ชป.,6.737495,101.273177,329
1317168,ท้ายเขื่อนบางลาง,ชป.,6.160801,101.276081,208
1317179,บ้านกูหมัง,ชป.,6.226084,101.222579,96
1317186,โรงเรียนบ้านปะลุกา,ชป.,6.180447,102.080157,257
1317195,บ้านแว้ง,ชป.,5.9266,101.8841,495
1317203,ปตร.ปลายคลองโต๊ะแดง,ชป.,6.1586,102.0565,180
1317204,บ้านลาแล,ชป.,6.0832,102.0112,202
1317210,บ้านหนองน้ำใส,ชป.,13.85454,102.377483,88
1317212,บ้านฟากห้วย,ชป.,13.684085,102.501103,1710
1317215,อ่างเก็บน้ำห้วยยาง,ชป.,14.013375,102.644844,73
1317217,บ้านวังกระแพร่,ชป.,12.971751,102.285409,65
1317218,บ้านคลองตานี,ชป.,12.896003,102.271006,256
1317224,ห้วยแม่สอด,ชป.,16.716882,98.558861,1797
1317226,บ้านแม่กึ๊ดสามท่า,ชป.,16.835852,98.59166,178
1317227,บ้านวังผา,ชป.,16.830552,98.539078,356
1317230,บ้านท่าสองแคว,ชป.,18.339649,97.918308,116
1317231,บ้านพะมอลอ,ชป.,18.178425,97.924056,221
1317232,บ้านแม่ตะควน,ชป.,17.963728,97.926075,111
1317234,บ้านสบสา,ชป.,19.221192,98.422328,14
1317235,ห้วยน้ำของ,ชป.,19.535209,98.113684,38
1318,บ้านดงหนองจอก,ทน.,18.018543,99.144126,73
1319,บ้านแม่ต๋ำ,ทน.,17.91228,99.161903,27
1320,บ้านสันโป่ง,ทน.,18.076908,99.152528,43
1321,บ้านโป่งน้ำร้อน,ทน.,18.145405,99.106301,19
1322,บ้านใหม่พัฒนา,ทน.,19.034013,99.786146,28
1323,บ้านบ่อสี่เหลี่ยม,ทน.,18.880018,99.813558,26
1324,บ้านปางหละ,ทน.,18.546973,99.846301,32
1325,บ้านไผ่แพะ,ทน.,18.611998,99.626126,59
1326,บ้านนาไหม้,ทน.,18.659787,99.701045,24
1327,บ้านทุ่งปี้,ทน.,19.253908,99.639732,81
1328,บ้านปงถ้ำ,ทน.,19.119505,99.702894,51
1329,บ้านตึงเหนือ,ทน.,19.039207,99.708485,54
133,ทต.ตะเคียนทอง,สสน.,12.9131,102.0815,53
1330,บ้านแม่หีด,ทน.,19.336406,99.616328,46
1331,บ้านหัวน้ำพัฒนา,ทน.,17.645938,99.381117,28
1332,บ้านแม่แสลม,ทน.,17.384546,99.304498,97
1333,บ้านแม่เตินเหนือ,ทน.,17.738137,99.193731,31
1334,บ้านแม่ถอด,ทน.,17.757825,99.225892,70
1336,บ้านสันขี้เหล็ก,ทน.,17.480736,99.086995,37
1337,บ้านหลุกใต้,ทน.,18.130707,99.532341,162
1338,บ้านทุ่งกวางทอง,ทน.,18.110214,99.645832,85
1339,บ้านปางมะโอ,ทน.,18.052537,99.665897,24
134,บางพระ,สสน.,12.238111,102.50981,1822
1340,บ้านทุ่งหลวง,ทน.,18.254,99.216639,70
1341,บ้านปางปง-ปางทราย,ทน.,18.427697,99.266721,31
1342,บ้านทุ่งเกวียน,ทน.,18.332701,99.249899,84
1343,บ้านหลวง,ทน.,18.763077,99.500149,168
1344,บ้านปางอ่าย,ทน.,18.770061,99.459417,23
1345,บ้านป่าเห่ว,ทน.,18.685728,99.471365,66
1346,บ้านแม่กองปิน,ทน.,18.618016,99.475075,83
1347,บ้านป่าเวียง,ทน.,18.563746,99.459658,98
1349,บ้านป่าเหมี้ยง,ทน.,18.822242,99.384523,22
135,เปร็ดใน,สสน.,12.14203,102.52977,59
1350,บ้านขาม,ทน.,18.983429,99.524123,49
1351,บ้านทุ่งยาง,ทน.,19.03181,99.516312,22
1352,บ้านไร่,ทน.,17.688063,100.119415,184
1353,บ้านห้วยเกียงพา,ทน.,17.805527,100.068661,34
1354,บ้านม่อนหัวฝาย,ทน.,17.755226,100.156855,72
1355,บ้านไฮ่ฮ้า,ทน.,17.807913,100.11232,205
1356,บ้านฝางแล้ง,ทน.,17.736302,100.214115,46
1357,บ้านขุนฝาง,ทน.,17.787722,100.207208,39
1358,บ้านกิ่วเคียน,ทน.,17.886768,100.359615,21
1359,บ้านน้ำต๊ะ,ทน.,17.847961,100.267478,37
136,วังกระแจะ,สสน.,12.262445,102.52681,1110
1360,บ้านน้ำลี,ทน.,17.876747,100.266946,44
1362,บ้านน้ำพร้า,ทน.,17.965777,100.393794,35
1363,บ้านห้วยคอม,ทน.,17.580921,100.680032,22
1364,บ้านส่องสี,ทน.,17.754518,100.942857,18
1365,บ้านปางคอม,ทน.,18.239214,101.08873,18
1366,บ้านห้วยไผ่,ทน.,18.304029,101.109367,17
1368,บ้านหัวนา,ทน.,17.734745,100.080057,79
1369,บ้านปากกลาย,ทน.,18.053803,100.305515,28
137,เมืองตราด,สสน.,12.325195,102.5005,204
1371,บ้านบุญแจ่ม,ทน.,18.267415,100.333578,46
1372,บ้านห้วยฮ่อมพัฒนา,ทน.,18.203518,100.42659,32
1373272,สะพานอนุสรณ์ 100 ปีสิงห์บุรี (สะพานหลวงพ่อแพ 89),สสน.,14.870205,100.408585,668
1373273,สะพานค่ายบางระจัน,สสน.,14.815288,100.36448,317
1373274,สะพานคลองส่งน้ำชลประทาน บ้านตลาดใหม่,สสน.,14.553573,100.316765,251
1373275,สะพานป่าโมก,สสน.,14.498074,100.44962,944
1373276,สะพานน้ำลพบุรี บ้านโพธิ์เก้าต้น,สสน.,14.794374,100.60633,1542
1373277,สะพานคลองส่งน้ำชลประทาน บ้านสร่างโศก,สสน.,14.650794,100.742775,279
1373278,สะพานแมน้ำปาสัก บ้านนาโฉง,สสน.,14.546983,100.88976,2053
1373689,สะพานคลองปากแตระ ชุมชนทะเลสาบสงขลา,สสน.,7.779112,100.36791,556
1373690,สะพานข้ามคลองโคน,สสน.,13.3319,99.96896,75
1373691,สะพานนางพระยา-บางหลวง ชุมชนปากนคร,สสน.,8.438141,100.0304,280
1373692,สะพานคลองปากกิ่ว ชุมชนบ้านหาดสมบูรณ์,สสน.,9.51646,99.22589,337
1375,บ้านผาคอ,ทน.,18.232689,99.877644,25
1376,บ้านเกี๋ยงพา,ทน.,18.164938,99.949071,120
1377,บ้านแสนทอง,ทน.,18.30051,100.025666,88
1378,บ้านสันติสุข,ทน.,18.252471,99.978555,131
1379,บ้านแม่จอก,ทน.,18.081108,99.774443,115
138,ห้วยแร้ง,สสน.,12.369261,102.54332,79
1380,บ้านแม่แขม,ทน.,18.016855,99.71156,84
1381,บ้านโคนป่าหิน,ทน.,17.991983,99.862855,80
1382,บ้านปางเคาะ,ทน.,17.949734,99.962193,87
1383,บ้านบ่อแก้ว,ทน.,17.913996,99.896699,46
1384,บ้านข่วงบุก,ทน.,17.879229,100.022994,43
1385,บ้านแม่พวก,ทน.,17.939392,100.060039,143
1386,บ้านข่วงชมภู,ทน.,18.574699,100.203708,48
13869,รพสต.แก่นมะกรูด,สสน.,15.16183,99.28896,9
1387,บ้านนาหลวง,ทน.,18.742005,100.309278,49
13870,อบต.วังยาว,สสน.,14.89012,99.37758,35
13872,หน่วยพิทักษ์อุทยานแห่งชาติแก่งกระจาน 10,สสน.,12.97823,99.37312,14
13873,วัดคะเมยกาญจนผลาราม,สสน.,13.00169,99.5863,23
13874,อบต.พุสวรรค์,สสน.,13.00646,99.7397,98
13875,รร.ตชด. นเรศวรบ้านห้วยโสก,สสน.,12.66014,99.53867,16
13877,ที่ว่าการอำเภอหัวหิน,สสน.,12.52973,99.88109,65
13878,ศาลากลางหมู่บ้านแพรกตะลุย,สสน.,12.32247,99.62341,13
13879,ประปาหมู่บ้านคลองเพลิน,สสน.,11.32008,99.39444,87
1388,บ้านป่าเลา,ทน.,18.636704,100.239103,41
13880,รร.บ้านดงไม้งาม,สสน.,11.31588,99.4664,91
13881,น้ำตกไทรคู่,สสน.,11.24847,99.33681,20
13882,สำนักงานเกษตรอำเภอบางสะพาน,สสน.,11.24181,99.48108,162
13883,ศาลากลางหมู่บ้านในล๊อค,สสน.,11.18113,99.35563,35
13885,รร.บ้านท่าหัน,สสน.,8.82912,98.49197,28
13886,รร.บ้านช้างเชื่อ,สสน.,8.74471,98.48924,23
13887,ศูนย์พัฒนาเด็กเล็ก อบต.ท่านา,สสน.,8.67848,98.41658,56
13888,อบต.ตะปาน,สสน.,8.86669,99.14691,67
13889,รพ.สต.เวียงสระ,สสน.,8.65592,99.29936,128
1389,บ้านท่าวะ,ทน.,18.681022,100.326985,38
13890,ทต.ปลายพระยา,สสน.,8.53284,98.86406,241
13891,ทต.จันดี,สสน.,8.38823,99.54064,1079
13892,ฝายคลองท่าเลา,สสน.,8.232547,99.70778,38
13893,รร.บ้านพูน,สสน.,8.03829,99.6431,380
13894,อบต.อ่าวตง,สสน.,7.85577,99.38441,103
13895,รร.บ้านหนองคล้า,สสน.,7.61854,99.4491,95
13896,รร.วัดควนสีนวล,สสน.,7.52714,99.73756,164
13897,รร.บ้านลำปลอกเหนือ,สสน.,7.35493,99.81481,75
13898,รพสต.บ้านเขาปู่,สสน.,7.70951,99.83803,124
139,ทต.ท่าพริกเนินทราย,สสน.,12.25512,102.55822,241
1390,บ้านแพะดอนมูล,ทน.,17.74928,99.432498,57
13900,ทม.พัทลุง,สสน.,7.61829,100.07377,2230
13902,สนามทับทุ่ม บ้านวังนาใน หมู่ที่ 10,สสน.,7.13571,99.93736,34
13904,รร.ผังปาล์ม 4,สสน.,7.02235,99.93085,61
13905,มูศ๊อลลา(มัสยิด)ชูฮาดา,สสน.,6.96422,100.02687,58
13906,วังวิเศษ,สสน.,7.668987,99.45936,247
1391,บ้านนาพูนพัฒนา,ทน.,17.832129,99.763168,75
1391940,หน่วยพิทักษ์ป่าหินเหิบ,พพภ,16.1253,101.459,21
1391957,หน่วยจัดการต้นน้ำและพัฒนาชุมชนในพื้นที่ป่าอนุรักษ์คลองสอง,พพภ,14.595323,101.73728,23
1392,บ้านขุนห้วย,ทน.,17.903802,99.541516,79
1392047,หน่วยพิทักษ์ฯ สล. 6 (บ้านมุง),พพภ,16.5617,100.7066,232
1392057,หน่วยจัดการต้นน้ำและพัฒนาชุมชนในพื้นที่ป่าอนุรักษ์ห้วยตะเบาะ,พพภ,16.3302,101.3166,15
1392063,ที่ทำการเขตห้ามล่าสัตว์ป่าแก่งคอย,พพภ,14.5439,101.0983,50
1393,บ้านแม่แฮด,ทน.,17.858197,99.53412,58
1394,บ้านแม่จอก,ทน.,17.977693,99.636121,73
1394793,สะพานน้ำชี,พพภ,16.15583,101.65372,45
1394808,สะพานน้ำลำตะคอง,พพภ,14.550208,101.459465,79
1394899,สถานีวิจัยต้นน้ำชายฝั่งทะเลตะวันออก,พพภ,12.697516,101.404884,75
1394921,ที่ทำการ อช.ทุ่งแสลงหลวง,พพภ,16.842468,100.879684,42
1394925,หน่วยพิทักษ์อุทยานแห่งชาติที่ นสล. 1 (ซับปลากั้ง),พพภ,14.412701,100.97773,80
1394935,สะพานคลองลำสนธิ,พพภ,15.246861,101.19566,135
1394937,สะพานคลองสนธิ,พพภ,15.511389,101.34012,57
1394954,สะพานเจริญราษฎร์รังสรรค์,พพภ,14.067594,101.75532,255
1395,บ้านห้วยธนู,ทน.,19.026308,100.752384,65
1395255,หน่วยจัดการต้นน้ำและพัฒนาชุมชนในพื้นที่ป่าอนุรักษ์ลำเจา,พพภ,15.787823,101.335236,68
1396,บ้านเขื่อนแก้ว,ทน.,18.785066,100.700092,195
1396284,หน่วยจัดการต้นน้ำและพัฒนาชุมชนในพื้นที่ป่าอนุรักษ์คลองยาง,พพภ,14.324904,101.84176,59
1396722,สถานีวิจัยต้นน้ำมูล,พพภ,14.527594,101.33372,48
1396724,หน่วยจัดการต้นน้ำและพัฒนาชุมชนในพื้นที่ป่าอนุรักษ์ลำตะคอง,พพภ,14.735245,101.3785,98
1396844,หน่วยจัดการต้นน้ำและพัฒนาชุมชนในพื้นที่ป่าอนุรักษ์ลำสนธิ,พพภ,15.485842,101.322525,34
1396846,หน่วยจัดการต้นน้ำและพัฒนาชุมชนในพื้นที่ป่าอนุรักษ์เขามดแดง,พพภ,14.181608,101.50688,86
1396856,สะพานคลองลำพญาธาร,พพภ,14.26568,101.89133,111
1396858,สะพานคลองนางรอง,พพภ,14.315195,101.312836,352
1396860,สะพานคลองวังตะไคร้,พพภ,14.321305,101.30604,308
1396872,หน่วยพิทักษ์อุทยานแห่งชาติที่ ขญ.20 (น้ำตกเหวนรก),พพภ,14.28622,101.39359,23
1396896,ที่ทำการเขตรักษาพันธุ์สัตว์ป่าเขาเขียว-เขาชมภู่,พพภ,13.240835,101.04208,88
1397,บ้านตาแวน,ทน.,18.787085,100.654333,69
1398,บ้านปางเป๋ย,ทน.,18.858215,100.549527,38
1399,บ้านละเบ้ายา,ทน.,18.918661,100.622396,16
140,อบต.ไม้รูด,สสน.,11.92743,102.77907,159
1400,บ้านห้วยปุก,ทน.,18.891772,100.683512,33
1401,บ้านน้ำปาย,ทน.,18.662784,100.965402,46
1402,บ้านก้อ,ทน.,18.793,101.030002,25
1403,บ้านโปร่งศรี,ทน.,18.782298,100.4556,34
1404,บ้านห้วยตึม,ทน.,18.871762,100.465511,51
1405,บ้านป่ากล้วย,ทน.,18.229369,100.686028,90
1406,บ้านส้าน,ทน.,18.282419,100.565464,34
1408,บ้านทัพม่าน,ทน.,18.33798,100.567497,20
1409,บ้านวังกอก,ทน.,18.401079,100.607072,50
141,อบต.สะตอ,สสน.,12.53639,102.44429,105
1410,บ้านท่าล้อ,ทน.,19.178175,100.849802,361
1411,บ้านดอนสถาน1,ทน.,19.207782,100.936047,384
1412,บ้านกอก,ทน.,19.025916,100.931204,111
1413,บ้านห้วยหลักลาย,ทน.,18.985865,101.064727,34
1414,บ้านเต๋ยกิ๋วเห็น,ทน.,19.219616,101.06183,22
1415,บ้านปางยาง,ทน.,19.126379,100.997946,27
1416,บ้านผาเวียง,ทน.,19.154243,101.010638,27
1417,บ้านสกาดกลาง,ทน.,19.265408,101.005332,71
1419,บ้านน้ำไคร้,ทน.,19.062464,100.927893,50
1420,บ้านนาฝ่า,ทน.,19.074203,100.866099,175
1421,บ้านสันติสุข,ทน.,19.13479,100.700542,23
1422,บ้านปางสา,ทน.,19.230945,100.752061,83
1422304,แม่น้ำปิงที่ อ.จอมทอง,กฟผ.,18.435266,98.740107,617
1422361,สะพานคลองแสง อ.บ้านตาขุน,กฟผ.,8.962559,98.814738,107
1422362,สะพานคลองศก อ.พนม,กฟผ.,8.881969,98.678887,57
1422363,บ้านคลองพนม อ.พนม,กฟผ.,8.793062,98.703056,17
1422364,สะพานเชี่ยวไทร อ.พนม,กฟผ.,8.822734,98.832075,80
1422365,สะพานพุมดวง (วัดตาขุน) อ.บ้านตาขุน,กฟผ.,8.915783,98.885678,292
1422366,สะพานท่าขนอน (วัดปราการ)อ.คีรีรัฐนิคม (X.36),กฟผ.,9.029581,98.969587,331
1422367,สะพานสิริกฤตานุกุล์ (บ้านท่านหญิง)อ.วิภาวดี,กฟผ.,9.24312,98.919251,80
1422368,สะพานบ้านปากคู่(วัดนิลาราม)อ.คีรีรัฐนิคม ท. 220903,กฟผ.,9.068123,98.98318,109
1422369,สะพานท่าผาก อ.พุนพิน จ.สุราษฎร์ธานี,กฟผ.,9.063301,99.093328,99
1422370,วัดท่ายาง จ.นครศรีธรรมราช,กฟผ.,8.302045,99.368239,815
1422372,สะพานเคียนซา (ปาล์มพาราวุ้ด) อ.เคียนซา (X.217),กฟผ.,8.847581,99.198984,280
1422373,สะพานบ้างอ้อ อ.พุนพิน,กฟผ.,9.074279,99.217619,266
1422374,สะพานจุลจอมเกล้า อ.พุนพิน (X.5C),กฟผ.,9.113061,99.223751,1168
1422377,หน่วยพิทักษ์ป่าคลองมอญ จ.สุราษฎร์ธานี,กฟผ.,9.080287,98.632318,3
1422378,หน่วยพิทักษ์ป่าเขาพัง จ.สุราษฎร์ธานี,กฟผ.,9.023022,98.707218,2
1423,บ้านน้ำกิใต้,ทน.,19.219529,100.647582,36
1424,บ้านสันนาเคียน,ทน.,18.494757,100.945088,84
1425,บ้านฮากฮาน,ทน.,18.661424,100.481535,12
1426,เอาออกจากระบบ,ทน.,18.586899,100.700788,102
1427,บ้านห้วยน้ำอุ่น,ทน.,18.505597,100.524484,32
1428,บ้านยาบนาเลิม,ทน.,18.679689,100.568914,13
143,ทต.หนองบอน,สสน.,12.67735,102.45936,154
1430,บ้านปางสา,ทน.,18.638724,100.869164,23
1432,บ้านงอบเหนือ,ทน.,19.484719,100.897273,137
1433,บ้านน้ำสอด,ทน.,19.448831,100.829499,20
1434,บ้านปางแก,ทน.,19.384602,100.977898,20
1435,บ้านน้ำพิ,ทน.,19.394918,100.831295,36
1436,บ้านหนองปลา,ทน.,19.338951,100.952481,29
1437,บ้านน้ำมีด,ทน.,19.333165,100.833793,46
1438,บ้านส้อ,ทน.,19.308154,100.847834,191
1439,บ้านหัวน้ำ,ทน.,19.329101,100.907697,105
144,อบต.บางปิด,สสน.,12.21718,102.30766,130
1440,บ้านผาน้ำย้อย,ทน.,19.278148,100.950932,53
1442,บ้านห้วยเย็น,ทน.,18.182949,100.542672,22
1443,บ้านกิ่วม่วง,ทน.,18.914655,100.881303,26
1444,บ้านหนองใหม่,ทน.,18.874923,100.988218,61
1445,บ้านหัวนา,ทน.,18.918639,100.949617,118
1446,บ้านนากึ๋น,ทน.,19.317681,101.173423,20
1447,บ้านบ่อหยวกใต้,ทน.,19.283318,101.176774,19
1448,บ้านบ่อหลวง,ทน.,19.149221,101.154859,60
1450,บ้านห่างทางหลวง,ทน.,19.025438,101.203887,29
1451,บ้านสว้าเหนือ,ทน.,19.235265,101.191307,32
1453,บ้านน้ำพัน,ทน.,19.293784,100.686108,18
1454,บ้านถ้ำเวียงแก,ทน.,19.310209,100.751267,49
1455,บ้านสองแคว,ทน.,19.357041,100.706574,78
1456,บ้านน้ำปาน,ทน.,19.436745,100.677951,29
1457,บ้านผาหลัก,ทน.,19.380296,100.606276,48
1458,บ้านห้วยโก๋น,ทน.,19.578778,101.06699,98
1459,บ้านสบปืน,ทน.,19.569396,101.017327,57
1459035,บ้านต้นแหนน้อย,ทน.,18.547291,98.862174,532
1459036,บ้านห้วยโป่ง,ทน.,18.658259,98.661228,103
1459037,บ้านหัวเสือ,ทน.,18.453265,98.640097,102
1459038,บ้านหมอกเปา,ทน.,20.029237,99.237578,110
1459039,บ้านห้วยผาตืน (ปางแฟน),ทน.,18.996693,99.279927,59
1459040,บ้านอ่างกาน้อย (สบหาด),ทน.,18.541897,98.593349,37
1459041,บ้านน้ำหลง,ทน.,19.17489,99.659674,80
1459043,บ้านพนาเสรี (แม่จันใต้),ทน.,19.478018,99.32167,28
1459044,บ้านผาแดงหลวง,ทน.,19.866843,99.540661,22
1459045,บ้านสันทรายงาม,ทน.,19.747379,100.17881,204
1459046,บ้านท่าสาย,ทน.,19.857332,99.844272,773
1459047,ชุมชนบ้านใหม่,ทน.,19.918208,99.832728,2152
1459048,บ้านพญากองดี,ทน.,19.623493,99.36108,43
1459049,บ้านสิบสองพัฒนา,ทน.,19.378142,100.442811,16
1459050,บ้านปางปูเลาะ,ทน.,19.351791,99.716546,29
1459052,บ้านดงเคียน,ทน.,19.381615,100.184619,46
1459053,บ้านค้างหงส์ใหม่,ทน.,19.301513,100.164884,139
1459054,บ้านกอก,ทน.,19.411848,100.405275,112
1459055,บ้านท่าต้นหาด,ทน.,19.356908,99.769229,79
1459056,บ้านใหม่ปางค่า,ทน.,19.337223,100.431249,45
1459057,บ้านธาตุขิงแกงใหม่,ทน.,19.293864,100.190762,116
1459058,บ้านม้งแปดหลัง,ทน.,20.378206,99.485651,50
1459059,บ้านอยู่สุข,ทน.,19.880154,100.383826,67
1459061,บ้านถนนโค้ง,ทน.,14.743917,101.039334,145
1459062,บ้านคำแคน,ทน.,16.301109,102.501109,136
1459063,บ้านโนนระเวียง,ทน.,16.01213,101.491527,104
1459064,บ้านดงกลาง 2,ทน.,16.159821,103.993656,83
1459065,บ้านหนองอ้อ,ทน.,15.178839,102.236208,450
1459066,ชุมชนหนองสาหร่าย (สะพานขาว),ทน.,14.717627,101.430923,1108
1459067,บ้านสุมทุม,ทน.,14.988341,101.683315,139
1459068,บ้านวังวารี,ทน.,14.859791,102.393737,93
1459069,บ้านหาดใหญ่,ทน.,12.797868,101.4683,87
1459070,ชุมชนวังปาตอง,ทน.,13.682056,102.504417,1166
1459072,บ้านพรุจูด,ทน.,7.790836,99.52135,74
1459073,บ้านปากแพรก,ทน.,7.544777,99.954661,106
1459074,บ้านนาหยา,ทน.,7.481101,100.080964,207
1459075,บ้านท่าเชียด,ทน.,7.263168,100.08232,125
1459076,ชุมชนย่านยาวออก,ทน.,6.868006,100.456304,520
1459077,ชุมชนวัดเกาะ,ทน.,6.974349,100.397919,326
1459078,บ้านควนจง,ทน.,6.968613,100.51886,503
1459079,บ้านยางงาม (บ้านทุ่งปราบ),ทน.,7.160262,100.376721,311
1459080,บ้านคลองตีนเป็ด,ทน.,9.075341,99.814225,70
1459081,บ้านเขาทราย,ทน.,8.848799,99.823532,74
1459082,บ้านในเขียว 1,ทน.,8.553659,99.808922,177
1459083,บ้านปลายรา,ทน.,8.453712,99.395122,38
1459084,บ้านบูเก๊ะตา,ทน.,5.849583,101.880607,411
1459085,บ้านเจ๊ะเหม,ทน.,5.929218,101.861527,284
1459086,บ้านสรายอ,ทน.,6.00766,101.856709,299
1459087,บ้านจือแร,ทน.,6.051056,101.861738,267
1459089,บ้านยานิง,ทน.,6.238611,101.821081,397
1459090,บ้านปูโง๊ะ,ทน.,6.242772,101.680284,266
1459091,บ้านบระเอ็ง,ทน.,6.32279,101.62186,129
1459092,บ้านตามุง,ทน.,6.315009,101.539881,104
1459093,บ้านบริจ๊ะ,ทน.,6.357526,101.579157,215
1459096,บ้านไอยามู,ทน.,5.984583,101.781159,46
1459097,บ้านกูโบร์,ทน.,6.461544,101.568332,236
1459098,ชุมชนยะกัง,ทน.,6.39927,101.821229,444
1459099,บ้านสาวอ,ทน.,6.44204,101.465509,188
1459100,บ้านโคกมือบา,ทน.,6.169394,102.062652,186
1459101,บ้านมูโนะ,ทน.,6.076795,102.040468,389
1459102,บ้านลูโบ๊ะซาเลาะ,ทน.,6.069506,101.752056,66
1459104,บ้านศาลาใหม่,ทน.,6.283996,102.005133,361
1459105,บ้านไอร์ตืองอ,ทน.,6.211957,101.487933,136
1459106,บ้านตะบิ้ง,ทน.,6.700474,101.607109,738
1459107,บ้านแบรอกูวง,ทน.,6.844561,101.265785,809
1459108,บ้านบาโงสาเมาะ,ทน.,6.641935,101.526486,240
1459110,บ้านลูกไม้ไผ่,ทน.,6.617193,101.424317,245
1459111,บ้านภักดี,ทน.,6.158471,101.323802,56
1459112,บ้านจุฬาภรณ์พัฒนา 10,ทน.,5.856161,101.235071,15
1459113,บ้านกาลอ,ทน.,6.395517,101.374972,203
1459115,บ้านหาดทราย,ทน.,6.242861,101.371737,113
1459116,บ้านวังใหม่,ทน.,5.957057,101.15661,94
1459117,บ้านสามร้อยไร่,ทน.,5.991883,101.146417,34
1459118,ชุมชนตลาดเมืองใหม่,ทน.,6.552701,101.266779,2209
1459119,บ้านปุยุต,ทน.,6.167344,101.190206,195
1459120,บ้านป่าหวังนอก,ทน.,6.277054,101.288632,285
1459121,บ้านพรุ,ทน.,6.549671,101.486627,176
1459122,บ้านกาโสด,ทน.,6.226293,101.222264,96
1459123,บ้านบ่อโพธิ์,ทน.,17.232192,101.053443,61
1459125,บ้านดอนไพรวัลย์,ทน.,18.935058,101.061956,28
1459126,บ้านน้ำตวงใหม่,ทน.,18.742818,101.193413,35
1459127,บ้านร่มเกล้า,ทน.,18.557937,101.037832,35
1459128,บ้านน้ำพาง,ทน.,18.635359,101.038194,26
1459129,บ้านวังแข,ทน.,18.586969,100.700766,102
1459130,บ้านป่าสัก,ทน.,18.310669,100.728303,98
1459131,บ้านแม่ขมวก,ทน.,17.775018,99.469853,149
1459132,บ้านกียา,ทน.,6.471154,101.200778,94
1459133,บ้านคลองน้อย,ทน.,10.256597,99.003799,47
1459134,บ้านคลองสง,ทน.,9.736841,98.989378,44
1459136,บ้านนาแซะ,ทน.,10.502486,98.985835,106
1459141,บ้านราชา,ทน.,8.397957,98.329861,162
1459142,ชุมชนกะตะ,ทน.,7.821118,98.30785,2821
1459143,บ้านสวัสดิ์,ทน.,10.446506,98.821075,194
1459144,บ้านสำราญ,ทน.,15.806083,104.112764,153
1459145,บ้านเลิงนกทา,ทน.,16.195462,104.525644,331
1459146,บ้านซ่งแย้,ทน.,16.071511,104.37328,242
1459147,บ้านโนนหนองผือ,ทน.,16.05422,104.533683,115
1459148,บ้านแข้ด่อน,ทน.,14.415027,105.112882,88
1459150,บ้านนาเยีย,ทน.,15.070855,105.067469,331
1459151,บ้านสร้างขุนศรี,ทน.,15.12773,104.959635,115
1459152,บ้านนาส่วง,ทน.,15.025852,104.947411,211
1459153,บ้านธาตุน้อย,ทน.,15.311814,104.436683,283
146,อบต.บางขวัญ,สสน.,13.74984,101.07751,256
1460,บ้านน้ำรีพัฒนา,ทน.,19.51781,101.223628,80
1461,บ้านกิ่วจันทร์,ทน.,19.541201,101.143102,59
1462,บ้านเปียงซ้อ,ทน.,19.3819,101.186999,49
1463,บ้านแม่ต๋อมใน,ทน.,19.176836,99.789522,36
1464,บ้านห้วยข้าวก่ำเหนือ,ทน.,19.334007,100.117025,304
1465,บ้านใหม่เจริญไพร,ทน.,19.393137,100.300785,93
1466,บ้านสบสา,ทน.,19.520783,100.36887,149
1467,บ้านต้นผึ้ง,ทน.,19.471175,100.489748,14
1468,บ้านกาญจนา,ทน.,19.422643,100.360418,100
1469,บ้านน้ำลาว,ทน.,19.420543,100.4383,58
1470,บ้านกลาง,ทน.,18.891162,100.309257,82
1471,บ้านขุนกำลัง,ทน.,19.107895,100.390588,30
1472,บ้านน้ำปุก,ทน.,19.197005,100.461177,35
1472962,สถานีวิจัยต้นน้ำแม่แจ่ม,พพภ,18.5223,98.2943,26
1472967,สถานีวิจัยต้นน้ำขุนสถาน,พพภ,18.277527,100.50524,14
1472982,หน่วยพิทักษ์ป่าหัวทุ่ง,พพภ,18.30243,99.229454,28
1472984,หน่วยพิทักษ์ป่าแม่ทา,พพภ,18.43999,99.14778,82
1472990,หน่วยจัดการต้นน้ำและพัฒนาชุมชนในพื้นที่ป่าอนุรักษ์ห้วยจะค่าน,พพภ,19.602726,99.08559,45
1472991,หน่วยจัดการต้นน้ำและพัฒนาชุมชนในพื้นที่ป่าอนุรักษ์แม่หวาน,พพภ,19.007475,99.33236,26
1473,บ้านสบขาม,ทน.,19.150395,100.389803,124
1474,บ้านปางผักหม,ทน.,19.335588,100.318604,28
1474366,หน่วยจัดการต้นน้ำและพัฒนาชุมชนในพื้นที่ป่าอนุรักษ์แม่ลี้,พพภ,17.88562,99.0827,46
1475,บ้านน้ำต้ม,ทน.,19.354569,100.392999,33
1475088,หน่วยจัดการต้นน้ำและพัฒนาชุมชนในพื้นที่ป่าอนุรักษ์แม่ลาย – แม่ออน,พพภ,18.867105,99.31434,56
1475090,หน่วยจัดการต้นน้ำและพัฒนาชุมชนในพื้นที่ป่าอนุรักษ์แม่ทา,พพภ,18.6771,99.2937,70
1475098,หน่วยจัดการต้นน้ำและพัฒนาชุมชนในพื้นที่ป่าอนุรักษ์พร้าว,พพภ,19.353,99.315,25
1475102,หน่วยพิทักษ์อุทยานแห่งชาติที่ วจ.5 (โละโคะ),พพภ,16.4495,99.1115,37
1475104,สะพานน้ำแม่ขาน,พพภ,18.7955,98.7307,28
1475106,สะพานน้ำแม่กลาง,พพภ,18.507551,98.66203,98
1475118,สะพานน้ำแม่งัด,พพภ,19.238968,99.18048,155
1475122,สะพานแม่น้ำปิง,พพภ,19.507914,98.95879,151
1475127,สถานีวิจัยต้นน้ำดอยเชียงดาว,พพภ,19.2718,98.96989,56
1475129,หน่วยงานวิจัยการจัดการลุ่มน้ำศูนย์ศึกษาการพัฒนาห้วยฮ่องไคร้ อันเนื่องมาจากพระราชดำริ,พพภ,18.883398,99.22465,49
1475131,หน่วยจัดการต้นน้ำและพัฒนาชุมชนในพื้นที่ป่าอนุรักษ์แม่ห้อม,พพภ,19.3907,99.622,27
1476,บ้านปางมะโอ,ทน.,19.359523,100.510463,20
1476442,หน่วยพิทักษ์อุทยานแห่งชาติถ้ำผาไท หน่วยที่ 5 (น้ำตกตาดน้อย),พพภ,18.8137,99.7046,12
1476446,หน่วยพิทักษ์อุทยานแห่งชาติที่ มว.3 (ดงลาน),พพภ,17.2975,99.1891,17
1476448,หน่วยพิทักษ์อุทยานแห่งชาติที่ 1 (น้ำดิบต้นกอก),พพภ,17.494926,99.214226,30
1476450,หน่วยพิทักษ์อุทยานแห่งชาติที่ จซ. 5 (แม่แจ๋ม),พพภ,18.9263,99.4099,32
1476456,สะพานน้ำคลองแม่สอย,พพภ,18.784391,99.56949,113
1476461,สะพานพัฒนามิตรภาพแม่น้ำตุ๋ย,พพภ,18.474373,99.46628,59
1476465,หน่วยจัดการต้นน้ำและพัฒนาชุมชนในพื้นที่ป่าอนุรักษ์แม่อาบ,พพภ,17.65963,99.12293,33
1477,บ้านหนองเลา,ทน.,19.637382,100.362885,275
1478,บ้านฮวก,ทน.,19.688381,100.411249,159
1479,บ้านนาหนุน,ทน.,19.688964,100.359171,84
1480,บ้านสา,ทน.,19.6042,100.404631,84
1481,บ้านนางแลใน (บ้านลิไข่),ทน.,20.049882,99.822625,29
1481101,หน่วยจัดการต้นน้ำและพัฒนาชุมชนในพื้นที่ป่าอนุรักษ์แม่เสริม,พพภ,18.1331,99.1106,20
1481105,หน่วยพิทักษ์ป่าแม่เหล็ก,พพภ,18.312527,98.978264,35
1481107,หน่วยพิทักษ์ป่าดอยอีหุ้ย,พพภ,18.153486,98.9833,26
1481108,สะพานน้ำแม่คะ,พพภ,19.337248,100.43124,45
1481110,หน่วยพิทักษ์อุทยานแห่งชาติที่ ศช. 4 (แม่มอก),พพภ,17.661854,99.39075,18
1481112,หน่วยพิทักษ์อุทยานแห่งชาติที่ 4 (แม่แก้),พพภ,18.74446,99.81539,27
1481122,สะพานน้ำงาว,พพภ,18.889063,99.940125,114
1481128,สะพานบ้านตึก,พพภ,17.586782,99.81109,215
1481132,หน่วยศึกษาการพัฒนาการอนุรักษ์ต้นน้ำห้วยท่าแพ,พพภ,17.59327,99.51376,26
1481146,สะพานน้ำแม่จั๊ว,พพภ,19.019968,100.264275,39
1481151,หน่วยศึกษาการพัฒนาการอนุรักษ์ต้นน้ำแม่หวด,พพภ,18.55175,99.839226,26
1481153,สะพานน้ำแม่สิน,พพภ,17.801989,99.849495,68
1481155,หน่วยจัดการต้นน้ำและพัฒนาชุมชนในพื้นที่ป่าอนุรักษ์แม่ต๋ำ,พพภ,18.91207,100.0537,18
1481156,หน่วยจัดการต้นน้ำและพัฒนาชุมชนในพื้นที่ป่าอนุรักษ์แม่นึง,พพภ,18.571398,99.43958,38
1482,บ้านหัวฝาย,ทน.,20.006996,99.813081,78
1482443,หน่วยศึกษาการพัฒนาการอนุรักษ์ต้นน้ำขุนงาว,พพภ,18.8879,99.8069,21
1482445,สะพานน้ำปี้ เชียงม่วน,พพภ,18.881905,100.28281,146
1483,บ้านก๊อดยาว,ทน.,20.102466,99.957901,73
1483103,สะพานพญาอาทิตราช,พพภ,17.37028,98.48728,69
1483111,สะพานคลองแม่มอญ,พพภ,18.810192,99.50328,114
1483113,หน่วยศึกษาการพัฒนาการอนุรักษ์ต้นน้ำน้ำงิม,พพภ,19.3401,100.4781,14
1483117,หน่วยจัดการต้นน้ำและพัฒนาชุมชนในพื้นที่ป่าอนุรักษ์สบสาย,พพภ,19.11322,100.706726,18
1483119,หน่วยจัดการต้นน้ำและพัฒนาชุมชนในพื้นที่ป่าอนุรักษ์น้ำหุย,พพภ,19.2556,100.732,56
1483120,หน่วยจัดการต้นน้ำและพัฒนาชุมชนในพื้นที่ป่าอนุรักษ์น้ำแหน,พพภ,19.184416,100.75231,61
1483122,หน่วยจัดการต้นน้ำและพัฒนาชุมชนในพื้นที่ป่าอนุรักษ์น้ำเลียบ,พพภ,19.390013,100.900406,53
1483124,หน่วยจัดการต้นน้ำและพัฒนาชุมชนในพื้นที่ป่าอนุรักษ์สะเนียน-ไสล,พพภ,18.8532,100.592,32
1483127,สะพานพระร่วงข้ามน้ำแควน้อย,พพภ,17.185375,100.68031,49
1483131,สะพานน้ำเข็ก,พพภ,16.835382,100.56083,138
1483137,ที่ทำการอุทยานแห่งชาติต้นสักใหญ่,พพภ,17.596693,100.5496,12
1483141,ที่ทำการอุทยานแห่งชาติขุนน่าน,พพภ,19.18075,101.17954,22
1483142,หน่วยพิทักษ์อุทยานแห่งชาติที่ ศน.7 (ห้วยงาม),พพภ,18.2799,100.9562,9
1483144,หน่วยพิทักษ์อุทยานแห่งชาติที่ ลน. 6 (น้ำพร้า),พพภ,17.9472,100.3647,15
1483159,หน่วยจัดการต้นน้ำและพัฒนาชุมชนในพื้นที่ป่าอนุรักษ์น้ำหมาวหมอก,พพภ,19.061718,101.10231,36
1483161,หน่วยจัดการต้นน้ำและพัฒนาชุมชนในพื้นที่ป่าอนุรักษ์น้ำฟ้า,พพภ,18.7226,101.1722,11
1483163,หน่วยจัดการต้นน้ำและพัฒนาชุมชนในพื้นที่ป่าอนุรักษ์น้ำปาด,พพภ,19.5512,101.0546,59
1483164,หน่วยจัดการต้นน้ำและพัฒนาชุมชนในพื้นที่ป่าอนุรักษ์น้ำงาว,พพภ,18.981392,100.71825,25
1483166,หน่วยจัดการต้นน้ำและพัฒนาชุมชนในพื้นที่ป่าอนุรักษ์น้ำขว้าง,พพภ,19.1848,101.072,20
1483169,หน่วยจัดการต้นน้ำและพัฒนาชุมชนในพื้นที่ป่าอนุรักษ์เมืองลี,พพภ,18.18908,100.47599,24
1484,บ้านห้วยขมนอก,ทน.,19.987143,99.762426,91
1484458,หน่วยจัดการต้นน้ำและพัฒนาชุมชนในพื้นที่ป่าอนุรักษ์น้ำภาค,พพภ,17.4691,100.6753,16
1484459,หน่วยพิทักษ์อุทยานแห่งชาติที่ สญ.2 (ถ้ำจัน),พพภ,17.5832,100.4222,19
1484461,หน่วยจัดการต้นน้ำและพัฒนาชุมชนในพื้นที่ป่าอนุรักษ์เขื่อนสิริกิติ์,พพภ,17.798231,100.38039,144
1485,บ้านจะนู,ทน.,19.957778,99.639167,32
1485161,หน่วยจัดการต้นน้ำและพัฒนาชุมชนในพื้นที่ป่าอนุรักษ์แม่สะลวม,พพภ,19.421482,99.306526,34
1486,บ้านพนาสวรรค์,ทน.,20.035888,99.601847,56
1486629,หน่วยพิทักษ์อุทยานแห่งชาติที่ สญ.1 (ต้นขนุน),พพภ,17.6152,100.7262,13
1487,บ้านหนองเขียว,ทน.,19.870468,99.725705,77
1488,บ้านปางริมกรณ์,ทน.,19.844644,99.667601,96
1489,บ้านห้วยแม่เลี่ยม,ทน.,19.919978,99.623278,16
149,ปากคลองพระองค์เจ้าฯ (บางน้ำเปรี้ยว),สสน.,13.83819,100.9666,359
1490,บ้านแม่มอญ,ทน.,19.852359,99.610264,28
1491,บ้านห้วยชมภู,ทน.,19.968846,99.513386,32
1492,บ้านโป่งน้ำร้อน,ทน.,19.932051,99.684564,30
1493,บ้านแคววัวคำ,ทน.,19.976387,99.654801,32
1494,บ้านบ่อทอง,ทน.,20.097427,99.871864,178
1495,บ้านทุ่งโค้ง,ทน.,19.812101,100.034161,99
1496,บ้านทุ่งทราย,ทน.,20.261343,100.367141,69
1497,บ้านน้ำม้าเหนือ,ทน.,20.205743,100.369794,116
1498,บ้านหลวง,ทน.,20.044592,100.380313,274
1499,บ้านร้องหัวฝาย,ทน.,20.018051,100.263797,170
1500,บ้านลุง,ทน.,20.136074,100.430455,285
1501,บ้านสองพี่น้อง,ทน.,20.376004,100.312389,33
1502,บ้านดอนที,ทน.,20.380987,100.265235,144
1503,บ้านพิทักษ์ไทย,ทน.,19.751276,100.395865,25
1504,บ้านแผ่นดินทอง,ทน.,19.835949,100.373889,82
1505,บ้านปางกล้วยค้าว,ทน.,19.50441,99.667688,57
1506,บ้านทุ่งมะฝาง,ทน.,19.57153,99.678262,146
1507,บ้านเวียงสา,ทน.,19.631737,99.674394,76
1508,บ้านศรีดอนชัย,ทน.,19.552929,99.953126,209
1509,บ้านห้วยต่าง,ทน.,20.086696,99.73846,64
151,บางน้ำเปรี้ยว,สสน.,13.87032,101.14574,245
1510,บ้านผาเรือ,ทน.,20.181472,100.065007,182
1511,บ้านผาแตก,ทน.,20.138298,99.955191,43
1512,บ้านแม่ลาก,ทน.,20.169061,100.009185,178
1512927,อ่างเก็บน้ำห้วยตุ่น,สสน.,19.14538,99.79137,40
1512928,อ่างเก็บน้ำแม่นาเรือ,สสน.,19.09579,99.80992,57
1513,บ้านเล่าชีก๋วย,ทน.,20.101866,99.740817,117
1514,บ้านปางสา,ทน.,20.105452,99.685334,76
1516,บ้านห้วยส้าน,ทน.,20.224296,99.769874,79
1517,บ้านสามัคคีใหม่,ทน.,20.241488,99.766502,166
1518,บ้านจอมกิตติ,ทน.,20.283582,100.076284,574
1519,บ้านวังลาว,ทน.,20.373037,100.060375,123
152,อบต.ดอนฉิมพลี,สสน.,13.90535,100.97028,130
1520,บ้านดอนงาม,ทน.,20.12738,100.188961,94
1521,บ้านแม่แอบ,ทน.,20.191848,100.221383,51
1522,บ้านดอยสะโง้,ทน.,20.346087,100.020618,58
1523,บ้านธารทอง,ทน.,20.265691,100.294255,21
1524,บ้านสันต้นเปา,ทน.,20.345817,100.23851,116
1525,บ้านกิ่วกาญจน์,ทน.,20.326005,100.312618,43
1525754,ห้องสมุดประจำหมู่บ้านปิน หมู่ 9,ปภ.,19.51796,100.34596,149
1526,บ้านมูเซอป่ากล้วย,ทน.,20.298745,99.81126,169
1527,บ้านแม่สาย (บ้านถ้ำผาจม),ทน.,20.444611,99.871694,2578
1528,บ้านผาหมี,ทน.,20.399302,99.851192,60
1530,บ้านแม่สรวย,ทน.,19.65251,99.538113,615
1531,บ้านห้วยสลัก,ทน.,19.712104,99.385191,39
1532,บ้านห้วยมะแกง,ทน.,19.647085,99.421063,36
1533,บ้านปางกลาง,ทน.,19.597858,99.614104,23
1534,บ้านห้วยก้างปา,ทน.,18.925049,100.157369,12
1535,บ้านห้วยเฮี้ย,ทน.,19.593495,99.455012,86
1536,บ้านบาหรา,ทน.,19.514582,99.430163,44
1537,บ้านห้วยชมภู (บ้านป่าคาหลวง),ทน.,19.56225,99.312703,19
1538,บ้านปางน้ำฮ้าย,ทน.,19.497097,99.558671,21
1539,บ้านแม่ตาแมว,ทน.,19.54357,99.575309,24
154,บางปะกง,สสน.,13.54901,101.00111,695
1540,บ้านผาใต้,ทน.,20.045812,99.518417,88
1542,บ้านห้วยน้ำอุ่น,ทน.,19.819283,99.487314,47
1543,บ้านห้วยน้ำมา,ทน.,19.71344,99.496153,37
1544,บ้านห้วยกล้า,ทน.,19.844915,99.527341,30
1545,บ้านปางกลาง,ทน.,19.913413,99.468684,34
1546,บ้านแม่ปูนล่าง,ทน.,19.41308,99.451631,49
1547,บ้านแม่ปูนหลวง,ทน.,19.391865,99.337481,20
1548,บ้านดอยงาม,ทน.,19.515191,99.339423,31
1548591,อ่างเก็บน้ำห้วยม่วง (ห้วยแฮ้),สสน.,19.13814,99.80512,64
1549,บ้านขุนเมืองงาม,ทน.,19.288772,99.490996,197
1550,บ้านแม่ฉางข้าว,ทน.,19.235843,99.42165,37
1550728,หน่วยพิทักษ์อุทยานแห่งชาติที่ มง.2 (สบเงา),พพภ,17.867392,97.96461,28
1551,บ้านป่าซางพัฒนา,ทน.,19.220539,99.498594,102
1553,บ้านโป่งน้ำร้อน,ทน.,19.119776,99.477222,157
1554,บ้านห้วยโป่ง,ทน.,19.13038,99.43776,37
1556,บ้านนาเจริญ,ทน.,19.889273,100.107035,299
1556812,ที่ทำการอุทยานแห่งชาติถ้ำปลา-น้ำตกผาเสื่อ,พพภ,19.425575,97.987366,40
1556813,ที่ทำการอุทยานแห่งชาติน้ำตกแม่สุรินทร์,พพภ,19.353487,97.981285,67
1556814,หน่วยจัดการต้นน้ำและพัฒนาชุมชนในพื้นที่ป่าอนุรักษ์ขุนห้วยโป่ง,พพภ,17.3246,98.51001,23
1556815,หน่วยจัดการต้นน้ำและพัฒนาชุมชนในพื้นที่ป่าอนุรักษ์แม่อวม (หน่วยย่อย),พพภ,18.5526,98.41401,49
1556816,หน่วยจัดการต้นน้ำและพัฒนาชุมชนในพื้นที่ป่าอนุรักษ์ม่อนอังเกตุ,พพภ,19.106,98.6566,11
1556817,วนอุทยานน้ำตกห้วยแม่แสบ,พพภ,17.921886,97.90344,23
1556818,หน่วยจัดการต้นน้ำและพัฒนาชุมชนในพื้นที่ป่าอนุรักษ์ปางมะผ้า,พพภ,19.516518,98.25083,86
1556819,ที่ทำการเขตรักษาพันธุ์สัตว์ป่าดอยเวียงหล้า,พพภ,18.901009,97.8988,12
1556820,สะพานน้ำแม่สรวย,พพภ,19.72628,99.50745,67
1556822,สะพานแม่ระมาด,พพภ,16.983826,98.52675,523
1556826,หน่วยจัดการต้นน้ำและพัฒนาชุมชนในพื้นที่ป่าอนุรักษ์แม่งา,พพภ,19.483288,99.59807,22
1556827,หน่วยจัดการต้นน้ำและพัฒนาชุมชนในพื้นที่ป่าอนุรักษ์แม่สลอง,พพภ,20.149406,99.675995,69
1556828,หน่วยพิทักษ์อุทยานแห่งชาติที่ สร.4 (น้ำตกผาบ่อง),พพภ,19.1923,97.9965,29
1556830,ที่ทำการเขตห้ามล่าสัตว์ป่าทับพญาลอ,พพภ,19.449446,100.07453,102
1556831,หน่วยจัดการต้นน้ำและพัฒนาชุมชนในพื้นที่ป่าอนุรักษ์ขุนน้ำฝาง,พพภ,19.5793,99.2607,19
1556832,หน่วยจัดการต้นน้ำและพัฒนาชุมชนในพื้นที่ป่าอนุรักษ์แม่ตาช้าง,พพภ,19.727201,99.3704,34
1556833,หน่วยจัดการต้นน้ำและพัฒนาชุมชนในพื้นที่ป่าอนุรักษ์ห้วยสูน,พพภ,19.710876,99.068085,75
1556834,หน่วยจัดการต้นน้ำและพัฒนาชุมชนในพื้นที่ป่าอนุรักษ์แม่ซ้าย,พพภ,20.020224,99.60671,52
1556839,หน่วยจัดการต้นน้ำและพัฒนาชุมชนในพื้นที่ป่าอนุรักษ์ขุนแม่แตง (หน่วยย่อย),พพภ,19.5768,98.6722,52
1556840,ที่ทำการอุทยานแห่งชาติขุนแจ,พพภ,19.077423,99.39881,39
1556843,หน่วยพิทักษ์อุทยานแห่งชาติที่ ดล.3 (ห้วยทราย),พพภ,19.427584,99.52559,32
1556846,ยอดดอยหลวงเชียงดาว,พพภ,19.3977,98.8893,29
1556847,วนอุทยานน้ำตกห้วยแม่สัก,พพภ,19.957552,100.07919,46
1556873,หน่วยจัดการต้นน้ำและพัฒนาชุมชนในพื้นที่ป่าอนุรักษ์แม่อวม,พพภ,18.507107,98.5005,31
1556874,หน่วยจัดการต้นน้ำและพัฒนาชุมชนในพื้นที่ป่าอนุรักษ์แม่หาด,พพภ,19.6323,98.5291,14
1556876,หน่วยจัดการต้นน้ำและพัฒนาชุมชนในพื้นที่ป่าอนุรักษ์แม่สะงะ,พพภ,18.786606,98.495445,16
1556879,หน่วยจัดการต้นน้ำและพัฒนาชุมชนในพื้นที่ป่าอนุรักษ์แม่ระอา,พพภ,17.4721,98.3436,16
1556883,หน่วยจัดการต้นน้ำและพัฒนาชุมชนในพื้นที่ป่าอนุรักษ์แม่ตะมาน,พพภ,19.3201,98.8308,23
1556885,ศูนย์ศึกษาการพัฒนาการอนุรักษ์ต้นน้ำลุ่มน้ำน่าน,พพภ,18.410538,100.699066,21
1556887,หน่วยจัดการต้นน้ำและพัฒนาชุมชนในพื้นที่ป่าอนุรักษ์ปางหินฝน,พพภ,18.48307,98.22409,36
1556888,หน่วยจัดการต้นน้ำและพัฒนาชุมชนในพื้นที่ป่าอนุรักษ์ปางเสด็จ,พพภ,19.241009,98.63501,13
1556889,หน่วยจัดการต้นน้ำและพัฒนาชุมชนในพื้นที่ป่าอนุรักษ์ดอยสามหมื่น,พพภ,19.413826,98.593124,12
1556890,หน่วยจัดการต้นน้ำและพัฒนาชุมชนในพื้นที่ป่าอนุรักษ์ขุนวาง,พพภ,19.4138,98.593,12
1556891,หน่วยจัดการต้นน้ำและพัฒนาชุมชนในพื้นที่ป่าอนุรักษ์ขุนแม่หาด,พพภ,17.664206,98.514175,15
1556893,หน่วยจัดการต้นน้ำและพัฒนาชุมชนในพื้นที่ป่าอนุรักษ์ขุนคอง,พพภ,19.5124,98.80015,43
1556895,หน่วยพิทักษ์อุทยานแห่งชาติที่ ทป.5 (น้ำตกหมอกฟ้า),พพภ,19.111794,98.77532,67
1556896,หน่วยพิทักษ์อุทยานแห่งชาติที่ ขพ.3 (สามหมื่น),พพภ,17.0225,98.7486,22
1556901,ที่ทำการเขตรักษาพันธุ์สัตว์ป่าเชียงดาว,พพภ,19.405449,98.922516,50
1556910,หน่วยจัดการต้นน้ำและพัฒนาชุมชนในพื้นที่ป่าอนุรักษ์ขุนวังเจ้า,พพภ,16.502794,99.16898,33
1556911,หน่วยจัดการต้นน้ำและพัฒนาชุมชนในพื้นที่ป่าอนุรักษ์ขุนแม่ยะ,พพภ,19.230482,98.57719,8
1556912,หน่วยจัดการต้นน้ำและพัฒนาชุมชนในพื้นที่ป่าอนุรักษ์แม่เลียง,พพภ,18.169743,99.18275,62
1556913,หน่วยจัดการต้นน้ำและพัฒนาชุมชนในพื้นที่ป่าอนุรักษ์ยางอมพาย,พพภ,18.2873,98.1429,15
1556914,หน่วยจัดการต้นน้ำและพัฒนาชุมชนในพื้นที่ป่าอนุรักษ์แม่สลาหลวง,พพภ,19.336,98.591,10
1556915,หน่วยจัดการต้นน้ำและพัฒนาชุมชนในพื้นที่ป่าอนุรักษ์แม่ลาน้อย,พพภ,18.3675,98.0724,33
1556917,ที่ทำการเขตรักษาพันธุ์สัตว์ป่าดอยผาเมือง,พพภ,18.36925,99.23496,55
1556931,หน่วยพิทักษ์อุทยานแห่งชาติที่ คล.4 (คลองสวนหมาก),พพภ,16.3287,99.2576,32
1556992,หน่วยจัดการต้นน้ำและพัฒนาชุมชนในพื้นที่ป่าอนุรักษ์แม่ปูน,พพภ,19.430109,99.32686,29
1557,บ้านขุนห้วยแม่เปา,ทน.,19.965477,100.135112,84
1559,บ้านหลู้,ทน.,20.085658,100.52696,79
156,พนมสารคาม,สสน.,13.72662,101.35298,344
1560,บ้านดอน,ทน.,20.010046,100.489394,237
1561,บ้านร่มฟ้าทอง,ทน.,19.889393,100.440891,42
1562,บ้านผาตั้ง,ทน.,19.943927,100.508262,68
1563,บ้านผาแล,ทน.,19.941459,100.433089,70
1564,บ้านร่มโพธิ์เงิน,ทน.,19.872665,100.488813,27
1565,บ้านราษฎร์ภักดี,ทน.,19.866723,100.400368,76
1566,บ้านห้วยเอียน,ทน.,20.180991,100.477644,112
1567,บ้านขุนต้า,ทน.,19.794606,100.293906,65
1568,บ้านอากู่,ทน.,20.251156,99.678848,156
1569,บ้านพญาไพรเล่ามา,ทน.,20.318615,99.60575,83
157,อบต.หนองแหน,สสน.,13.68338,101.32512,168
1570,บ้านหัวแม่คำ,ทน.,20.367812,99.469275,64
1571,บ้านห้วยหยวกป่าโซ,ทน.,20.250909,99.581493,81
1572,บ้านผาเดื่อ,ทน.,20.169221,99.740761,106
1573,บ้านแม่แสลป,ทน.,20.184086,99.707699,92
1574,บ้านโป่งไฮ,ทน.,20.287715,99.544433,58
1575,บ้านสันติคีรี,ทน.,20.165052,99.625155,223
1576,บ้านสันติสุข (บ้านกิ่วสะไต),ทน.,20.104385,99.624626,97
1577,บ้านสุขฤทัย,ทน.,20.102519,99.546822,108
1578,บ้านขาแหย่ง,ทน.,20.274041,99.616148,83
1579,บ้านป่ายางอาข่า,ทน.,20.296348,99.771896,58
1580,บ้านห้วยส้าน,ทน.,19.744939,99.624247,91
1581,บ้านดอยชมภู,ทน.,19.795179,99.637904,66
1582,บ้านน้ำตกพัฒนา,ทน.,19.964721,100.06945,78
1583,บ้านป่าสักงาม,ทน.,20.079816,100.020365,67
1584,บ้านห้วยหมากเอียก,ทน.,20.040799,100.100597,131
1585,บ้านตาดควัน,ทน.,20.045844,100.177303,43
1586,บ้านป่าลัน,ทน.,20.08033,100.06349,74
1587,บ้านกลาง,ทน.,19.060569,97.882234,20
1588,บ้านไมโครเวฟ,ทน.,19.098686,98.062319,6
1589,บ้านพอนอคี,ทน.,18.954548,98.081705,7
159,อบต.คลองตะเกรา,สสน.,13.41823,101.64146,72
1590,บ้านห้วยโป่ง,ทน.,19.026328,97.98352,28
1591,บ้านผาบ่อง,ทน.,19.227064,97.970524,75
1592,บ้านชานเมือง,ทน.,19.312773,97.985103,101
1593,บ้านสบสอย,ทน.,19.330694,97.942567,99
1594,บ้านทบศอก,ทน.,19.49582,97.959774,23
1595,บ้านนาป่าแปก,ทน.,19.532468,97.928517,28
1596,บ้านหมอกจำแป๋,ทน.,19.42686,97.957214,56
1597,บ้านทุ่งมะส้าน,ทน.,19.457811,98.001028,21
1598,บ้านแม่สุยะ,ทน.,19.524448,98.092702,28
1599,บ้านห้วยผึ้ง,ทน.,19.559252,98.006172,12
160,เมืองปราจีนบุรี,สสน.,14.053554,101.38684,2706
1600,บ้านแม่สุริน,ทน.,18.916115,97.943995,29
1601,บ้านเมืองปอน,ทน.,18.745995,97.927225,59
1601326,อ่างเก็บน้ำวิทยาลัยเกษตรและเทคโนโลยีพะเยา,สสน.,19.09644,99.82603,112
1601327,อ่างเก็บน้ำห้วยถ้ำ,สสน.,19.05976,99.8426,33
1601328,อ่างเก็บน้ำห้วยโซ้,สสน.,19.04885,99.85983,36
1601330,อ่างเก็บน้ำห้วยนาปอย,สสน.,19.01922,99.86757,51
1601331,อ่างเก็บน้ำห้วยตุบขอบ,สสน.,19.00824,99.87471,54
1601332,อ่างเก็บน้ำโฮ่งฮ่างอันเนื่องมาจากพระราขดำริ,สสน.,18.56854,99.24858,91
1601333,อ่างเก็บน้ำห้วยแม่ป่าข่า,สสน.,18.5359,99.28488,47
1601334,อ่างเก็บน้ำห้วยไคร้,สสน.,18.50746,99.22739,76
1601335,อ่างเก็บน้ำห้วยลากไม้ตอนบน,สสน.,18.39674,98.8642,94
1601337,อ่างเก็บน้ำห้วยโป่ง,สสน.,18.34001,98.93681,56
1601338,อ่างเก็บน้ำแม่อาวใหญ่ตอนบน,สสน.,18.29082,98.93266,45
1601339,อ่างเก็บน้ำห้วยแทง,สสน.,18.29177,98.86272,37
1601340,อ่างเก็บน้ำทุ่งม่าน,สสน.,18.25546,98.84405,89
1601343,อ่างเก็บน้ำห้วยแม่ปาง,สสน.,18.10623,98.84675,19
1601344,อ่างเก็บน้ำแม่ตืน,สสน.,18.0204,98.83142,16
1601345,อ่างเก็บน้ำห้วยหินฝน,สสน.,18.00469,99.00955,59
1601346,อ่างเก็บน้ำแม่แพม,สสน.,17.86006,99.13616,15
1601347,อ่างเก็บน้ำม่วงชุม,สสน.,20.10053,100.40951,156
1601348,อ่างเก็บน้ำห้วยหวะ,สสน.,18.89904,100.83237,95
1601349,อ่างเก็บน้ำห้วยมัด,สสน.,19.01162,100.94317,114
1601350,อ่างเก็บน้ำขอนแก่น 2,สสน.,18.96273,100.92741,97
1601351,อ่างเก็บน้ำน้ำพงษ์,สสน.,18.9116,100.96423,91
1601353,อ่างเก็บน้ำน้ำเกี๋ยน,สสน.,18.75228,100.853,51
1601354,อ่างเก็บน้ำห้วยสีพัน,สสน.,18.86476,100.47229,49
1601355,อ่างเก็บน้ำห้วยช้าง,สสน.,18.85078,100.47182,36
1601356,อ่างเก็บน้ำห้วยแม่แพนน้อย,สสน.,18.0676,99.52639,24
1601357,อ่างเก็บน้ำแม่กอง,สสน.,18.05428,99.45685,17
1601358,อ่างฯแม่ยอนสันดอนแก้ว,สสน.,17.97243,99.48753,14
1601360,อ่างเก็บน้ำห้วยยอย,สสน.,18.30968,100.13674,82
1601361,อ่างเก็บน้ำห้วยผาคำ,สสน.,18.17056,100.09264,68
1601362,อ่างเก็บน้ำห้วยขึมโยธินอุทกพัฒนา,สสน.,18.23289,100.31351,61
1601363,อ่างเก็บน้ำแม่เติ๊ก,สสน.,18.19978,100.29565,104
1601364,อ่างเก็บน้ำน้ำปึง,สสน.,18.16721,100.26721,37
1601365,อ่างเก็บน้ำหนองแขม,สสน.,18.11416,100.21883,112
1601366,อ่างเก็บน้ำน้ำเกิ๋น,สสน.,18.05288,100.18837,93
1601367,อ่างเก็บน้ำแม่จั๊วะ,สสน.,17.96242,100.09376,105
1601369,อ่างเก็บน้ำแม่ป้าก,สสน.,17.99031,99.64955,80
1601371,อ่างเก็บน้ำแม่อาง,สสน.,17.74115,99.40274,30
1601372,อ่างเก็บน้ำสองแควหลวง,สสน.,17.37875,99.01148,14
1601373,อ่างเก็บน้ำสองแควเหนือ,สสน.,17.35603,99.02463,21
1601374,อ่างเก็บน้ำสองแควใต้,สสน.,17.32797,99.02184,17
1601375,อ่างเก็บน้ำห้วยคลองไม้แดง,สสน.,17.30193,99.0265,18
1601376,อ่างเก็บน้ำหนองเข้,สสน.,17.34999,99.06564,91
1601377,อ่างเก็บน้ำหนองก้างปลา,สสน.,17.31207,99.09735,57
1601378,อ่างเก็บน้ำตลุกหิน,สสน.,16.81018,99.08733,93
1601379,อ่างเก็บน้ำห้วยโซ่,สสน.,17.6021,102.11572,85
1601380,อ่างเก็บน้ำห้วยลาดกั่ว,สสน.,17.405943,102.07798,53
1601381,อ่างเก็บน้ำห้วยซับม่วง,สสน.,17.14697,102.09344,71
1601382,อ่างเก็บน้ำห้วยยางเงาะ,สสน.,17.22575,102.51817,102
1602,บ้านท่าหินส้ม,ทน.,18.657743,97.928956,37
1603,บ้านแม่โกปิ่,ทน.,18.703906,98.066384,7
1604,บ้านแม่ออ,ทน.,18.773906,98.037821,7
1605,บ้านปางตอง,ทน.,18.843588,98.064295,26
1606,บ้านใหม่พัฒนา,ทน.,18.842956,97.996616,27
1607,บ้านเมืองน้อย,ทน.,19.511694,98.514434,30
1608,บ้านใหม่,ทน.,19.375062,98.444949,70
1609,บ้านปางแปก,ทน.,19.440012,98.349083,20
1610,บ้านหมอแปง,ทน.,19.381483,98.392082,34
1611,บ้านห้วยแก้ว,ทน.,19.286296,98.475375,53
1612,บ้านแพมบก,ทน.,19.323447,98.394353,10
1613,บ้านเมืองแปง,ทน.,19.211912,98.368347,44
1614,บ้านขุนสาใน,ทน.,19.094579,98.641737,9
1615,บ้านแม่เหมืองหลวง,ทน.,19.164337,98.565672,13
1616,บ้านปางตอง,ทน.,19.055145,98.601353,17
1617,บ้านแม่หาร,ทน.,18.210277,97.887441,46
1618,บ้านแม่ต๊อบเหนือ,ทน.,18.268933,97.893112,31
1619,บ้านหนองป่าแขม,ทน.,18.157893,97.926343,425
1620,บ้านป่ากล้วย,ทน.,18.164142,97.955025,173
1621,บ้านห้วยหลวง,ทน.,18.228757,97.922069,62
1622,บ้านแม่เหาะ,ทน.,18.156277,98.072615,70
1623,บ้านห้วยโผ,ทน.,18.030263,97.904372,69
1624,บ้านดง,ทน.,18.341266,98.080359,35
1625,บ้านโก๊ะไม้หลู่,ทน.,18.283374,98.08442,16
1626,บ้านอมพาย,ทน.,18.298251,98.171916,32
1627,บ้านฮากไม้เหนือ,ทน.,18.302616,98.078936,13
1628,บ้านแม่อุมลองน้อย,ทน.,18.26343,98.013873,15
1629,บ้านแม่แลบ,ทน.,18.379308,97.8772,35
163,รพสต.บ้านโคกอุดม,สสน.,14.06948,101.80991,1673
1630,บ้านแม่สุ,ทน.,18.481651,97.906756,49
1631,บ้านห้วยหมากหนุน,ทน.,18.339788,97.99353,20
1632,บ้านแม่จอ,ทน.,18.645832,98.03918,15
1633,บ้านแม่โถใต้,ทน.,18.608488,97.983469,13
1634,บ้านผาแดงหลวง,ทน.,18.5751,98.018199,14
1636,บ้านแม่ขีด,ทน.,18.511358,98.074983,10
1637,บ้านดูลาเปอ,ทน.,18.407426,98.079866,26
1638,บ้านห้วยมะกอก,ทน.,18.50562,98.009019,12
1639,บ้านกอกหลวง,ทน.,18.529697,98.138502,23
164,อบต.วังท่าช้าง,สสน.,13.75941,101.88693,154
1640,บ้านขุนแม่ลาน้อย,ทน.,18.622216,98.112245,45
1642,บ้านห้วยกุ้ง,ทน.,18.149663,98.128935,38
1643,บ้านต้นงิ้วเหนือ,ทน.,18.066195,98.129924,19
1644,บ้านน้ำริน,ทน.,19.460327,98.296431,28
1645,บ้านสบป่อง,ทน.,19.522831,98.246391,72
1645475,น้ำแม่งาว,สสน.,18.6275,100.04149,52
1646,บ้านแม่ละนา,ทน.,19.590525,98.214899,18
1649,บ้านใหม่ศรีนคร,ทน.,15.788101,99.458804,50
165,นาดี,สสน.,14.133605,101.72767,121
1651,บ้านตลิ่งสูง,ทน.,15.912504,99.418904,119
1652,บ้านปางสัก,ทน.,15.751256,99.313844,26
1653,บ้านเขาแหลม,ทน.,15.646343,99.424945,41
1654,บ้านพุบอน,ทน.,15.07572,99.419734,22
1655,บ้านหินตุ้ม,ทน.,15.046578,99.476521,41
1656,บ้านกระแหน่,ทน.,15.294661,99.43493,12
1657,บ้านปางสวรรค์,ทน.,15.203169,99.420237,17
1658,บ้านหินโหง่น,ทน.,15.234026,99.588856,32
1659,บ้านหนองจอก,ทน.,15.277273,99.554759,30
166,อบต.บุพราหมณ์,สสน.,14.20791,101.90556,361
1660,บ้านห้วยลึก,ทน.,15.218677,99.50252,17
1661,บ้านบุ่ง,ทน.,15.12854,99.464856,20
1663,บ้านซับป่าพลู,ทน.,15.417764,99.509529,58
1665,บ้านโป่งสามสิบ,ทน.,15.44668,99.453534,44
1666,บ้านกลาง,ทน.,15.313404,99.58156,34
1667,บ้านปางขนุน,ทน.,16.46868,99.258865,101
1668,บ้านศรีไกรลาศ,ทน.,16.465842,99.346447,71
1669,บ้านห้วยกุ่ม,ทน.,16.523629,99.385159,69
167,สะพานโยธกา,สสน.,13.974951,101.14307,91
1671,บ้านเขาน้ำเพชร,ทน.,16.372171,99.401781,85
1672,บ้านสันติสุข,ทน.,16.44708,99.426899,137
1673,บ้านรวงผึ้งพัฒนา,ทน.,16.197635,99.291834,78
1674,บ้านคลองมดแดง,ทน.,16.406402,99.237542,48
1675,บ้านกะเหรี่ยงน้ำตก,ทน.,16.126938,99.306881,88
1677,บ้านเพชรนิยม,ทน.,16.289125,99.274877,103
1677418,สะพานข้ามน้ำอิง (I.17),สสน.,19.165922,99.9343,221
1677419,สะพานคลองแม่ต๋ำ,สสน.,19.09763,99.91642,161
1677420,สะพานคลองแม่กาหลง (ม.พะเยา),สสน.,19.0328,99.92907,427
1678,บ้านตากฟ้าพัฒนา,ทน.,15.974194,99.37996,70
1679,บ้านทุ่งยาว,ทน.,16.836034,99.566874,72
1680,บ้านปางเหนือ,ทน.,16.062207,99.314654,98
1681,บ้านไพรสวรรค์,ทน.,16.060747,99.384051,149
1682,บ้านไร่พิจิตร,ทน.,16.510575,99.2561,47
1683,บ้านหนองบัวสามัคคี,ทน.,16.559187,99.259333,64
1684,บ้านลานสาง,ทน.,16.794436,99.031213,140
1685,บ้านลีซอ,ทน.,16.766504,98.934656,59
1686,บ้านโป่งแค,ทน.,16.926296,99.409849,125
1688,บ้านชัยมงคล,ทน.,17.015963,99.191959,51
169,ประจันตคาม (KGT7A),สสน.,14.070941,101.51893,807
1691,บ้านท้องฟ้า,ทน.,17.049327,98.976112,97
1692,บ้านห้วยพลู,ทน.,17.074818,98.910903,35
1693,บ้านไหล่ท่า,ทน.,16.983803,98.526704,523
1694,บ้านแม่ระมาดน้อย,ทน.,17.021685,98.546123,127
1695,บ้านขะเนจื้อ,ทน.,17.04138,98.491642,70
1696,บ้านป่าไร่เหนือ,ทน.,16.962662,98.63341,104
1697,บ้านขุนห้วยนกกก,ทน.,17.249846,98.349577,43
1698,บ้านขุนห้วยแม่ต้าน,ทน.,17.271742,98.237454,72
170,ศรีมหาโพธิ (KGT6),สสน.,13.97348,101.51751,260
1700,บ้านแม่กาษาใหม่ไหล่ท่า,ทน.,16.876106,98.621776,223
1701,บ้านเจดีย์โคะ,ทน.,16.554722,98.700333,224
1702,บ้านห้วยพลู,ทน.,16.792853,98.803716,35
1703,บ้านขุนห้วยแม่สอด,ทน.,16.716892,98.663356,37
1704,บ้านห้วยน้ำนัก,ทน.,16.429841,98.668023,95
1705,บ้านเสรีราษฎร์,ทน.,16.496865,98.747141,119
1706,บ้านช่องแคบ,ทน.,16.476815,98.647331,132
1707,บ้านร่มเกล้าสหมิตร,ทน.,16.481453,98.839635,291
1708,บ้านอุ้มเปี้ยม,ทน.,16.422808,99.006444,75
1710,บ้านเด่นวัวน้ำทิพย์,ทน.,16.62341,99.188254,26
1711,บ้านใหม่พรสวรรค์,ทน.,16.725504,99.099402,47
1712,บ้านวังหาด,ทน.,17.197262,99.384964,31
1713,บ้านตลิ่งชัน,ทน.,17.144002,99.394548,52
1714,บ้านฟากท่า,ทน.,17.571233,99.73619,110
1715,บ้านแม่เทินเหนือ,ทน.,17.758944,99.786703,77
1716,บ้านห้วยตม,ทน.,17.669157,99.929983,32
1717,บ้านนาต้นจั่น,ทน.,17.619717,99.829077,50
1718,บ้านห้วยไคร้,ทน.,17.557045,99.879548,147
1719,บ้านห้วยหยวก,ทน.,17.59264,99.515041,26
172,ทต.กรอกสมบูรณ์,สสน.,13.77716,101.65875,183
1720,บ้านเชิงผา,ทน.,17.318611,99.511072,366
1721,บ้านแม่ทุเลาใน,ทน.,17.391086,99.477777,47
1722,บ้านน้ำตอน,ทน.,17.242213,100.873726,64
1723,บ้านน้ำกุ่ม,ทน.,17.347783,100.858115,41
1724,บ้านโป่งสอ,ทน.,17.397498,100.883799,31
1725,บ้านป่ารวก,ทน.,17.1799,101.009,88
1727,บ้านชมภูเหนือ,ทน.,16.696366,100.656815,201
1728,บ้านทุ่งนาดี,ทน.,16.461441,100.732394,95
1729,บ้านโนนเสาธง,ทน.,16.349317,101.259669,53
173,อบต.ศรีจุฬา,สสน.,14.07064,101.13746,119
1731,บ้านโนนโก,ทน.,16.369505,101.075871,60
1732,บ้านหนองผักบุ้ง,ทน.,16.250666,101.126808,130
1733,บ้านวังทอง,ทน.,16.27904,101.009996,63
1734,บ้านวังลาด,ทน.,16.17415,100.911551,87
1735,บ้านวังหินเหนือ  (บ้านโป่งเจ็ดหัว),ทน.,16.389681,100.775831,135
1736,บ้านโป่งตะแบก,ทน.,16.274916,100.910896,39
1737,บ้านน้ำพุ,ทน.,16.210173,100.972217,51
1740,บ้านอีเลิศใหม่,ทน.,17.00782,101.252134,95
1741,บ้านวังหว้า-วังรู,ทน.,16.96073,101.179565,74
1742,บ้านโจะโหวะเหนือ,ทน.,16.868677,101.137852,32
1743,บ้านซำบุ่น,ทน.,17.069559,101.331859,18
1745,บ้านกลาง,ทน.,17.088518,101.374042,43
1746,บ้านวังสงวน,ทน.,16.097585,101.20711,100
1747,บ้านซับฟาน,ทน.,16.083702,100.967105,81
1748,บ้านซับเปิบ,ทน.,16.355189,100.931918,56
175,สะพานเขานางบวช,สสน.,14.245718,101.27481,215
1750,บ้านทางแดง,ทน.,16.783314,101.048697,75
1752,บ้านเขาย่า,ทน.,16.567972,100.987383,77
1753,บ้านคีรีรัตน์,ทน.,16.807402,100.970001,137
1754,บ้านห้วยผาก,ทน.,13.511301,99.2544,46
1755,บ้านทุ่งเจดีย์,ทน.,13.585505,99.251429,53
1756,บ้านถ้ำหิน,ทน.,13.6222,99.2934,18
1757,บ้านตะโกล่าง,ทน.,13.652907,99.211473,55
1758,บ้านกล้วย,ทน.,13.579069,99.384323,52
1759,บ้านห้วยม่วง,ทน.,13.392453,99.267852,32
1760,บ้านสวนผึ้ง,ทน.,13.509854,99.338775,67
1761,บ้านหินสี,ทน.,13.324017,99.558695,45
1762,บ้านไทยประจัน,ทน.,13.27772,99.559503,18
1763,บ้านบึงเหนือ,ทน.,13.454239,99.374164,51
1764,บ้านหนองโก,ทน.,13.427751,99.49674,34
1765,บ้านโป่งกระทิงล่าง,ทน.,13.340467,99.453281,85
1766,บ้านพุบอนบน,ทน.,13.390971,99.499611,24
1767,บ้านพุน้ำร้อน,ทน.,13.249012,99.428235,17
1768,บ้านห้วยน้ำใส,ทน.,13.352029,99.395485,21
1769,บ้านหนองธง,ทน.,13.45973,99.439887,58
1770,บ้านลำทหาร,ทน.,13.921088,99.238976,76
1771,บ้านห้วยน้ำขาว,ทน.,13.897841,99.146975,46
1772,บ้านพุน้ำร้อน,ทน.,13.931164,99.082945,75
1773,บ้านตะเคียนงาม,ทน.,13.812958,99.169915,50
1774,บ้านทุ่งมะเซอย่อ,ทน.,14.171646,98.958187,24
1775,บ้านวังน้ำเขียว,ทน.,14.035485,99.1185,31
1776,บ้านบ้องตี้บน,ทน.,14.073463,98.991506,20
1777,บ้านพุพรหม,ทน.,14.281274,99.398094,34
1778,บ้านโป่งรี,ทน.,14.489789,99.39322,33
1779,บ้านหินดาดทอง,ทน.,14.586722,99.398312,40
1780,บ้านดงโคร่ง,ทน.,14.625644,98.759389,24
1782,บ้านหนองบาง,ทน.,14.576704,98.820788,18
1783,บ้านสะพานลาว,ทน.,14.725793,98.783443,24
1784,บ้านหนองใหญ่,ทน.,14.765087,99.60336,32
1785,บ้านเขาวงพระจันทร์,ทน.,14.712119,99.642757,34
1786,บ้านท่าพลับ,ทน.,13.855671,99.380479,88
1787,บ้านโป่งนก,ทน.,13.786399,99.310888,48
1788,บ้านหินแด้น,ทน.,13.780584,99.420933,59
1789,บ้านโป่งช้าง,ทน.,14.659865,99.372097,47
179,อบต.ศรีกะอาง,สสน.,14.27798,101.12879,183
1790,บ้านป่าขี,ทน.,14.962566,99.515459,52
1791,บ้านเขาธง,ทน.,14.827652,99.330791,41
1792,บ้านวังโหรา,ทน.,14.804954,99.441428,25
1793,บ้านหุบกระพง,ทน.,12.784403,99.903663,81
1794,บ้านวังไคร้,ทน.,12.922013,99.817665,157
1795,บ้านห้วยตะวาย,ทน.,12.804497,99.797363,175
1796,บ้านพุตูม,ทน.,13.024462,99.753521,68
1797,บ้านหนองจอก,ทน.,13.011007,99.833705,132
1798,บ้านสวนใหญ่พัฒนา,ทน.,12.61253,99.531717,22
1799,บ้านปางไม้,ทน.,12.66131,99.540425,16
18,อบต.แหลมฟ้าผ่า,สสน.,13.54701,100.53756,212
1800,บ้านหนองไม้แก่น,ทน.,11.835845,99.709649,62
1801,บ้านด่านสิงขร,ทน.,11.778058,99.673706,56
1802,บ้านบางเจริญ,ทน.,11.017051,99.262337,67
1803,บ้านหุบผึ้ง,ทน.,11.726092,99.660393,40
1804,บ้านกุยบุรี,ทน.,12.056273,99.860307,380
1805,บ้านตะแบกโพรง,ทน.,11.444753,99.478557,46
1806,บ้านสวนส้ม,ทน.,11.564273,99.55855,95
1807,บ้านน้ำตกสาย 1,ทน.,11.619023,99.619201,43
1808,บ้านหัวเขา,ทน.,11.662392,99.636728,74
1809,บ้านยุบหวาย,ทน.,11.571058,99.627909,96
1810,บ้านมรสวบ,ทน.,11.404027,99.496821,74
1811,บ้านห้วยตะเคียน,ทน.,11.380407,99.451136,35
1812,บ้านไร่บน,ทน.,11.051626,99.324568,45
1813,บ้านช่องลม,ทน.,11.123157,99.366443,115
1814,บ้านเขาควง,ทน.,12.458624,99.945056,61
1815,บ้านใหม่หัวนา,ทน.,12.534818,99.95611,731
1816,บ้านสามพันนาม,ทน.,12.616689,99.858455,81
1817,บ้านหนองใหญ่,ทน.,12.331384,99.978762,159
1818,บ้านหัวตาลแถว,ทน.,12.218606,99.97295,113
1819,บ้านท่างาม,ทน.,8.442016,99.83365,103
1820,บ้านในทับ,ทน.,8.508941,99.816407,338
1821,บ้านวังลุง,ทน.,8.591058,99.777887,96
1822,บ้านคันเบ็ด,ทน.,8.366532,99.759174,121
1823,บ้านน้ำรอบ,ทน.,8.305842,99.785297,106
1825,บ้านคีรีวง,ทน.,8.434325,99.778012,178
1826,บ้านปลายระแนะ,ทน.,8.459962,99.629702,94
1827,บ้านควนนนท์,ทน.,8.473398,99.449671,149
1828,บ้านคลองไชยใต้,ทน.,8.509848,99.459272,96
1829,บ้านทรายงาม,ทน.,8.583172,99.462567,163
1830,บ้านเหนือฟ้า,ทน.,8.53029,99.638021,90
1831,บ้านเหนือคลองระแนะ,ทน.,8.589913,99.621682,88
1832,บ้านห้วยกลาง,ทน.,8.592091,99.512297,90
1833,บ้านจุฬาภรณ์พัฒนา,ทน.,8.594321,99.57307,134
1834,บ้านนางเอื้อย,ทน.,8.55956,99.53627,111
1835,บ้านใสเขือ,ทน.,8.620236,99.594835,308
1836,บ้านยางค้อม,ทน.,8.535879,99.610272,193
1837,บ้านหน้าเขา,ทน.,8.123834,99.549491,38
1840,บ้านไสใหญ่เหนือ,ทน.,8.17327,99.719523,539
1841,บ้านหินราว,ทน.,8.181668,99.470944,86
1842,บ้านห้วยไม้แก่น,ทน.,8.252363,99.837896,71
1843,บ้านร่อนนา,ทน.,8.180739,99.83616,279
1844,บ้านขุนพัง,ทน.,8.267771,99.822094,99
1845,บ้านเขาเหล็ก,ทน.,8.976837,99.848052,54
1846,บ้านน้ำฉา,ทน.,8.897553,99.831144,94
1847,บ้านเผียนบน,ทน.,8.874653,99.778902,70
1849,บ้านสำนักเนียน,ทน.,8.934702,99.699615,44
185,อบต.นาหินลาด,สสน.,14.20724,101.35025,213
1850,บ้านห้วยทรายทอง,ทน.,9.053236,99.888573,87
1851,บ้านห้วยหินลับ,ทน.,9.079253,99.83205,139
1852,บ้านในเพลา,ทน.,9.125776,99.874655,73
1855,บ้านทุ่งอินทนิน,ทน.,8.077816,99.425652,110
1856,บ้านเคี่ยมงาม,ทน.,7.955905,99.441404,105
1857,บ้านควนหินราว,ทน.,8.024518,99.453365,118
1858,บ้านช่องเหรียง,ทน.,7.954957,99.488375,47
1859,บ้านเหนือคลอง,ทน.,8.076932,99.775356,268
1860,บ้านหัวโคก,ทน.,8.731602,99.74534,154
1861,บ้านเขาเหล็ก,ทน.,8.768398,99.725103,52
1862,บ้านทอนผักกูด,ทน.,8.721701,99.793181,177
1863,บ้านปากลง,ทน.,8.802477,99.604791,78
1864,บ้านนบ,ทน.,8.792715,99.703165,43
1865,บ้านพิตำ,ทน.,8.740273,99.653675,44
1866,บ้านหน้าถ้ำ,ทน.,8.665483,99.765332,52
1867,บ้านท่าแพ,ทน.,8.350061,99.677413,152
1868,บ้านหน้าเหมน,ทน.,8.32446,99.636249,98
1869,บ้านจันดีเมืองใหม่,ทน.,8.378078,99.55225,918
187,สะพานวังแก่ง,สสน.,14.364806,101.09028,235
1870,บ้านห้วยเหรียง,ทน.,8.186337,98.958256,86
1871,บ้านเขาขาว,ทน.,8.270661,98.830112,48
1872,บ้านห้วยโต้,ทน.,8.240838,98.913578,26
1874,บ้านต้นหาร,ทน.,8.309862,98.968714,35
1875,บ้านหน้าถ้ำ,ทน.,7.920185,99.209924,36
1876,บ้านคลองชะมวง,ทน.,8.012073,99.265417,46
1877,บ้านคลองแรด,ทน.,8.34012,98.683089,80
1878,บ้านช่องไม้ดำ,ทน.,8.306129,98.885883,26
1879,บ้านน้ำซ่ำ,ทน.,8.564319,98.855565,44
1880,บ้านบางยิงวัว,ทน.,8.578315,98.72845,115
1881,บ้านบางหอย,ทน.,8.641121,98.777487,88
1882,บ้านภูผา,ทน.,7.9376,99.341963,20
1883,บ้านเขาไว้ข้าว,ทน.,8.011052,99.389929,73
1884,บ้านบางตง,ทน.,8.513303,98.503672,122
1885,บ้านโรงกลวง,ทน.,8.547071,98.528008,62
1886,บ้านสวนพริก,ทน.,8.466596,98.477123,60
1888,บ้านคลองบอน,ทน.,8.043961,98.602907,107
189,องครักษ์,สสน.,14.113633,101.01952,198
1890,บ้านบางกุ่ม,ทน.,8.665885,98.453109,39
1891,บ้านช้างเชื่อ,ทน.,8.749234,98.485599,23
1892,บ้านในหนด,ทน.,8.688779,98.355359,18
1893,บ้านท่าหัน,ทน.,8.828992,98.492709,28
1894,บ้านกะไหล,ทน.,8.328016,98.405674,160
1895,บ้านท่าเรือ,ทน.,8.002337,98.366229,631
1896,บ้านแหลมหิน,ทน.,8.18838,98.343469,50
1897,บ้านหาดทรายเปลือกหอย,ทน.,8.204365,98.439159,68
1898,บ้านเหนือ,ทน.,8.775901,98.390314,106
1899,บ้านบางอี,ทน.,8.836125,98.387642,78
190,คลองพระปรง,สสน.,13.937376,101.922035,265
1901,บ้านบางหลาโอน,ทน.,8.64795,98.25976,181
1903,บ้านบางซอย,ทน.,9.230213,98.453567,23
1904,ที่ทำการหน่วยพิทักษ์อุทยานแห่งชาติ ที่ ลป. 2 (น้ำตกลำปี),ทน.,8.464413,98.280999,51
1906,บ้านนาแฝก,ทน.,8.334557,98.311561,54
1907,บ้านลำภี,ทน.,8.569367,98.316252,63
1908,บ้านนาใหญ่,ทน.,7.848367,98.339244,4238
1909,บ้านกะรน,ทน.,7.848907,98.298797,2628
191,เมืองสระแก้ว,สสน.,13.809611,102.05431,490
1910,บ้านบางหวาน,ทน.,7.942293,98.291101,1695
1911,บ้านพรุสมภาร,ทน.,8.043238,98.327966,959
1912,บ้านหล่อยูง,ทน.,8.275831,98.339267,232
1913,บ้านหมากปรก,ทน.,8.120778,98.336092,821
1916,บ้านสวนปราง,ทน.,9.014879,99.641233,60
1917,บ้านโฉลกบ้านเก่า,ทน.,9.742652,99.995607,113
1918,บ้านเหนือ,ทน.,9.705919,100.02576,147
1919,บ้านท้องนายปาน,ทน.,9.771645,100.055772,53
192,ตาพระยา,สสน.,14.051278,102.88541,154
1920,บ้านไร่ยาว,ทน.,9.541907,98.913463,24
1921,บ้านเขาแก้ว,ทน.,9.534277,99.13316,147
1923,บ้านสามแยกอินทรีทอง,ทน.,9.684296,98.940948,45
1924,บ้านทับชัน,ทน.,9.659163,99.118059,190
1925,บ้านช่องยูงทอง,ทน.,9.669748,99.006107,34
1927,บ้านยวนสาว,ทน.,9.064587,98.881182,55
1928,บ้านหญ้าปล้อง,ทน.,8.902617,98.572174,43
1929,บ้านบางลึก,ทน.,8.658503,98.695234,34
1930,บ้านบางเตย,ทน.,8.730431,98.825382,58
1931,บ้านเทพนิมิตร,ทน.,9.370463,98.8598,9
1933,บ้านเคี่ยมเพาะ,ทน.,9.409288,98.872791,16
1934,บ้านช่องช้าง,ทน.,8.711062,99.395916,142
1935,บ้านสระบัว,ทน.,8.878598,99.432045,127
1936,บ้านธาราวงศ์อารีย์,ทน.,8.771454,99.432851,82
1938,บ้านถ้ำผุด,ทน.,8.787598,98.957191,58
1939,บ้านเหนือคลอง,ทน.,8.634191,99.418485,120
194,อบต.โคคลาน,สสน.,13.99106,102.65064,77
1940,บ้านคีรีราษฎร์พัฒนา,ทน.,8.528516,99.384641,101
1941,บ้านบางหยด,ทน.,8.541172,99.204936,75
1944,บ้านในช่อง,ทน.,8.491633,99.138902,51
1945,บ้านเขาหัวควาย,ทน.,9.060234,99.250473,138
1946,บ้านคลองปาว,ทน.,9.183617,98.900426,31
1947,บ้านคลองมุย,ทน.,9.253537,98.854283,29
1948,บ้านบางเมาะ,ทน.,9.249751,98.890365,37
1949,บ้านคลองของ,ทน.,9.638162,98.551851,107
195,ทม.วังน้ำเย็น,สสน.,13.50019,102.18437,1159
1950,บ้านห้วยน้ำใส,ทน.,9.727078,98.602777,219
1952,บ้านเขานางหงษ์,ทน.,9.978944,98.599994,409
1954,บ้านหาดส้มแป้น,ทน.,9.95134,98.693319,346
1955,บ้านทรายแดง,ทน.,10.156317,98.697453,216
1956,บ้านน้ำตก,ทน.,10.085445,98.669169,142
1957,บ้านด่าน,ทน.,10.115174,98.75024,177
1958,บ้านบางใหญ่,ทน.,10.021111,98.738331,91
1959,บ้านเนินทอง,ทน.,10.028915,98.874756,58
196,อบต.ท่าเกวียน,สสน.,13.68734,102.28413,93
1960,บ้านหินขาว,ทน.,9.644632,98.614696,73
1961,บ้านรังแตน,ทน.,10.650233,98.868822,196
1962,บ้านลำเลียง,ทน.,10.316925,98.799475,118
1964,บ้านหินซอง,ทน.,10.527524,98.90281,137
1965,บ้านหนองจรเข้,ทน.,10.558255,99.248849,169
1966,บ้านเสียบญวน,ทน.,10.50721,99.065207,165
1967,บ้านในง่วม,ทน.,10.482197,98.955689,47
1968,บ้านหนองตำเสา,ทน.,10.424422,99.041462,57
1969,บ้านทุ่งกระทิงทอง,ทน.,10.72499,99.135152,41
1970,บ้านดวงดี,ทน.,10.901199,99.148828,28
1971,บ้านปากแพรก,ทน.,10.600074,99.151689,177
1972,บ้านบางฝนตก,ทน.,10.776604,99.046394,36
1973,บ้านพันวาล 4,ทน.,10.796097,98.977497,67
1974,บ้านบางมาศ,ทน.,10.705532,98.935739,21
1977,บ้านจันทึง,ทน.,10.567198,98.998254,36
1979,บ้านห้วยใหญ่,ทน.,10.962328,99.246334,31
1980,บ้านวังทอง,ทน.,10.745374,99.274829,27
1981,บ้านเนินสำลี,ทน.,10.605542,99.265443,203
1983,บ้านเขาแงน,ทน.,10.003621,99.029646,42
1984,บ้านหินช้างสี,ทน.,9.989393,98.98354,43
1985,บ้านโตนดห้าต้น,ทน.,9.873742,99.104788,53
1987,บ้านหัวเขาท่ากอ,ทน.,9.953241,99.127043,253
1988,บ้านห้วยเหมือง,ทน.,10.029536,98.928157,50
1989,บ้านรุ่งเรือง,ทน.,9.735958,98.93504,24
199,รพสต.ท่าข้าม,สสน.,13.62763,102.57487,903
1991,บ้านนาจีนซิ้ว,ทน.,9.738943,99.101275,151
1994,บ้านในแจะ,ทน.,9.74543,98.758224,21
1995,บ้านจำปุย,ทน.,9.849725,98.916672,35
1996,บ้านคลองนูน,ทน.,9.948807,98.902894,39
1997,บ้านหนองปลา,ทน.,10.223702,99.154602,126
1998,บ้านควนสามัคคี,ทน.,10.35139,98.968587,40
1999,บ้านห้วยใหญ่,ทน.,10.227473,98.978597,39
2,คลองแสนแสบ บางกะปิ,สสน.,13.76131,100.61601,20067
20,อบต.ศีรษะจรเข้น้อย,สสน.,13.67777,100.7945,1291
200,คลองพรหมโหด,สสน.,13.705864,102.48168,554
2000,บ้านช่องบอน,ทน.,10.213544,98.915972,98
2002,บ้านห้วยแก้ว,ทน.,10.126091,98.950198,85
2003,บ้านวังประดิษฐ์,ทน.,10.098305,98.883857,58
2004,บ้านฉานเรน,ทน.,10.078148,98.963895,21
2005,บ้านห้วยใหญ่,ทน.,10.116851,99.017516,52
2006,บ้านเหล้า,ทน.,7.129909,100.625486,815
2007,บ้านไร่,ทน.,7.047374,100.629514,375
2008,บ้านควนไม้ไผ่,ทน.,6.919856,100.643306,83
2009,บ้านเขานา,ทน.,6.788918,100.625724,66
2010,บ้านปากช่อง,ทน.,6.985409,100.644548,149
2011,บ้านคูนายสังข์,ทน.,6.833787,100.617833,96
2012,บ้านตลาดนาทวี,ทน.,6.741373,100.694815,1188
2013,บ้านคลองทุเรียน,ทน.,6.732478,100.800317,55
2014,บ้านคอก-วังไทร,ทน.,6.585939,100.672797,100
2016,บ้านวัด,ทน.,6.487867,100.672471,92
2017,บ้านแซะ,ทน.,6.861718,100.824726,79
2018,บ้านห้วยบอน,ทน.,6.633049,101.048768,217
202,ร.ร.บ้านอังโกน-ห้วยทราย,สสน.,14.49607,102.2472,108
2021,บ้านคลองหิน,ทน.,7.008708,100.134958,70
2022,บ้านบาโรย,ทน.,6.774554,100.230542,27
2023,บ้านปาดังเบซาร์,ทน.,6.665852,100.318786,1544
2024,บ้านท่าโต้,ทน.,6.756746,100.533575,84
2026,บ้านคลองต่อ,ทน.,7.018751,100.260772,142
2027,บ้านพรุเตาะนอก,ทน.,7.040102,100.536696,238
2028,บ้านวังพา,ทน.,6.898464,100.262261,117
2029,บ้านหูแร่,ทน.,6.982842,100.328587,379
203,ทต.เมืองคง,สสน.,15.44376,102.32843,749
2031,บ้านท่าจีน,ทน.,7.097187,100.537102,266
2032,บ้านโคกทัง,ทน.,6.981245,100.592958,248
2033,บ้านต้นปริง,ทน.,6.902962,100.574471,102
2034,บ้านบูเก็ตยามู,ทน.,6.799783,100.112546,117
2035,บ้านวังประจัน,ทน.,6.754096,100.149164,88
2037,บ้านน้ำหรา,ทน.,6.899784,100.093935,31
2038,บ้านโกตา,ทน.,6.888344,99.812296,509
2039,"บ้านผัง 44,117,118",ทน.,6.944319,99.95586,60
204,อบต.ศรีละกอ,สสน.,14.9475,102.40295,89
2040,บ้านนาบ่อ,ทน.,7.439988,99.495189,196
2042,บ้านลำพิกุล,ทน.,7.45991,99.785843,115
2044,บ้านทุ่งข่า,ทน.,7.357222,99.826177,42
2047,บ้านลิพัง,ทน.,7.163563,99.78844,89
2048,บ้านห้วยต่อ,ทน.,7.542418,99.397999,101
2049,บ้านสว่างคีรี,ทน.,7.496148,99.455736,23
205,ทต.ไชยมงคล,สสน.,14.83753,102.06885,253
2050,บ้านสะพานไทร,ทน.,7.863849,99.464082,41
2051,บ้านควนเหมียง,ทน.,7.801915,99.451272,92
2052,บ้านเขาหลัก,ทน.,7.7245,99.729732,70
2053,บ้านหน้าวัด,ทน.,7.872841,99.727149,131
2054,บ้านบางแป้น2,ทน.,7.624591,99.413768,51
2055,บ้านในปง,ทน.,7.89256,99.38705,68
2056,บ้านอ่าวกลาง,ทน.,7.769064,99.365079,29
2057,บ้านควนขวาง,ทน.,7.691034,99.436419,98
2058,บ้านไสท้อน,ทน.,7.553455,99.779176,211
2059,บ้านกลาง,ทน.,7.623491,99.783481,36
2060,บ้านนอก,ทน.,7.468719,99.921519,187
2061,บ้านชะรัด,ทน.,7.471182,99.979348,204
2062,บ้านโล๊ะจังกระ,ทน.,7.330095,99.98401,103
2063,บ้านโคกไทร,ทน.,7.381537,99.956491,122
2064,บ้านโคกแมว,ทน.,7.387154,100.071747,146
2065,บ้านนาส้อง,ทน.,7.277879,100.053089,242
2066,บ้านทุ่งยูง,ทน.,7.757113,99.806515,28
2067,บ้านห้วยครก,ทน.,7.661304,99.838302,75
2068,บ้านเขาจันทร์,ทน.,7.201698,100.091954,90
2069,บ้านควนยาว,ทน.,7.852596,99.798399,57
207,อบต.หนองบัวละคร,สสน.,15.25427,101.86642,105
2070,บ้านนาวง,ทน.,7.587054,99.857664,161
2071,บ้านธารโต,ทน.,6.16782,101.182061,195
2072,กรมทรัพยากรน้ำ,ทน.,13.785535,100.53908,18738
209,อบต.ตะคุ,สสน.,14.72923,101.98731,380
21,คลองจระเข้ใหญ่ บางเสาธง (วัดศรีวารีน้อย),สสน.,13.66949,100.80058,1052
213,อบต.สัมฤทธิ์,สสน.,15.21211,102.44619,172
216,ท้ายฝายชุมพวง,สสน.,15.38654,102.71913,112
218,ชุมพวง,สสน.,15.28663,102.68459,169
219,อบต.ตลาดไทร,สสน.,15.18156,102.84448,207
220,อบต.วังโรงใหญ่,สสน.,15.05111,101.66181,69
221,อบต.ขนงพระ,สสน.,14.60689,101.45632,118
225,อบต.วังน้ำเขียว,สสน.,14.37476,101.86537,270
226,อบต.วังหมี,สสน.,14.4157,101.68403,43
227,อบต.อุดมทรัพย์,สสน.,14.55706,101.97418,140
228,เฉลิมพระเกียรติ,สสน.,14.968,102.23782,34
232,อ่างฯหนองกุดใหญ่,สสน.,14.85901,103.36127,121
233,บ้านโคกพลวง,สสน.,14.59236,102.66768,68
234,ทต.ดอนอะราง,สสน.,14.58711,102.49516,99
235,อบต.ละหานทราย,สสน.,14.39567,102.84726,308
236,ประโคนชัย,สสน.,14.633034,103.23046,124
237,ชุมชนโกรกประดู่,สสน.,14.93522,102.88857,94
238,สตึก,สสน.,15.299888,103.29234,1039
239,ทต.ห้วยราช,สสน.,14.97335,103.18654,416
24,คลองพระพิมล (ไทรน้อย),สสน.,13.97396,100.31901,1096
240,อบต.หนองกง,สสน.,14.69467,102.88834,118
241,อบต.ลำนางรอง,สสน.,14.1899,102.68618,70
242,อบต.โนนขวาง,สสน.,15.18076,103.15744,94
243,อบต.แคนดง,สสน.,15.30825,103.12405,204
245,เมืองสุรินทร์,สสน.,14.875494,103.37887,232
246,ทต.นาหนองไผ่,สสน.,15.35046,103.47537,99
25,อบต.ราษฎร์นิยม,สสน.,14.10388,100.32209,416
250,อบต.จอมพระ,สสน.,15.11378,103.61037,270
251,อบต.กังแอน,สสน.,14.64535,103.43627,102
252,ชุมชนหนองใหญ่,สสน.,14.5727,103.47313,98
253,อบต.ธาตุ,สสน.,15.31666,103.93546,335
254,อบต.บ้านจารย์,สสน.,14.56653,103.74237,184
255,เมืองศรีสะเกษ,สสน.,15.118111,104.31859,1495
259,วัดบ้านน้ำเย็น,สสน.,14.61575,104.65009,217
26,สะพานนวลฉวี,สสน.,13.94749,100.53507,7019
260,อบต.ตาอุด,สสน.,14.66674,104.27321,188
261,อบต.สุขสวัสดิ์,สสน.,14.86402,104.35035,88
262,ราษีไศล,สสน.,15.33953,104.15237,595
263,ท้ายฝายราษีไศล,สสน.,15.344049,104.09932,92
269,เขื่องใน,สสน.,15.32248,104.54649,133
27,คลองเปรมประชากร หลักหก,สสน.,13.96562,100.60262,6723
271,เหนือฝายธาตุน้อย,สสน.,15.310568,104.45604,150
272,ท้ายฝายธาตุน้อย,สสน.,15.310821,104.45699,150
273,ทต.หนองผือ,สสน.,15.97889,105.03522,376
274,ทต.นาส่วง,สสน.,15.0115,104.94815,343
275,อบต.แก้ง,สสน.,14.71031,105.018,179
276,ทต.น้ำยืน,สสน.,14.49962,104.99805,231
277,อบต.บ้านแมด,สสน.,14.85454,105.32193,110
278,ทต.ตระการพืชผล,สสน.,15.62158,105.02307,1039
279,อบต.ขี้เหล็ก,สสน.,15.34233,104.82156,317
28,รร.วัดอู่ข้าว,สสน.,14.19111,100.75421,476
281,พิบูลมังสาหาร,สสน.,15.249705,105.2393,1434
283,บ้านผาชัน,สสน.,15.75599,105.49682,94
286,อบต.โคกชำแระ,สสน.,14.73264,104.90761,327
287,อบต.นาตาล,สสน.,15.9017,105.27872,194
29,คลองระพีพัฒน์แยกตก,สสน.,14.20612,100.74476,309
293,ชุมชนบ้านตูม,สสน.,15.41897,104.34192,117
295,ตาดโตน,สสน.,15.87735,102.01361,258
296,เมืองชัยภูมิ,สสน.,15.68157,102.0095,332
298,บ้านเขว้า,สสน.,15.93316,101.69951,43
299,อบต.หนองโพนงาม,สสน.,16.43053,101.96625,133
3,คลองลำปลาทิว ลาดกระบัง,สสน.,13.7407,100.79468,2726
300,อบต.โนนกอก,สสน.,16.19924,101.93238,170
303,อบต.เจาทอง,สสน.,15.90696,101.42754,83
305,อบต.ช่องสามหมอ,สสน.,16.11598,102.23128,124
306,อบต.บ้านเจียง,สสน.,16.01884,101.50008,106
309,อบต.นายม,สสน.,15.8619,104.51559,147
310,ทต.ไก่คำ,สสน.,15.78806,104.6422,112
311,อบต.นาคำไฮ,สสน.,17.26206,102.33822,333
3129891,มัสยิดเหมืองลาบู,สสน.,6.297677,101.09836,41
313,อบต.ปางกู่,สสน.,17.01999,102.59124,73
314,อบต.นากอก,สสน.,16.898,102.20174,287
315,สุวรรณคูหา,สสน.,17.57572,102.273346,269
316,อบต.วังทอง,สสน.,17.32078,102.02481,174
319,สะพานฉลองขอนแก่น 200 ปี,สสน.,16.528994,102.906006,262
325,อบต.บ้านไผ่,สสน.,16.11661,102.70679,169
326,อบต.โนนข่า,สสน.,15.78141,102.59655,239
327,วัดพิเสกประดิษฐิ์,สสน.,15.91652,102.5363,140
328,อบต.หนองกุงธนสาร,สสน.,16.63868,102.42059,136
330,ชนบท,สสน.,16.09691,102.56997,316
333,เมืองขอนแก่น,สสน.,16.3259,102.78601,465
334,เทศบาลนครอุดรธานี,สสน.,17.41293,102.78866,4169
335,เมืองอุดรธานี,สสน.,17.482368,102.79713,487
336,อบต.กุมภวาปี,สสน.,17.07686,103.02154,175
338,ทต.บะยาว,สสน.,17.08087,103.39912,66
340,เทศบาลตำบลบ้านผือ,สสน.,17.6868,102.47648,375
341,ทม.บ้านดุง,สสน.,17.70451,103.26375,556
342,เมืองเลย,สสน.,17.509344,101.73663,325
343,อบต.ท่าสะอาด,สสน.,17.49024,101.93209,89
344,อบต.นาซ่าว,สสน.,17.82424,101.66917,102
3440,ยอดภูกระดึง,กฟผ.,16.887107,101.788015,20
3441,น้ำพรม อ.เกษตรสมบูรณ์,กฟผ.,16.309406,101.971772,171
345,อบต.กกสะทอน,สสน.,17.08953,101.11006,23
346,อบต.เหล่ากอหก,สสน.,17.49638,100.88749,44
3461,อ.นากลาง,กฟผ.,17.307088,102.1888,631
3464,ลำเชิญ อ.บ้านแท่น (ท้ายฝายน้ำเชิญ),กฟผ.,16.445603,102.294167,78
3474,เขื่อนน้ำพุง,กฟผ.,16.414536,101.793739,17
3476,แม่น้ำมูล วัดปากโดม,กฟผ.,15.30606,105.17113,239
348,วังสะพุง,สสน.,17.312359,101.7726,912
349,อบต.เขาหลวง,สสน.,17.31744,101.63533,95
35,บ้านน้อยสว่าง,สสน.,14.1652,100.77855,626
350,อบต.ศรีฐาน,สสน.,16.87717,101.86141,161
3509,น้ำพอง อ.สีชมพู,กฟผ.,16.88054,102.145442,128
351,สวนสาธารณะหนองถิ่น ทม.หนองคาย,สสน.,17.87704,102.72711,1806
3510,ลำพะเนียง อ.เมือง,กฟผ.,17.182448,102.431941,614
3511,อ.ศรีบุญเรือง,กฟผ.,16.879225,102.317052,194
3513,เขื่อนอุบลรัตน์,กฟผ.,16.776001,102.619199,274
3519,น้ำพอง บ้านผานกเค้า (E.29),กฟผ.,16.847333,101.943603,224
352,อบต.หนองนาง,สสน.,17.69514,102.61527,150
3523,ลำน้ำพอง (เหนือฝายหนองหวาย),กฟผ.,16.724766,102.803416,810
3524,ลำน้ำพอง โรงเรียนลำน้ำพอง,กฟผ.,16.571498,102.881228,123
3525,แม่น้ำชี บ้านหินกอง,กฟผ.,16.250316,102.743923,119
3526,แม่น้ำชี ฝายมหาสารคาม(เหนือ),กฟผ.,16.368304,102.946387,99
3528,แม่น้ำชี อ.มหาชนะชัย (E.20A),กฟผ.,15.523588,104.249484,418
3529,แม่น้ำมูล อ.ราษีไศล (M.5),กฟผ.,15.33716,104.15292,595
3530,แม่น้ำมูล วัดท่ากกแห่,กฟผ.,15.21294,104.80042,434
3531,แม่น้ำมูล ท้ายแก่งสะพือ (M.11B),กฟผ.,15.23735,105.24523,1356
3532,แม่น้ำโขง วัดห้วยสะคาม,กฟผ.,15.32884,105.48165,217
3533,ลำโดมใหญ่ บ้านนาเยีย,กฟผ.,15.07663,105.07114,274
3534,ลำโดมใหญ่ อ.นาจะหลวย,กฟผ.,14.52168,105.23641,351
3536,อ.บุณฑริก,กฟผ.,14.75999,105.41278,564
3537,อ.พนา,กฟผ.,15.68269,104.84672,294
3538,อ.ตระการพืชผล,กฟผ.,15.61492,105.01614,1167
3539,ลำเซบก บ้านท่าบ่อแบง (M.69),กฟผ.,15.50993,104.96282,186
3540,ห้วยตุงลุง อ.ศรีเมืองใหม่,กฟผ.,15.49328,105.26278,246
3541,เขื่อนสิรินธร,กฟผ.,15.2183,105.42277,92
3542,แม่น้ำมูล บ้านคันไร่,กฟผ.,15.26995,105.30611,310
3545,เขื่อนจุฬาภรณ์,กฟผ.,16.534794,101.649035,44
3546,เขื่อนห้วยกุ่ม,กฟผ.,16.97314,103.943464,79
355,ทต.สังคม,สสน.,18.06862,102.2627,241
357,อบต.ดอนหว่าน,สสน.,16.008,103.31885,200
358,เมืองมหาสารคาม,สสน.,16.23231,103.27106,793
36,คลองระพีพัฒน์แยกใต้ หนองเสือ,สสน.,14.2206,100.89168,407
361,ท้ายฝายมหาสารคาม,สสน.,16.365969,102.94979,100
363,อบต.โนนแดง,สสน.,15.89121,103.07812,71
3634,แม่ฮ่องสอน,อต.,19.29897,97.97578,393
3635,ดอยอ่างขาง,อต.,19.93139,99.04833,46
3636,เชียงราย,อต.,19.96139,99.88139,609
3637,เชียงราย สกษ.,อต.,19.87083,99.78278,448
3638,ทุ่งช้าง,อต.,19.41194,100.88353,209
3639,พะเยา,อต.,19.13333,99.9,455
364,อบต.หนองโพธิ์,สสน.,15.77424,103.10276,171
3640,ท่าวังผา,อต.,19.11056,100.8025,561
3641,เถิน,อต.,17.63661,99.24475,487
3642,แม่สะเรียง,อต.,18.166667,97.933333,406
3643,เชียงใหม่,อต.,18.79,98.97694,5326
3644,ลำปาง,อต.,18.28333,99.51667,1674
3645,ลำพูน,อต.,18.56722,99.03389,912
3646,แพร่,อต.,18.16667,100.16667,1040
3647,น่าน,อต.,18.77972,100.77778,1696
3648,น่าน สกษ.,อต.,18.86667,100.75,50
3649,ลำปาง สกษ.,อต.,18.31667,99.28333,318
365,วัดเวฬุวัน,สสน.,16.05476,103.66426,2363
3650,เลย สกษ.,อต.,17.4,101.73333,115
3651,อุตรดิตถ์,อต.,17.61667,100.1,1992
3652,หนองคาย,อต.,17.86717,102.73303,2312
3653,เลย,อต.,17.45,101.73333,464
3654,อุดรธานี,อต.,17.38333,102.8,2425
3655,สกลนคร สกษ.,อต.,17.12503,104.061,150
3656,สกลนคร,อต.,17.15,104.13333,1925
3657,นครพนม,อต.,17.41083,104.7825,2134
3658,นครพนม สกษ.,อต.,17.27642,104.77367,136
3659,หนองบัวลำภู,อต.,17.2325,102.42944,715
366,รร. เทศบาล 1 (ทต.เกษตรวิสัย),สสน.,15.66534,103.5742,753
3660,สุโขทัย,อต.,17.10611,99.8,189
3661,ศรีสำโรง สกษ.,อต.,17.16136,99.86167,1261
3662,หล่มสัก,อต.,16.77361,101.24944,1211
3663,แม่สอด,อต.,16.65917,98.55083,75
3664,ตาก,อต.,16.87833,99.14333,716
3665,เขื่อนภูมิพล,อต.,17.24389,99.0025,132
3666,พิษณุโลก,อต.,16.79481,100.2793,1273
3667,เพชรบูรณ์,อต.,16.43333,101.15,975
3668,กำแพงเพชร,อต.,16.48681,99.52697,2858
3669,ขอนแก่น,อต.,16.46111,102.78972,583
3670,มหาสารคาม,อต.,16.24722,103.06805,850
3671,มุกดาหาร,อต.,16.54139,104.72889,2225
3672,ท่าพระ สกษ.,อต.,16.33333,102.81667,482
3673,อุ้มผาง,อต.,16.02472,98.86444,91
3674,พิจิตร สกษ.,อต.,16.43806,100.2925,251
3675,ดอยมูเซอร์ สกษ.,อต.,16.75,98.93333,42
3676,กาฬสินธุ์,อต.,16.3325,103.58833,562
3677,นครสวรรค์,อต.,15.67183,100.13236,824
3678,ตากฟ้า สกษ.,อต.,15.34944,100.53028,162
3679,ชัยนาท สกษ.,อต.,15.15,100.18333,360
3680,ชัยภูมิ,อต.,15.8,102.03333,1835
3681,ร้อยเอ็ด สกษ.,อต.,16.07322,103.60844,479
3682,ร้อยเอ็ด,อต.,16.02,103.74389,170
3683,อุบลราชธานี (ศูนย์ฯ),อต.,15.25,104.86667,1458
3684,อุบลราชธานี สกษ.,อต.,15.23914,105.0235,156
3685,ศรีสะเกษ,อต.,15.0,104.05,89
3686,วิเชียรบุรี,อต.,15.657,101.108,902
3687,พระนครศรีอยุธยา,อต.,14.53472,100.725,354
3688,ท่าตูม,อต.,15.31667,103.68333,495
3689,บัวชุม,อต.,15.26667,101.18736,85
369,ทต.อัคคะคำ,สสน.,16.3871,103.75212,171
3690,ปทุมธานี สกษ.,อต.,14.1,100.61667,4022
3691,สมุทรปราการ สกษ.,อต.,13.51667,100.76167,932
3692,ทองผาภูมิ,อต.,14.74222,98.63639,247
3693,สุพรรณบุรี,อต.,14.47444,100.13889,1737
3694,ลพบุรี,อต.,14.79972,100.645,3353
3695,อู่ทอง สกษ.,อต.,14.30361,99.86472,242
3696,สนามบินสุวรรณภูมิ,อต.,13.68639,100.7675,1274
3698,นครราชสีมา,อต.,14.9683,102.08603,3861
3699,สุรินทร์,อต.,14.88333,103.5,2500
37,คลองหกวา ลำลูกกา คลอง8,สสน.,13.9416,100.77499,2479
370,อบต.โพธิ์ทอง,สสน.,16.12729,104.11499,159
3700,สุรินทร์ สกษ.,อต.,14.883333,103.45,383
3701,โชคชัย,อต.,14.71889,102.16861,530
3702,ปากช่อง สกษ.,อต.,14.64389,101.33194,184
3703,นางรอง,อต.,14.58333,102.8,137
3704,บุรีรัมย์,อต.,15.22575,103.24808,117
3706,สระแก้ว,อต.,13.78889,102.03472,163
3707,กาญจนบุรี,อต.,14.0225,99.53583,2781
3708,นครปฐม,อต.,14.01167,99.97,566
3709,กรุงเทพฯ บางนา สกษ.,อต.,13.66639,100.60611,11440
3711,กรุงเทพมหานคร,อต.,13.72639,100.56,16963
3712,สนามบินดอนเมือง,อต.,13.91917,100.605,9384
3713,นำร่อง,อต.,13.37722,100.59944,0
3714,ฉะเชิงเทรา,อต.,13.51556,101.45833,55
3715,ชลบุรี,อต.,13.36667,100.98333,5606
3716,เกาะสีชัง,อต.,13.16167,100.80194,758
3717,พัทยา,อต.,12.92,100.86944,2273
3719,แหลมฉบัง,อต.,13.07803,100.87389,1429
372,อบต.หนองหมื่นถ่าน,สสน.,15.75445,103.91742,97
3720,ราชบุรี,อต.,13.48931,99.79239,404
3721,เพชรบุรี,อต.,12.99944,100.06056,675
3722,หนองพลับ สกษ.,อต.,12.58333,99.73333,117
3723,หัวหิน,อต.,12.58611,99.9625,1351
3724,สัตหีบ,อต.,12.68333,100.98333,2059
3725,ระยอง,อต.,12.63369,101.34075,739
3726,ห้วยโป่ง สกษ.,อต.,12.735,101.135,1255
3727,จันทบุรี,อต.,12.61667,102.11333,2228
3728,พลิ้ว สกษ.,อต.,12.50861,102.17305,349
3729,ประจวบคีรีขันธ์,อต.,11.83333,99.83333,127
3730,ตราด,อต.,11.78033,102.87808,1055
3731,ชุมพร,อต.,10.49875,99.18847,2033
3732,สวี สกษ.,อต.,10.33333,99.1,216
3733,ระนอง,อต.,9.98333,98.61667,438
3734,เกาะสมุย,อต.,9.45097,100.03361,245
3735,สุราษฎร์ธานี,อต.,9.13556,99.15194,566
3736,นครศรีธรรมราช,อต.,8.53778,99.94722,568
3737,นครศรีธรรมราช สกษ.,อต.,8.35931,100.0,136
3738,สุราษฎร์ธานี สกษ.,อต.,9.1,99.63333,60
3739,พระแสง สอท.,อต.,8.57022,99.25825,317
3740,ฉวาง,อต.,8.42472,99.50667,524
3741,พัทลุง สกษ.,อต.,7.58333,100.16667,98
3742,ตะกั่วป่า,อต.,8.68417,98.25222,240
3743,กระบี่,อต.,8.10361,98.97528,392
3744,ภูเก็ต,อต.,7.88333,98.4,7598
3745,ภูเก็ต (ศูนย์ฯ),อต.,8.145,98.31444,690
3746,เกาะลันตา,อต.,7.54267,99.04953,132
3747,ตรัง,อต.,7.51667,99.61667,1044
3748,สงขลา,อต.,7.18211,100.60769,3734
3749,หาดใหญ่,อต.,6.91667,100.43333,192
375,ท้ายฝายร้อยเอ็ด,สสน.,16.17222,103.78973,98
3750,สตูล,อต.,6.65,100.08333,738
3751,คอหงษ์ สกษ.,อต.,7.0,100.5,2877
3752,สะเดา,อต.,6.79806,100.39056,107
3753,ปัตตานี,อต.,6.78333,101.15,857
3754,ยะลา สกษ.,อต.,6.51667,101.28333,1523
3755,นราธิวาส,อต.,6.41667,101.81667,2428
376,เหนือฝายร้อยเอ็ด,สสน.,16.172573,103.78899,98
377,เทศบาลตำบลเหนือ,สสน.,16.42528,103.55949,267
378,บ้านโนนศรีเจริญ,สสน.,16.61616,103.71739,135
379,ชุมชนจุมจัง,สสน.,16.428444,104.073875,119
380,ยางตลาด,สสน.,16.411083,103.467125,283
383,อบต.นาคู,สสน.,16.79785,104.04477,256
384,ท้ายฝายวังยาง,สสน.,16.200127,103.47363,108
385,เหนือฝายวังยาง,สสน.,16.199501,103.47284,92
385578,สวนเพชรล้านนา,สสน.,18.80307,99.58371,78
385579,ฝ่ายส่งน้ำและบำรุงรักษาที่ 2,สสน.,18.88353,99.08182,274
385580,อ่างเก็บน้ำแม่เกี๋ยง,สสน.,18.43277,99.49828,35
385581,สะพานข้ามคลองเกรียงไกร,สสน.,15.84312,100.21149,92
385582,สะพานข้ามลำปะเทีย,สสน.,14.617108,102.900345,182
385583,อ่างเก็บน้ำคูขาด,สสน.,14.559949,102.95148,122
385586,สะพานมิตรภาพรับร่อ-หินแก้ว,สสน.,10.607499,99.095345,90
388,ทต.พังโคน,สสน.,17.3986,103.71425,888
389,อบต.นิคมน้ำอูน,สสน.,17.20412,103.68705,64
39,พระนครศรีอยุธยา,สสน.,14.36913,100.52861,974
390,อบต.ขัวก่าย,สสน.,17.6021,103.80708,91
391,อบต.คำตากล้า,สสน.,17.83105,103.75675,99
394,อบต.หนองแปน,สสน.,17.70356,103.43509,98
395,สะพานนาทม,สสน.,17.777582,104.01503,97
396,สว่างแดนดิน,สสน.,17.594717,103.38448,197
399,อบต.ด่านม่วงคำ,สสน.,17.07908,104.32599,120
4,สะพานกรุงเทพ,สสน.,13.700301,100.49277,18658
40,ท่าเรือ,สสน.,14.56014,100.71987,1319
400,ทต.โคกภู,สสน.,17.00638,103.91604,134
401,อบต.บ้านผึ้ง,สสน.,17.35149,104.6204,185
402,อบต.พุ่มแก,สสน.,16.90886,104.61869,133
405,ศรีสงคราม,สสน.,17.67484,104.28581,91
406,รร. คำอาฮวนศรีสุราษฎร์วิทยา,สสน.,16.49673,104.66867,165
407,ทต.ดอนตาล,สสน.,16.31839,104.91895,593
408,อบต.น้ำเที่ยง,สสน.,16.5431,104.4085,345
409,ทต.ช้างเผือก,สสน.,18.8101,98.96992,3617
411,แม่หาด,สสน.,18.46006,98.65094,112
414,เชียงดาว,สสน.,19.36728,98.96884,545
415,ทต.แม่นะ,สสน.,19.34123,98.96134,359
416,ทต.ดอยสะเก็ด,สสน.,18.86477,99.13227,610
417,ป่าสักงาม,สสน.,18.9926,99.12811,86
418,แม่แตง,สสน.,19.12207,98.94447,484
420,เขื่อนแม่งัดสมบูรณ์ชล,สสน.,19.16175,99.03968,163
421,อบต.เวียง,สสน.,19.94109,99.21811,540
422,ฝาง,สสน.,19.85606,99.19549,678
424,แม่อาย,สสน.,20.06092,99.36204,714
426,ชุมชนบ้านห้วยทราย,สสน.,19.34,99.21733,135
427,สะพานโยธาอำนวยพัฒนา,สสน.,18.57391,98.86222,584
428,รร.อนุบาล ทต.สันกำแพง,สสน.,18.75289,99.12771,792
429,ทต.สันนาเม็ง,สสน.,18.83802,99.05691,1128
430,สันทราย,สสน.,19.00979,98.95975,361
434,ฮอด,สสน.,18.17859,98.63017,380
435367,อบต.เวียงตาล,สสน.,18.31132,99.3252,243
435369,อบต.ท่าเสา,สสน.,15.98997,100.22159,160
435372,บ้านใหม่สามัคคี,สสน.,15.09718,102.86682,74
435373,บ้านน้ำเย็น,สสน.,10.58877,99.03119,45
435493,สถานีชุมชนป่าภูถ้ำ,สสน.,15.8393,102.41481,97
435494,วัดบางแตน,สสน.,13.902437,101.168,322
436,อบต.ดอยเต่า,สสน.,17.91548,98.72789,141
437,อบต.อมก๋อย,สสน.,17.79795,98.34148,102
438,อบต.เปียงหลวง,สสน.,19.64923,98.63487,233
439,ทต.ไชยปราการ,สสน.,19.74219,99.14546,875
44,นครหลวง,สสน.,14.40269,100.5864,672
441,ที่ว่าการอำเภอแม่วาง,สสน.,18.61261,98.77524,212
443,สวนสาธารณะกู่ช้าง ทต.ลำพูน,สสน.,18.58646,99.01955,965
448,ทต.ป่าซาง,สสน.,18.51816,98.93948,716
453,ทต.แม่เมาะ,สสน.,18.27293,99.65159,336
454,เกาะคา,สสน.,18.15915,99.38407,303
455217,อุทัยธานี,อต.,15.37417,100.03889,1127
455218,นครนายก,อต.,14.36222,101.39278,34
455219,สมุทรสงคราม,อต.,13.40778,100.03222,190
455700,บ้านโกรกอีดก,สสน.,14.4417,101.17281,33
455701,ป่าต้นน้ำคลองมะเดื่อ อช.เขาใหญ่ (นางรอง),สสน.,14.3693,101.2712,23
457249,ชุมชนบ้านร้องแง,พพภ,19.174837,100.936386,342
457841,ตำบลซับสมบูรณ์,สสน.,15.61598,101.02351,83
458,อบต.บ้านแหง,สสน.,18.76331,100.00877,161
458737,อบต.นาแขม,สสน.,14.04255,101.72051,127
460,อบต.แจ้ห่ม,สสน.,18.71225,99.58207,350
463,เถิน,สสน.,17.75171,99.23061,70
464,แม่พริก,สสน.,17.44521,99.12897,91
467,อบต.นายาง,สสน.,17.90977,99.30969,95
468,อบต.หนองหล่ม,สสน.,18.33624,99.39992,189
469,ชุมชนแม่ตาลน้อย,สสน.,18.41521,99.26469,30
47,คลองบางบาล,สสน.,14.42303,100.48186,399
471583,คลองช่องสะเดา,สสน.,14.344762,100.670105,462
471584,วัดขนอนใต้,สสน.,14.288251,100.61132,276
472,เมืองอุตรดิตถ์,สสน.,17.61011,100.09943,1483
474,ทต.ตรอน,สสน.,17.48609,100.10562,374
475,ตรอน,สสน.,17.41834,100.13075,198
476,อบต.ท่าแฝก,สสน.,17.94566,100.63106,63
477,ทต.น้ำปาด,สสน.,17.72534,100.6814,231
478,น้ำปาด,สสน.,17.79087,100.74902,94
479216,ที่ว่าการอำเภอเมืองยโสธร,สสน.,15.79536,104.1403,1375
479217,อบต.นาโส่,สสน.,15.983,104.31134,79
479219,ทต.ห้องแซง,สสน.,16.26808,104.40591,269
479220,ทต.บุ่งค้า,สสน.,16.16702,104.64115,86
479230,สะพานแม่ฟ้าหลวง,สสน.,19.92195,99.81826,954
479231,คลองแม่พุง,สสน.,19.56656,99.98423,269
479232,สะพานอิงอุดม,สสน.,20.19635,100.44173,154
479233,คลองปาว,สสน.,16.259254,103.69041,199
479234,ห้วยยัง,สสน.,16.603594,103.96229,98
479235,ลำน้ำอูน,สสน.,17.322742,103.97923,194
479236,บ้านโพธิ์ชัยทอง,สสน.,17.59971,103.98087,529
479238,ลำน้ำพุง,สสน.,16.996609,104.17364,298
479240,ลำน้ำก่ำ,สสน.,17.03068,104.41476,72
479241,ลำเซบาย,สสน.,16.195435,104.52569,331
479242,อ่างเก็บน้ำห้วยซับเหล็ก,สสน.,14.814826,100.77581,297
479243,อ่างเก็บน้ำห้วยส้ม,สสน.,14.865248,100.861244,130
48,คลองบางหลวง,สสน.,14.4158,100.44071,193
480,ทต.บ้านโคก,สสน.,18.02097,101.06478,112
482,พิชัย,สสน.,17.29433,100.08282,445
483,คลองผันน้ำยม-น่าน3,สสน.,17.29251,100.07764,467
486,ทต.ทองแสนขัน,สสน.,17.46789,100.33244,193
489,เมืองแพร่,สสน.,18.13367,100.12458,1359
49,บางปะอิน,สสน.,14.30455,100.56645,567
490,อบต.ร้องกวาง,สสน.,18.3588,100.3339,228
491,อบต.ทุ่งแล้ง,สสน.,17.97043,99.7466,86
492,ศูนย์พัฒนาเด็กเล็ก อบต.สูงเม่น,สสน.,18.06268,100.09529,463
492324,ปตร.จุฬาลงกรณ์,สสน.,13.98135,100.6057,8707
492333,ปตร.หันตรา,สสน.,14.37456,100.58441,1701
492334,ปตร.กระมัง (ปากคลองข้าวเม่า),สสน.,14.355055,100.58354,3618
492335,ปตร.กลางคลองข้าวเม่า (วัดกระสังข์),สสน.,14.357306,100.60569,2166
492340,เหนือ ปตร.มโนรมย์,สสน.,15.33046,100.10331,163
492342,เหนือปตร.บรมธาตุ,สสน.,15.15816,100.15352,434
492343,ท้ายปตร.บรมธาตุ,สสน.,15.15785,100.15282,334
492345,ท้ายปตร.มะขามเฒ่า-อู่ทอง,สสน.,15.22229,100.06236,156
492346,เหนือปตร.พระนารายน์,สสน.,14.5583,100.76205,1778
492347,ท้ายปตร.พระนารายน์,สสน.,14.55667,100.76201,806
492349,ท้ายปตร.พระศรีศิลป์,สสน.,14.32729,100.87117,897
492350,เหนือปตร.พระธรรมราชา,สสน.,14.07771,100.89208,999
492351,ท้ายปตร.พระธรรมราชา,สสน.,14.07636,100.89392,999
492352,เหนือปตร.พระอินทราชา,สสน.,14.14407,100.62136,1225
492353,ท้ายปตร.พระอินทราชา,สสน.,14.14378,100.62075,1225
492355,เหนือปตร.มหาราช,สสน.,15.15892,100.17329,325
492356,ท้ายปตร.มหาราช,สสน.,15.16144,100.17268,325
492358,ท้ายปตร.ท่าโบสถ์,สสน.,15.05349,100.01175,137
492359,เหนือปตร.ชลมาร์คพิจารณ์,สสน.,14.77118,100.0884,527
492360,ท้ายปตร.ชลมาร์คพิจารณ์,สสน.,14.7706,100.08824,527
492361,เหนือปตร.โพธิ์พระยา,สสน.,14.53248,100.12224,635
492362,ท้ายปตร.โพธิ์พระยา,สสน.,14.53181,100.12245,635
492363,เหนือปตร.บางระจัน,สสน.,14.92594,100.27585,359
492364,ท้ายปตร.บางระจัน,สสน.,14.92539,100.27912,359
492365,เหนือปตร.ยางมณี,สสน.,14.751,100.41463,280
492366,ท้ายปตร.ยางมณี,สสน.,14.75033,100.41498,280
492367,เหนือปตร.ผักไห่-เจ้าเจ็ด,สสน.,14.43643,100.37562,404
492369,เหนือปตร.ช่องแค,สสน.,15.14624,100.41298,219
492370,ท้ายปตร.ช่องแค,สสน.,15.14554,100.41321,219
493,เด่นชัย,สสน.,18.0208,100.0588,229
495,ชุมชนห้วยไร่,สสน.,17.88574,100.04161,112
497,อบต.วังชิ้น,สสน.,17.87937,99.61921,225
499,หนองม่วงไข่,สสน.,18.26591,100.17706,528
5,คลองมหาสวัสดิ บางกรวย-สวนผัก,สสน.,13.79965,100.43863,4613
50,บางปะหัน,สสน.,14.42731,100.55605,583
500,อบจ.น่าน,สสน.,18.79898,100.73317,357
500122,บ้านห้วยชมพู,ทน.,19.17852,98.929245,96
500124,บ้านถ้ำ,ทน.,19.387591,98.928357,90
500125,บ้านน้ำพาย,ทน.,17.125555,100.862292,141
500126,บ้านทุ่ง,ทน.,17.873848,99.362825,95
500127,บ้านน้ำไพร,ทน.,18.106906,102.227385,60
500129,บ้านทัพป่าเส้า,ทน.,19.191428,99.615416,91
500130,บ้านโป่งคอม,ทน.,14.764333,99.565738,39
500131,บ้านหมื่นฤาชัย,ทน.,16.371397,98.662017,80
500132,บ้านผากระเจ้อ,ทน.,16.400057,98.73363,75
500133,บ้านฟากนา,ทน.,18.021011,101.058004,112
500134,บ้านหาดเบี้ย,ทน.,18.056833,101.803953,30
500136,บ้านนาโพธิ์,ทน.,17.497621,101.073661,74
500137,บ้านสวัสดิ์พัฒนา,ทน.,17.61576,101.410068,111
500138,บ้านหมาก,ทน.,14.689007,101.198163,215
500139,บ้านเชียงคาน,ทน.,17.889774,101.643148,351
500142,บ้านขุนยวม,ทน.,18.817962,97.934949,102
500144,บ้านหนองกะโตวา,ทน.,14.718076,101.364047,101
500145,บ้านโนนสมบูรณ์,ทน.,14.777422,101.341215,56
500146,บ้านหาดรั่ว,ทน.,17.79514,99.673173,116
500149,บ้านน้ำแพ,ทน.,18.035642,101.118524,20
500150,บ้านดอยเต่าใต้,ทน.,17.890087,98.729695,127
500151,บ้านสลี,ทน.,19.405133,100.880954,302
500152,บ้านปากรอง,ทน.,17.302652,100.671239,29
501,บ้านกาใส,สสน.,18.86399,100.67626,55
501106,บ้านใหม่คลองอังวะ,ทน.,15.161769,99.28896,9
501108,บ้านห้วยเดื่อ,ทน.,18.376158,98.96111,118
501110,บ้านหางนา,ทน.,17.292323,101.249889,67
501111,บ้านหัวฝาย,ทน.,17.519618,101.74813,201
501112,บ้านท่าวังแคน,ทน.,17.599579,101.75623,85
501113,บ้านแก่งลาด,ทน.,16.959094,100.928315,54
501114,บ้านแจ้ซ้อน,ทน.,18.660141,99.157814,135
501115,บ้านหน้าฝาย,ทน.,15.067142,99.542776,69
501116,บ้านไร่พริก,ทน.,14.991398,99.564953,28
501117,บ้านใหม่สุขสันต์,ทน.,19.598781,100.059516,249
501118,บ้านเนินสมบูรณ์,ทน.,20.074762,100.260245,60
501119,บ้านหินประกาย,ทน.,16.928188,100.534279,74
501120,บ้านท่าแพ,ทน.,17.492346,101.699451,392
501121,บ้านซำรู้,ทน.,16.939047,100.816776,136
501122,บ้านห้วยกอก,ทน.,16.911726,100.870513,43
501124,บ้านบ่อโพธิ์,ทน.,17.23296,101.053442,60
501125,บ้านไตรสภาวคาม,ทน.,19.429654,98.979224,175
501126,บ้านนาล้อม,ทน.,17.282266,100.535536,58
501128,บ้านกกงิ้ว,ทน.,15.304712,99.648582,93
501129,บ้านนาซ่าว,ทน.,17.833873,101.669647,198
501130,บ้านนาทุ่งเชือก,ทน.,15.160483,99.544922,23
501131,บ้านป่าห้า,ทน.,19.096246,99.182937,113
501133,บ้านห้วยน้ำอุ่น,ทน.,17.411336,100.52123,40
501134,บ้านนาหนอง,ทน.,17.085292,100.762342,86
501135,บ้านอีพุ่งใหญ่,ทน.,15.17196,99.48342,41
501137,บ้านทุ่ง,ทน.,20.291739,100.222461,155
501138,บ้านแม่เลย,ทน.,19.056495,98.708349,25
501139,บ้านแก่งไฮ,ทน.,16.985166,100.772579,73
501140,บ้านปางป่าคา,ทน.,18.957106,98.862353,53
501141,บ้านปางไม้แดง,ทน.,19.143328,98.865262,74
501143,บ้านห้วยขอบ,ทน.,18.198861,102.063845,84
501145,บ้านป่าสักงาม,ทน.,18.98908,99.127441,98
501146,บ้านน้ำพริก,ทน.,17.19839,100.912409,86
501147,บ้านไชยงาม,ทน.,19.318901,99.220169,108
501148,บ้านถ้ำพริก,ทน.,16.925895,100.706114,50
501149,บ้านแม่ดอกแดง,ทน.,18.898664,99.20137,48
501151,บ้านแม่หวาน,ทน.,18.957837,99.233553,37
501152,บ้านสนามบิน,ทน.,15.396463,99.661082,51
501153,บ้านแม่โจ้,ทน.,19.215505,99.00844,113
501154,บ้านป่าฮิ้น,ทน.,19.385599,99.150983,157
501155,บ้านแม่แพะ,ทน.,19.013729,98.699764,37
501156,บ้านอังคาย,ทน.,18.956732,98.578363,35
501157,บ้านปากเนียม,ทน.,18.055707,101.92967,72
501158,บ้านห้วยหก,ทน.,19.543074,98.643656,135
501159,บ้านทาป่าเปา,ทน.,18.477644,99.190144,305
501160,บ้านห้วยเป้า,ทน.,19.568531,98.957338,89
501161,บ้านทุ่งบวกข้าว,ทน.,19.22131,99.199167,100
501162,บ้านแยง,ทน.,16.893437,100.79906,294
501164,บ้านห้วยน้ำไซ,ทน.,17.023547,100.934506,59
501166,บ้านไร่ใหม่,ทน.,15.230766,99.463888,30
501167,บ้านแม่ปะ,ทน.,18.955123,98.746881,59
501171,บ้านมอล่อง,ทน.,20.210905,99.63916,74
501172,บ้านโคกสว่าง,ทน.,17.658108,101.703269,42
501173,บ้านเกี๋ยงห้วยน่าน,ทน.,19.572217,100.035815,205
501174,บ้านนาฟองแดง,ทน.,17.258822,100.796417,26
501175,บ้านแม่ตืน,ทน.,18.013582,98.884889,114
501176,บ้านสบก๋าย,ทน.,19.234176,98.783192,30
501178,บ้านห้วยข่อยหล่อย,ทน.,20.195756,100.241329,32
501179,บ้านป่าไผ่,ทน.,17.877175,98.925711,204
501180,บ้านแม่ไคร้,ทน.,19.086008,98.679136,14
501181,บ้านแม่ป๋าม,ทน.,19.443453,99.02858,105
501182,บ้านนาตอน,ทน.,17.386596,100.757562,18
501183,บ้านศรีบุญเรือง,ทน.,20.181795,100.137431,75
501184,บ้านดอย,ทน.,20.131282,100.108672,175
501185,บ้านม้งเก้าหลัง,ทน.,20.34409,99.521129,92
501186,บ้านดงมะเฟือง,ทน.,19.763729,99.7144,195
501187,บ้านน้ำจวง,ทน.,17.438261,100.674917,33
501188,บ้านดงเจริญ,ทน.,19.778868,99.811669,92
501189,บ้านร้องธาร,ทน.,19.651796,99.145567,241
501190,บ้านปูนะ,ทน.,20.300714,99.677569,58
501191,บ้านแม่จ๋อง,ทน.,18.033867,98.954574,17
501192,บ้านโป่งนก,ทน.,18.807181,99.227606,116
501193,บ้านกองขากน้อย,ทน.,18.88874,98.68158,47
501194,บ้านใหม่สามัคคี,ทน.,19.51898,99.055452,83
501195,บ้านม่วงคำ,ทน.,20.004816,99.876113,309
501196,บ้านดงขนุน,ทน.,19.696695,99.663751,109
501197,บ้านผางาม,ทน.,19.869328,100.044407,176
501198,บ้านหนองบัว,ทน.,17.136536,101.641995,131
501199,บ้านก้อทุ่ง,ทน.,17.62713,98.78962,65
501200,บ้านแม่บอนใต้,ทน.,17.898316,99.090131,42
501201,บ้านนาน้อย,ทน.,16.818522,101.813689,45
501202,บ้านสวนปอ,ทน.,17.058641,101.66052,61
501203,บ้านห้วยลาด,ทน.,17.448555,101.417844,36
501204,บ้านโมคลา,ทน.,16.332194,101.189778,144
501205,บ้านผาเงิบ,ทน.,18.315978,98.918348,106
501206,บ้านเด่นไม้ซุง,ทน.,17.239535,99.249512,77
501207,บ้านต้นงุ้น,ทน.,18.928233,99.525717,33
501208,บ้านน้ำโจน,ทน.,17.17912,100.462738,40
501209,บ้านน้ำฮอก,ทน.,18.051848,100.153986,204
501210,บ้านปงแท่น,ทน.,18.359534,99.890464,13
501211,บ้านผาแดง,ทน.,19.210304,99.675235,47
501212,บ้านมุงเหนือ,ทน.,16.562786,100.692792,267
501213,บ้านแม่สุกใน,ทน.,19.16413,99.663787,66
501214,บ้านกิ่วลม,ทน.,18.138879,98.369169,145
501215,บ้านกกเต็น,ทน.,14.944708,99.594671,58
501217,บ้านครกหนานทา,ทน.,18.481138,100.409021,21
501218,บ้านแก่น,ทน.,17.932787,99.275337,59
501219,บ้านเขาขุยพัฒนา,ทน.,15.528146,100.843028,44
501220,บ้านไผ่ขวาง (บ้านเขาถ้ำพระ),ทน.,16.139596,101.055323,220
501221,บ้านคลองบน,ทน.,15.931117,100.829141,44
501222,บ้านเค็ม,ทน.,18.108142,99.789806,57
501224,บ้านช่างเคิ่ง,ทน.,18.09823,98.689093,58
501225,บ้านซับเจริญ,ทน.,15.848825,101.282011,28
501226,บ้านซับชมพู่,ทน.,15.917351,101.298972,46
501229,บ้านด่าน,ทน.,17.996171,99.509398,29
501230,บ้านแดนชุมพล,ทน.,18.367695,100.205709,192
501231,บ้านตาดน้ำพุ,ทน.,17.915225,102.318742,44
501232,บ้านท่อสมาน,ทน.,18.497578,100.208519,186
501235,บ้านทุ่งพล้อ,ทน.,17.541266,99.782301,242
501236,บ้านนกเขาเปล้า,ทน.,15.017018,100.793065,171
501237,บ้านนาเปรื่อง,ทน.,19.093463,101.15483,64
501238,บ้านน้ำดั้น,ทน.,19.187081,101.076902,20
501239,บ้านน้ำพุ,ทน.,16.790193,99.624121,123
501241,บ้านน้ำอ้อม,ทน.,15.805833,101.317528,35
501242,บ้านบ่อหอย,ทน.,18.502661,100.400493,28
501243,บ้านบึงหล่ม,ทน.,14.732977,99.707595,46
501244,บ้านปันเจน,ทน.,17.936096,99.582519,101
501245,บ้านป่ากล้วย,ทน.,18.223637,100.273272,362
501246,บ้านปางสุด,ทน.,15.850186,99.429506,58
501247,บ้านป่าแดง,ทน.,18.096946,100.200821,453
501248,บ้านโป่งแดง,ทน.,17.061694,99.271171,97
501249,บ้านผาราง,ทน.,18.316285,100.324273,159
501250,บ้านพญาวัง,ทน.,15.864996,100.848355,63
501252,บ้านแม่กึ๊ด,ทน.,18.093353,99.271891,74
501253,บ้านแม่เกี่ยม,ทน.,18.15379,99.824678,64
501254,บ้านแม่แคม,ทน.,18.133808,100.254701,64
501255,บ้านแม่เชียงรายบน,ทน.,17.361821,99.145232,75
501256,บ้านแม่สงเหนือ,ทน.,18.974856,99.586337,55
501258,บ้านแม่อิบ,ทน.,18.028741,99.55689,13
501260,บ้านลาดแคใต้,ทน.,16.035818,100.826486,78
501262,บ้านลำโชค,ทน.,17.449635,99.608639,52
501264,บ้านวังโตก,ทน.,17.086395,99.438507,48
501265,บ้านวังโป่ง,ทน.,19.097161,99.61846,138
501267,บ้านสมัยเหนือ,ทน.,17.904681,99.416002,73
501269,บ้านสุเม่นเหนือ,ทน.,17.731856,99.645754,165
501270,บ้านหนองเฒ่า,ทน.,16.942591,99.582388,45
501271,บ้านหนองปล้อง,ทน.,15.528482,101.337781,53
501272,บ้านหนองปลิง,ทน.,14.710845,99.759001,59
501273,บ้านหนองหล่ม,ทน.,18.336259,99.399912,189
501276,บ้านห้วยรวก,ทน.,14.666945,99.617884,52
501277,บ้านห้วยโรงนอก,ทน.,18.416457,100.479245,54
501278,บ้านห้วยเลา,ทน.,19.516668,100.630772,7
501279,บ้านห้วยสะแตง,ทน.,19.442399,100.893743,46
501280,บ้านห้วยหิน,ทน.,15.080861,100.965868,102
501281,บ้านแม่ตีบหลวง,ทน.,18.60431,100.037,86
501282,บ้านหัวพุ,ทน.,15.564188,100.705829,42
501283,บ้านแหน 2,ทน.,19.175511,100.77183,155
501284,บ้านใหม่เจริญผล,ทน.,16.755429,99.699664,139
501285,บ้านใหม่พัฒนา,ทน.,18.85746,99.50298,70
501286,บ้านใหม่สามัคคี,ทน.,17.284697,99.056294,49
501287,บ้านฮ่าง,ทน.,19.286858,99.63232,90
501288,บ้านดงลาน,ทน.,17.277752,99.137413,48
501290,บ้านทุ่งขาม,ทน.,18.243647,99.316658,125
501291,บ้านนางิ้ว,ทน.,18.133777,102.133588,69
501292,บ้านนายาบ,ทน.,18.143931,99.713698,32
501293,บ้านปงป่าป๋อ,ทน.,18.130482,99.207081,112
501295,บ้านม่วง,ทน.,18.175632,102.169178,111
501296,บ้านยางโองนอก,ทน.,17.15904,99.148994,71
501297,บ้านสบเติ๋น,ทน.,18.270178,99.790215,36
501298,บ้านสบป้าด,ทน.,18.250954,99.763794,45
501299,บ้านหนองเชียงคา,ทน.,17.345768,99.050204,81
501300,บ้านนุชเทียน,ทน.,17.664656,100.923659,24
501301,บ้านหล่ายทุ่ง,ทน.,18.396999,99.352307,85
501302,บ้านห้วยก้อด,ทน.,19.036747,99.61032,99
501303,บ้านห้วยเลา,ทน.,18.33723,100.95749,13
501304,บ้านไร่ท่าตะกู,ทน.,16.950079,99.040781,32
501306,บ้านห้วยบงใหม่,ทน.,16.879872,98.57829,167
501308,บ้านห้วยหินฝน,ทน.,16.762068,98.644521,102
501310,บ้านตลุกป่าตาล,ทน.,16.985977,99.273449,48
501312,บ้านหนองชะลาบ,ทน.,17.001791,99.101539,117
501313,บ้านไทยสามัคคี,ทน.,16.791076,98.595603,324
501314,บ้านหนองนกปีกกา,ทน.,17.130709,99.250871,83
501315,บ้านปากห้วยแม่ปะ,ทน.,16.760177,98.526575,92
501317,บ้านผาลาด,ทน.,16.627004,98.6033,248
501320,บ้านรวมไทยพัฒนาที่ 8,ทน.,16.435125,98.820199,56
501321,บ้านซำผาก้าม,ทน.,18.101506,101.058516,15
501322,บ้านห้วยยาง,ทน.,18.332382,101.108812,15
501324,บ้านแม่เตี๊ยะใต้,ทน.,18.393421,98.651069,105
501325,บ้านแม่หอย,ทน.,18.485818,98.668225,198
501327,บ้านแม่ฮวก,ทน.,18.19809,99.329531,90
501328,บ้านขุนน้ำคับ,ทน.,17.39288,100.705015,30
501329,บ้านปางส้าน,ทน.,19.431711,100.604248,36
501330,บ้านยอด,ทน.,19.393346,100.578984,39
501331,บ้านภูคำ,ทน.,19.483998,100.859708,26
501332,บ้านน้ำเลียง,ทน.,19.565184,100.92158,55
501334,บ้านหนองสองห้อง,ทน.,14.45968,101.037522,63
501335,บ้านวังไทรทองเหนือ,ทน.,16.375355,100.869106,62
501337,บ้านป่ากว้าว,ทน.,19.636803,99.481229,238
501338,บ้านแม่ทาย,ทน.,19.266739,100.315912,40
501339,บ้านแสะ,ทน.,19.155619,100.307051,88
501340,บ้านดงลึก,ทน.,16.284535,100.811791,113
501341,บ้านห้วยทราย,ทน.,19.163533,99.345069,15
501342,บ้านร้อง,ทน.,19.162868,99.519914,123
501344,บ้านนาเคียน,ทน.,18.628265,100.805084,69
501345,บ้านแม่ทะลาย,ทน.,19.257606,100.19168,48
501346,บ้านแม่วังช้าง,ทน.,19.281614,100.224559,44
501347,บ้านหัวถนน,ทน.,16.086102,100.867742,48
501348,บ้านผาลาด,ทน.,18.241118,99.596513,216
501349,บ้านแม่ปะแพะ,ทน.,17.636333,99.269444,82
501350,บ้านนาริน,ทน.,17.57444,99.07966,26
501351,บ้านดอนแก้ว,ทน.,19.503679,99.951998,136
501352,บ้านแม่แก้วเหนือ,ทน.,19.661275,99.836315,154
501353,บ้านนาเหลืองใน,ทน.,18.674678,100.822485,52
501355,บ้านชื่น,ทน.,18.680542,100.653676,37
501356,บ้านทุ่งผง,ทน.,18.65339,100.684398,65
501357,บ้านสักพัฒนา,ทน.,19.526861,100.09632,217
501358,บ้านสันทราย,ทน.,19.475586,100.094297,180
501359,บ้านต้นต้อง,ทน.,18.338258,99.566892,191
501360,บ้านท่าอุดม,ทน.,17.680154,99.312242,54
501362,บ้านปางกุ่ม,ทน.,17.707512,99.366176,35
501365,บ้านแม่อ้อใน,ทน.,19.691333,99.864234,101
501366,บ้านห้วยหลอด,ทน.,18.552787,100.544911,34
501367,บ้านชมพู,ทน.,18.514876,100.596832,25
501368,บ้านน้ำใส,ทน.,18.815276,100.859333,87
501369,บ้านสันป่าสัก,ทน.,19.102662,99.828468,93
501370,บ้านแม่จว้าเหนือ,ทน.,19.311295,99.793459,157
501371,บ้านกุ่มเนิ้งใต้,ทน.,17.598383,99.338439,37
501372,บ้านโทกหัวช้าง,ทน.,18.243056,99.517377,225
501373,บ้านแม่แก่ง,ทน.,17.700725,99.163618,33
501374,บ้านห้วยน้ำเค็ม,ทน.,18.385754,99.615819,298
501376,บ้านสันหลวง,ทน.,19.843855,100.131967,215
501379,บ้านน้ำแนะ,ทน.,18.646266,101.063551,18
501380,บ้านห้วยหม้อ,ทน.,19.142337,99.811332,86
501381,บ้านร่องคำดง,ทน.,19.081134,99.868178,113
501382,บ้านดงสะคร่าน,ทน.,16.730264,101.793881,40
501383,บ้านหัวดอย,ทน.,19.832616,99.880217,272
501384,บ้านดอนมูล,ทน.,18.16671,100.635727,53
501389,บ้านห้วยคำ,ทน.,18.789658,100.91363,25
501390,บ้านกลาง,ทน.,16.37945,101.79831,48
501391,บ้านดง,ทน.,19.237626,100.042442,161
501392,บ้านนาข่า,ทน.,17.522128,101.178313,20
501393,บ้านนาปอ,ทน.,17.470911,100.92317,14
501394,บ้านเขานมนาง,ทน.,14.906886,101.413813,69
501395,บ้านกุดจิก,ทน.,16.142753,101.850658,76
501396,บ้านโนนเขวา,ทน.,16.321607,101.869929,108
501397,บ้านโนนงิ้ว,ทน.,16.227029,101.909718,142
501398,บ้านขวากใต้,ทน.,20.047164,100.504801,170
501400,บ้านใหม่ราษฎร์บำรุง,ทน.,19.173881,100.071112,122
501401,บ้านถ้ำจอมศีล,ทน.,19.081433,100.072303,371
501402,บ้านป่าข้าวหลาม,ทน.,17.420205,101.625283,43
501406,บ้านม่วงชุม,ทน.,20.101241,100.404096,155
501407,บ้านต๊ำใน,ทน.,19.242104,99.758512,41
501408,บ้านแม่กาไร่เดียว,ทน.,18.985695,99.906155,77
501409,บ้านแก่วตาว,ทน.,17.429961,101.137098,35
501410,บ้านหัวนา,ทน.,17.489319,100.996,26
501412,บ้านป่าแดง,ทน.,19.938061,100.314045,502
501413,บ้านตุ้มเหนือ,ทน.,19.248309,99.811842,82
501414,บ้านลาดเรือ,ทน.,17.458886,100.787504,36
501415,บ้านห้วยทอง,ทน.,17.256431,101.288375,23
501416,บ้านตูบค้อ,ทน.,17.08437,101.063954,49
501417,บ้านเจดีย์,ทน.,19.852784,100.272357,311
501418,บ้านทุ่งโห้ง,ทน.,19.7125,100.23683,200
501419,บ้านห้วยลาด,ทน.,16.95588,101.503643,27
501420,บ้านวังเวินพัฒนา,ทน.,17.023781,101.372247,84
501421,บ้านหนองมะค่า,ทน.,17.014068,99.396445,66
501422,บ้านโพนทอง,ทน.,17.830728,101.976958,62
501423,บ้านวังผา,ทน.,17.773956,101.977476,49
501426,บ้านทุ่งฮ้าง,ทน.,18.88286,99.670438,44
501427,บ้านแม่ช่อฟ้า,ทน.,18.863594,99.730043,21
501428,บ้านฟองใต้,ทน.,16.844283,101.687272,36
501429,บ้านวังยาว,ทน.,16.749439,101.438423,55
501431,บ้านห้วยแหน,ทน.,16.482075,101.305106,122
501432,บ้านนาเดา,ทน.,18.014434,99.201135,119
501433,บ้านน้ำหิน,ทน.,18.294692,100.721618,80
501434,บ้านหัวทุ่ง,ทน.,18.201603,100.671618,110
501436,บ้านหนองบัว,ทน.,17.447872,101.359649,247
501437,บ้านปี้,ทน.,19.672385,100.22528,166
501438,บ้านห้วยทรายคำ,ทน.,19.205618,99.820412,116
501440,บ้านห้วยท่าง,ทน.,19.222772,100.916784,161
501441,บ้านซับปลากั้ง,ทน.,14.941044,101.375958,32
501443,บ้านเลยวังไสย์,ทน.,17.056282,101.518405,48
501444,บ้านโคกหนองแห้ว,ทน.,17.065404,101.546689,42
501445,บ้านกกเชียง,ทน.,14.927231,99.50882,36
501446,บ้านศรีบุญเรือง,ทน.,18.826529,99.576168,61
501448,บ้านห้วยหินลับ,ทน.,16.878488,101.634185,19
501449,บ้านห้วยทรายคำ,ทน.,17.660049,101.643454,61
501451,บ้านซำม่วง,ทน.,16.91873,101.585674,34
501454,บ้านต้นปล้อง,ทน.,19.99,100.332558,231
501456,บ้านงิ้วงาม,ทน.,18.551374,100.011349,44
501457,บ้านสำนักตูมกา,ทน.,15.865841,101.593516,26
501458,บ้านขุนแหง,ทน.,18.845999,99.998732,28
501459,บ้านทาทุ่งหลวง,ทน.,18.421024,99.009942,269
501460,บ้านใหม่พัฒนา,ทน.,17.944352,101.970657,71
501461,บ้านหาดไร่,ทน.,18.563037,100.925618,66
501462,บ้านแม่ฮี้,ทน.,19.343015,98.449946,83
501463,บ้านท่าเดื่อ,ทน.,14.872319,99.568946,57
501465,บ้านปางอุ๋ง,ทน.,18.793556,98.115298,84
501466,บ้านแม่ซา,ทน.,18.81566,98.332543,35
501467,บ้านแม่มุ,ทน.,18.727767,98.400738,19
501469,บ้านห้วยสะแพด,ทน.,18.188109,98.701759,48
501472,บ้านแม่แอบ,ทน.,18.262339,98.168379,26
501473,บ้านสบลอง,ทน.,18.394921,98.278018,25
501474,บ้านนากลาง,ทน.,18.752393,98.261339,18
501475,บ้านสบแม่สะต๊อบ,ทน.,18.700775,98.250846,21
501476,บ้านกองซาง,ทน.,17.734803,98.357131,35
501477,บ้านตีนตก,ทน.,18.066294,98.490107,26
501478,บ้านแม่ทัง,ทน.,18.155676,98.604793,168
501479,บ้านแม่งาวใต้,ทน.,18.970813,99.810119,30
501480,บ้านกอรวก,ทน.,18.413712,99.863362,17
501481,บ้านทาน,ทน.,18.450258,99.945049,19
501482,บ้านคะแนง,ทน.,19.429061,100.470117,47
501483,บ้านแม่กาห้วยเคียน,ทน.,19.044236,99.929535,281
501484,บ้านห้วยคอกหมู,ทน.,19.216015,100.255061,44
501486,บ้านผาลาด,ทน.,19.650059,100.2992,82
501487,บ้านหัวดง,ทน.,19.679375,100.268101,270
501488,บ้านดอยฮางใน,ทน.,19.914137,99.737655,36
501490,บ้านแม่โมงเย้า,ทน.,19.95186,99.456116,20
501492,บ้านประตูเมือง,ทน.,18.809018,97.848674,9
501494,บ้านเทพประทับ,ทน.,18.016101,102.154062,51
501496,บ้านโคกสะอาด,ทน.,15.675843,101.473081,48
501497,บ้านท่าปุยตก,ทน.,17.238224,99.021362,141
501498,บ้านวังอ้ายโพธิ์,ทน.,15.596487,101.459107,46
501499,บ้านเทพพนา,ทน.,15.681306,101.41098,40
501500,บ้านท่าหินโงม,ทน.,16.057943,102.032975,68
501501,บ้านซับพลู,ทน.,15.200306,101.468902,56
501502,บ้านหนองไข่น้ำ,ทน.,14.829646,101.450214,54
501505,บ้านสระน้ำใส,ทน.,14.550237,101.505542,58
501506,บ้านหนองยาง,ทน.,14.607045,101.207572,142
501507,บ้านซับใต้,ทน.,14.542774,101.243758,44
501508,บ้านไทรงาม,ทน.,14.636177,101.508056,108
501509,บ้านคลองเดื่อ,ทน.,14.514054,101.442372,99
501510,บ้านเหวปลากั้ง,ทน.,14.55014,101.313189,81
501511,บ้านไทรงาม,ทน.,14.621957,101.72213,42
501512,บ้านซับกระสังข์,ทน.,15.046621,101.445704,39
501513,บ้านเกษนาค้อ,ทน.,14.584122,104.249948,108
501514,บ้านไพรพัฒนา,ทน.,14.468717,104.068436,165
501515,บ้านศรีเมือง,ทน.,14.476917,104.988447,316
501516,บ้านห้วยเม้ง,ทน.,17.584753,100.491884,54
501517,บ้านห้วยโป่ง,ทน.,17.768476,100.881819,13
501520,บ้านแม่สิน,ทน.,17.802291,99.857683,57
501521,บ้านแม่กระต๋อม,ทน.,17.789991,99.478629,116
501522,บ้านป่าคา,ทน.,17.822465,99.551282,74
501525,บ้านก่อก๋วง,ทน.,19.181045,101.120537,21
501526,บ้านดอนทราย,ทน.,18.783243,99.259893,223
501527,บ้านตีนตก,ทน.,19.144361,100.945172,277
501528,บ้านหนองหมื่นชัย,ทน.,17.368487,99.596077,103
501529,บ้านมนต์คีรี,ทน.,16.966364,99.694937,72
501530,บ้านปากคะยาง,ทน.,17.469324,99.650859,115
501531,บ้านวังขอนงุ้น,ทน.,17.639785,99.68218,50
501532,บ้านขุนน้ำพริก,ทน.,19.332737,100.672612,15
501534,บ้านห้วยสีเสียด,ทน.,17.534065,101.646177,50
501535,บ้านจำวาย,ทน.,18.331959,100.436023,37
501536,บ้านดงสุระ,ทน.,17.999057,100.0974,431
501538,บ้านเทอดชาติ,ทน.,17.61824,100.884014,42
501539,บ้านทุ่งจ้อ,ทน.,19.149117,98.640288,9
501540,บ้านห้วยส้าน,ทน.,19.443176,99.171023,92
501541,บ้านน้ำชุน,ทน.,16.759858,101.167249,333
501543,บ้านม่วงเครือ,ทน.,19.646861,98.642664,230
501544,บ้านบุ่งผำ,ทน.,17.438095,100.837086,34
501545,บ้านปางเกลือ,ทน.,17.637974,100.550941,49
501547,บ้านแม่หล่วง,ทน.,18.319025,99.86979,16
501549,บ้านพร้าว,ทน.,17.124356,100.775528,213
501550,บ้านหนองบัวคำ,ทน.,19.891524,100.174247,100
501552,บ้านพุม่วง,ทน.,15.015938,100.863294,73
501554,บ้านซับสมบูรณ์,ทน.,15.566287,100.778566,38
501555,บ้านห้วยขวาก,ทน.,19.347972,101.14245,27
501556,บ้านวังท่าดี,ทน.,15.999677,101.209693,94
501558,บ้านน้ำแคะ,ทน.,19.271172,101.211957,15
501559,บ้านกอก,ทน.,19.262329,101.055668,23
501560,บ้านห้วยเอียด,ทน.,18.284968,100.417124,51
501561,บ้านท่าฟ้าเหนือ,ทน.,19.015725,100.287363,70
501562,บ้านทาทุ่งไผ่,ทน.,18.528099,99.234264,196
501563,บ้านสามพวง 1,ทน.,16.79757,99.787305,147
501564,บ้านแสนขัน,ทน.,17.46083,100.346926,276
501565,บ้านแม่นาจร,ทน.,18.684451,98.376045,86
501568,บ้านกุฏิพระ,ทน.,16.158007,100.817123,124
501570,บ้านผาละปิ,ทน.,18.802806,98.230744,26
501571,บ้านนาฮ่อง,ทน.,18.678816,98.342505,71
501572,บ้านร่องกล้า,ทน.,16.980447,101.025851,56
501573,บ้านห้วยปูด,ทน.,19.203774,100.997196,32
501574,บ้านหนองแห้ว,ทน.,17.791067,100.748942,94
501576,บ้านห้วยโป้,ทน.,17.728371,99.714987,79
501577,บ้านริมอิง,ทน.,19.613914,100.183984,112
501578,บ้านแก่งหิน,ทน.,16.896385,99.335101,80
501579,บ้านหนองขาหย่าง,ทน.,17.231528,100.493167,52
501580,บ้านหลังเขา,ทน.,17.010981,100.664648,45
501581,บ้านห้วยทรายเหนือ,ทน.,16.868553,100.977428,44
501582,บ้านศรีวังมูล,ทน.,19.809141,99.757824,452
501583,บ้านใหม่ปางเติม,ทน.,18.614812,98.767551,222
501584,บ้านแม่รากกลาง,ทน.,17.584356,99.810257,215
502715,บ้านแม่แดดน้อย,ทน.,18.964641,98.415808,13
502734,บ้านวังดิน,ทน.,17.801474,98.947044,455
502739,บ้านมอเสือดุ,ทน.,16.557149,99.364643,47
502740,บ้านแม่ตะละม้ง,ทน.,18.934595,98.455287,46
502743,บ้านร่มไทย,ทน.,20.06332,99.360469,714
502884,บ้านผาสิงห์,ทน.,18.892062,100.750934,84
502885,บ้านสะเนียน,ทน.,18.814657,100.701851,213
502992,บ้านต้าม,ทน.,18.717311,100.626146,57
503032,บ้านผาลั้ง,ทน.,19.928852,99.569317,14
503103,บ้านม่วงเจริญราษฎร์,ทน.,18.738199,100.683482,106
503119,บ้านขุนแม่รวม,ทน.,18.915711,98.19744,23
505,รพสต.หมอเมือง,สสน.,18.67822,100.9928,104
506,สนามกีฬา อบต.ป่าคาหลวง,สสน.,18.85289,100.43501,168
508,อบต.ไชยวัฒนา,สสน.,19.22249,100.91779,161
51,ที่ทำการกำนันตำบลลาดชิด,สสน.,14.44142,100.35564,309
510,ท่าวังผา,สสน.,19.09611,100.80258,553
512,เวียงสา,สสน.,18.54992,100.76151,328
515,ที่ว่าการอำเภอทุ่งช้าง,สสน.,19.38663,100.87583,210
516207,รร.ภูคาวิทยาคม,พพภ,19.228039,101.06262,21
516208,อุทยานแห่งชาติดอยภูคา,พพภ,19.20395,101.07764,19
516209,รร.พนาสวรรค์,พพภ,19.1798,101.04178,21
516211,จุดชมวิว 1715,พพภ,19.174852,101.10615,21
516212,บ้านผาเวียง,พพภ,19.159258,101.02896,23
516213,ลำน้ำกูน,พพภ,19.148926,100.94644,277
516214,รร.บ้านปางยาง,พพภ,19.1356,100.9964,27
516215,อ่างเก็บน้ำห้วยยาง,พพภ,18.94491,100.95525,40
516216,สะพานน้ำมวบ (บ้านภูแยง),พพภ,18.924017,100.92668,259
516217,รร.บ้านปางช้าง,พพภ,18.89351,101.02293,46
516218,บ้านตอง,พพภ,18.846567,101.028946,56
517,สนามกีฬา ทต.บ่อแก้ว,สสน.,18.21042,100.66244,85
519,ทต.บ่อเกลือใต้,สสน.,19.07989,101.15386,87
520,วัดบ้านดงผาปูน,สสน.,19.07307,101.19879,15
522,ภูเพียง,สสน.,18.85971,100.8171,152
523,เมืองน่าน,สสน.,18.73796,100.75609,537
524,อบต.ห้วยโก๋น,สสน.,19.59513,101.08574,132
525,อบต.แม่ใส,สสน.,19.13212,99.8765,158
526,ท้ายกว๊านพะเยา,สสน.,19.15985,99.91412,942
528,ทต.ห้วยข้าวก่ำ,สสน.,19.35007,100.1395,266
528735,โทรมาตรสนข.พระนคร (ต.วัดสามพระยา อ.พระนคร),,13.7649,100.49872,17157
528739,โทรมาตรสนข.สาทร (ต.ทุ่งวัดดอน อ.สาทร),,13.70821,100.52641,25768
528742,โทรมาตรสนข.ปทุมวัน (ต.วังใหม่ อ.ปทุมวัน),,13.74493,100.5222,18035
528743,โทรมาตรสนข.ดุสิต (ต.ดุสิต อ.ดุสิต),,13.77693,100.52032,13435
528744,โทรมาตรสนข.บางซื่อ (ต.บางซื่อ อ.บางซื่อ),,13.80973,100.53723,16132
528745,โทรมาตรสนข.พญาไท (ต.สามเสนใน อ.พญาไท),,13.78003,100.54287,18110
528753,โทรมาตรสนข.ราชเทวี (ต.ทุ่งพญาไท อ.ราชเทวี),,13.75917,100.53405,20341
528767,โทรมาตรสนข.ธนบุรี (ต.บางยี่เรือ อ.ธนบุรี),,13.72497,100.48558,23649
528768,โทรมาตรสนข.คลองสาน (ต.คลองสาน อ.คลองสาน),,13.73044,100.50947,18016
528769,โทรมาตรสนข.บางกอกน้อย (ต.ศิริราช อ.บางกอกน้อย),,13.77078,100.46806,17227
528771,โทรมาตรสนข.บางพลัด (ต.บางอ้อ อ.บางพลัด),,13.79429,100.50479,14559
528797,โทรมาตรส.คลองบางเขนใหม่ (ต.บางซื่อ อ.บางซื่อ),,13.81729,100.5105,11462
528814,โทรมาตรส.พระราม 4 (ต.คลองเตย อ.คลองเตย),,13.7087,100.55457,16236
528818,โทรมาตรส.วัดไทร (ต.บางโคล่ อ.บางคอแหลม),,13.68653,100.51643,16423
528844,โทรมาตรจุดวัด ค.บางเชือกหนัง-ถ.พุทธมณฑลสาย 1 (ต.คลองขวาง อ.ภาษีเจริญ),,13.74223,100.42765,6598
528849,โทรมาตรจุดวัด ค.สนามชัย-ค.บางขุนเทียน (ต.บางขุนเทียน อ.จอมทอง),,13.70123,100.46491,11188
528858,โทรมาตรส.คลองบางไส้ไก่ (ต.สำเหร่ อ.ธนบุรี),,13.70692,100.49737,18659
528860,โทรมาตรจุดวัด ค.บางเชือกหนัง-วัดปากน้ำฝั่งใต้ (ต.บางแวก อ.ภาษีเจริญ),,13.74357,100.45954,15068
529,ทต.หย่วน,สสน.,19.52467,100.30102,795
529399,สะพานลำน้ำยาม,พพภ,17.594904,103.969406,412
530,ทต.เชียงม่วน,สสน.,18.8938,100.28783,124
537,เมืองเชียงราย,สสน.,19.82637,99.77892,404
538,ทต.สิริเวียงชัย,สสน.,19.86749,99.89004,481
539,ทต.เวียง,สสน.,20.25734,100.40289,712
54,คลองพระยาบรรลือ,สสน.,14.16476,100.30725,411
542,เทิง,สสน.,19.68822,100.18758,743
543,สุสานคริสเตียน,สสน.,19.56152,99.74109,1022
544,ทต.ป่าแดด,สสน.,19.49596,99.99529,491
545,แม่จัน,สสน.,20.15754,99.85966,1192
547,เชียงแสน,สสน.,20.2197,100.12121,196
548,ทต.โยนก,สสน.,20.24011,100.06739,103
550,แม่สรวย,สสน.,19.65265,99.5379,615
554,ทต.พญาเม็งราย,สสน.,19.8392,100.16924,272
555,ทต.หล่ายงาว,สสน.,20.10587,100.50048,245
556,ทต.ยางฮอม,สสน.,19.92229,100.30565,384
558,ทต.ดงมะดะ,สสน.,19.74717,99.68352,206
558587,บ้านสร้างหอม อ.บุณฑริก,กฟผ.,14.575683,105.36185,109
558591,ท้ายฝายลำเซบก บ้านหนองเป็ด,กฟผ.,15.417083,105.0601,123
558592,วัดนาเลิน อ.ศรีเมืองใหม่,กฟผ.,15.6045,105.371567,78
558593,วัดสว่างดงเย็น อ.โขงเจียม,กฟผ.,15.351833,105.37455,78
558651,เขื่อนจุฬาภรณ์,กฟผ.,16.535683,101.644386,41
558652,อุทยานแห่งชาติน้ำหนาว,กฟผ.,16.738939,101.569736,20
558653,เขื่อนห้วยกุ่ม,กฟผ.,16.410511,101.792984,17
558654,น้ำพรม บ้านกุดเลาะ,กฟผ.,16.293755,101.904798,172
558655,น้ำเชิญ (ท้ายจุดบบรจบน้ำเชิญ-น้ำสุ),กฟผ.,16.639776,101.789757,50
558658,เขื่อนน้ำพุง บ้านคำเพิ่ม,กฟผ.,16.97249,103.983376,69
558659,บ้านโนนสำราญ,กฟผ.,16.935,103.904,61
558661,วัดศิริมังคละเต่างอย,กฟผ.,16.994,104.172,298
560,เมืองแม่ฮ่องสอน,สสน.,19.36703,97.96665,79
562,บ้านสันติชล,สสน.,19.37003,98.3931,26
562795,ที่ว่าการอำเภอเบตง จ.ยะลา,กฟผ.,5.773046,101.060712,1168
562796,สะพานบ้าน กม.29 อ.เบตง จ.ยะลา,กฟผ.,5.920578,101.182086,73
562797,วัดคอกช้าง อ.ธารโต จ.ยะลา,กฟผ.,6.045787,101.160038,64
562798,โครงการจุฬาภรณ์พัฒนา 7 อ.ธารโต จ.ยะลา,กฟผ.,6.063376,101.364834,9
562799,สะพานท้ายเขื่อนบางลาง อ.บันนังสตา จ.ยะลา,กฟผ.,6.160477,101.276104,208
562800,สะพานหัวสะพาน อ.บันนังสตา จ.ยะลา,กฟผ.,6.262132,101.268237,723
562802,อาคารสูบน้ำดิบ กปภ. อ.ยะหา จ.ยะลา,กฟผ.,6.47481,101.139521,603
562803,สะพานเมืองปัตตานี อ.เมือง จ.ปัตตานี,กฟผ.,6.859914,101.251309,3720
562804,ฝายละแอ อ.บันนังสตา จ.ยะลา,กฟผ.,6.143055,101.309167,27
563,ปาย,สสน.,19.37381,98.43967,125
567,อบต.ปางมะผ้า,สสน.,19.59061,98.215,18
568,สะพานเดชาติวงศ์,สสน.,15.68849,100.12381,1917
57,เสนา,สสน.,14.31976,100.37952,905
570949,หน่วยศึกษาการพัฒนาการอนุรักษ์ต้นน้ำปิงส่วนที่ 2 จังหวัดเชียงใหม่,พพภ,18.875978,98.79428,71
570950,หน่วยจัดการต้นน้ำและพัฒนาชุมชนในพื้นที่ป่าอนุรักษ์แม่สา,พพภ,18.900038,98.84829,122
570951,หน่วยจัดการต้นน้ำและพัฒนาชุมชนในพื้นที่ป่าอนุรักษ์ห้วยป่าเลา,พพภ,18.836586,98.78661,50
571,ทต.โกรกพระ,สสน.,15.55312,100.0709,451
573,ชุมแสง,สสน.,15.86923,100.26481,386
574,ทต.หนองบัว,สสน.,15.87077,100.59734,844
575,อบต.บางตาหงาย,สสน.,15.93713,99.99173,397
575566,ปตร.วัดบางกระเจ้านอก,สสน.,13.689612,100.554886,9362
575567,ปตร. คลองลัดบางยอ 1,สสน.,13.676162,100.553085,9319
575571,ปตร. คลองแพ,สสน.,13.694974,100.58231,11027
575572,ตลาดน้ำบางน้ำผึ้ง,สสน.,13.678656,100.57356,4930
577,เก้าเลี้ยว,สสน.,15.85051,100.05206,144
578,อบต.ตาคลี,สสน.,15.29119,100.38288,170
58,เมืองอ่างทอง,สสน.,14.5765,100.44852,1038
581,ทต.ท่าตะโก,สสน.,15.63248,100.47483,417
582,ทต.ไพศาลี,สสน.,15.60012,100.6572,440
583,อบต.เขาทอง,สสน.,15.5707,100.18319,284
584,พยุหะคีรี,สสน.,15.42655,100.13471,410
587,คลองกลาง,สสน.,15.7832,99.65321,86
588,อบต.ตากฟ้า,สสน.,15.2965,100.50282,67
589,อบต.แม่วงก์,สสน.,15.78101,99.54588,69
59,อบต.บ้านพราน,สสน.,14.70217,100.29819,179
592,สะพานแม่เล่ย์,สสน.,15.84175,99.41808,70
593,หน่วยพิทักษ์ อช.แม่วงก์ที่ 4 (แม่เรวา),สสน.,15.9125,99.32747,45
595,เมืองอุทัยธานี,สสน.,15.35869,100.05164,308
595066,ที่ทำการอุทยานแห่งชาติออบขาน,พพภ,18.72412,98.82089,46
595067,หน่วยจัดการต้นน้ำและพัฒนาชุมชนในพื้นที่ป่าอนุรักษ์แม่ลาน,พพภ,18.773909,98.69296,19
595068,หน่วยป้องกันรักษาป่าที่ ชม. ๑๓ (สันป่าตอง),พพภ,18.632383,98.70691,36
595070,หน่วยจัดการต้นน้ำและพัฒนาชุมชนในพื้นที่ป่าอนุรักษ์บ่อแก้ว,พพภ,18.86068,98.51469,20
595071,สะพานน้ำแม่สา,พพภ,18.885838,98.826904,262
595072,สะพานห้วยแม่ตาช้าง,พพภ,18.771976,98.862595,108
597,ทต.ทัพทัน,สสน.,15.45764,99.89484,575
599,ทต.สว่างอารมณ์,สสน.,15.58538,99.86514,545
600,ทต.หนองฉาง,สสน.,15.38896,99.84505,834
602,ทต.หนองขาหย่าง,สสน.,15.36227,99.93845,203
603,ศูนย์อปพร. อบต.บ้านไร่,สสน.,15.08265,99.51935,240
604,อบต.ลานสัก,สสน.,15.47279,99.53976,403
606,อบต.ห้วยคต,สสน.,15.30362,99.60969,67
608,ชุมชนหนองปิ้งไก่,สสน.,16.4348,99.36729,130
609,เมืองกำแพงเพชร (P7A),สสน.,16.47816,99.51866,2935
61,เมืองลพบุรี,สสน.,14.76049,100.5996,426
610,สะพานลานดอกไม้,สสน.,16.6282,99.43257,371
611,ท่อทองแดง1,สสน.,16.49714,99.51958,1142
613,อบต.หนองไม้กอง,สสน.,16.43571,99.94509,109
614,ทต.คลองลานพัฒนา,สสน.,16.12253,99.32932,607
616,ขาณุวรลักษบุรี,สสน.,16.06475,99.8603,847
617,อบต.สลกบาตร,สสน.,15.97907,99.82462,622
618,สะพานแม่วงก์,สสน.,15.90176,99.4704,233
619,สะพานต้นน้ำ (เกาะแก้ว-ตลิ่งสูง),สสน.,15.91465,99.4194,119
62,อบต.ท่ามะนาว,สสน.,15.19934,101.16389,203
620,อบต.คลองขลุง,สสน.,16.20864,99.70895,728
621,ทต.พรานกระต่าย,สสน.,16.65376,99.57577,592
622,อบต.ลานกระบือ,สสน.,16.61806,99.88005,343
623,ทต.ทุ่งทราย,สสน.,16.29505,99.80898,208
625,อบจ.ตาก,สสน.,16.87779,99.13964,1422
628,บ้านตาก,สสน.,17.04066,99.06628,696
629,ศูนย์ดูแลผู้สูงอายุ ทต.สามเงา,สสน.,17.22486,99.05115,173
630,สามเงา,สสน.,17.26053,99.07797,75
632,รร.แม่อมกิ,สสน.,17.75395,97.96277,27
633,วัดวังตะเคียน,สสน.,16.71145,98.50671,499
634988,หน่วยจัดการต้นน้ำและพัฒนาชุมชนในพื้นที่ป่าอนุรักษ์ดอยตุง,พพภ,20.323673,99.78444,56
635,พิพิธภัณฑ์ธรรมชาติบ้านห้วยปลาหลด,สสน.,16.783789,98.89485,21
636,อบต.พบพระ,สสน.,16.41632,98.68712,200
638,เมืองตาก,สสน.,16.78657,99.18398,143
638729,หน่วยจัดการต้นน้ำและพัฒนาชุมชนในพื้นที่ป่าอนุรักษ์แม่เผอะ (อ่างขาง),พพภ,19.89535,99.04919,72
638730,หน่วยศึกษาการพัฒนาการอนุรักษ์ต้นน้ำผาเวียง,พพภ,17.730116,99.574196,33
638731,หน่วยพิทักษ์อุทยานแห่งชาติ ที่ สก. 2 (ภูลังกา),พพภ,19.393639,100.45062,22
638732,หน่วยศึกษาการพัฒนาการอนุรักษ์ต้นน้ำแม่สาน (หน่วยย่อย),พพภ,17.653162,99.604034,27
638733,ที่ทำการเขตรักษาพันธุ์สัตว์ป่าถ้ำเจ้าราม,พพภ,17.24367,99.486084,34
638734,คลองแม่รำพัน 1,พพภ,17.050436,99.664345,150
638735,หน่วยพิทักษ์อุทยานแห่งชาติที่ รค.๒ (คลองสวน),พพภ,17.026957,99.62328,104
638736,ยอดเขาหลวง (อุทยานแห่งชาติรามคำแหง),พพภ,16.8775,99.6929,30
64,อบต.หนองมะค่า,สสน.,15.4321,100.9245,112
642,ทต.บ้านโตนด,สสน.,16.83377,99.80269,614
642737,หน่วยพิทักษ์อุทยานฯ ที่ ดป.๔ (โครงการบ้านเล็กฯ),พพภ,20.080585,99.181145,37
642738,หน่วยจัดการต้นน้ำและพัฒนาชุมชนในพื้นที่ป่าอนุรักษ์ขุนแม่กก,พพภ,20.07733,99.2536,76
642739,หน่วยจัดการต้นน้ำและพัฒนาชุมชนในพื้นที่ป่าอนุรักษ์ดอยผาหลวง,พพภ,20.015764,99.161194,39
642740,สะพานห้วยแม่สาว,พพภ,20.014154,99.26691,438
642741,ที่ทำการอุทยานแห่งชาติดอยผ้าห่มปก,พพภ,19.968569,99.15381,83
642743,โครงการพัฒนาราษฎรชาวไทยภูเขา ฯ บ้านปางคอง,พพภ,19.772844,98.04208,10
642744,หน่วยจัดการต้นน้ำและพัฒนาชุมชนในพื้นที่ป่าอนุรักษ์ดอยถ้วย,พพภ,19.692413,98.80144,53
642745,หน่วยจัดการต้นน้ำและพัฒนาชุมชนในพื้นที่ป่าอนุรักษ์แม่ทะลบหลวง,พพภ,19.686743,99.22051,51
642746,สถานีพัฒนาการเกษตรที่สูง ฯ ภูพยัคฆ์,พพภ,19.504732,101.213745,60
642747,หน่วยจัดการต้นน้ำและพัฒนาชุมชนในพื้นที่ป่าอนุรักษ์แม่พริก (หน่วยย่อย ปางหลวง),พพภ,19.48251,99.586685,23
642748,หน่วยจัดการต้นน้ำและพัฒนาชุมชนในพื้นที่ป่าอนุรักษ์ขุนน้ำพริก,พพภ,19.457697,100.65635,22
642750,สะพานแม่น้ำน่าน บ้านเปียงก่อ,พพภ,19.432049,101.15271,56
642751,หน่วยจัดการต้นน้ำและพัฒนาชุมชนในพื้นที่ป่าอนุรักษ์น้ำกอนฝั่งซ้าย,พพภ,19.310799,101.01177,23
642752,ที่ทำการเขตรักษาพันธุ์สัตว์ป่าดอยผาช้าง,พพภ,19.30203,100.40965,20
642753,สะพานน้ำขว้าง บ้านร้องแง,พพภ,19.175901,100.92981,628
642755,ที่ทำการอุทยานแห่งชาติแจ้ซ้อน,พพภ,18.836481,99.47019,38
642756,หน่วยพิทักษ์อุทยานแห่งชาติที่ มย.๖ (นาฝาย),พพภ,18.777088,100.30112,20
642757,ที่ทำการอุทยานแห่งชาติดอยขุนตาล,พพภ,18.495703,99.27011,40
642761,อุทยานแห่งชาติแม่เมย,พพภ,17.483812,98.07418,27
642766,หน่วยพิทักษ์อุทยานแห่งชาติที่ ผท.๑ (ปากบอก),พพภ,19.0587,99.7755,45
642767,หน่วยพิทักษ์ป่าเขาปันโส,พพภ,15.23958,99.40895,15
645,กงไกรลาศ,สสน.,16.92732,99.95933,241
647,ศรีสัชนาลัย,สสน.,17.51715,99.75877,636
648042,สะพานน้ำยาว บ้านสองแคว,พพภ,19.356688,100.706436,78
65,อบต.ชอนสารเดช,สสน.,15.18496,100.68131,152
650,โรงฆ่าสัตว์ ทม.สวรรคโลก,สสน.,17.3168,99.82516,1379
653,สวรรคโลก,สสน.,17.2019,99.86388,355
654,ทต.ศรีนคร,สสน.,17.3551,99.99223,505
655,ทต.ทุ่งเสลี่ยม,สสน.,17.32377,99.56754,594
656,โครงการชลประทานพิษณุโลก,สสน.,16.81502,100.25992,4523
657,เมืองพิษณุโลก,สสน.,16.86469,100.24476,953
658,คลองผันน้ำยม-น่าน4,สสน.,16.67167,100.24581,141
661,นครไทย,สสน.,17.10701,100.84587,476
662768,ที่ทำการเขตรักษาพันธุ์สัตว์ป่าสาละวิน,พพภ,18.308006,97.85113,13
662771,หน่วยพิทักษ์ป่าน้ำสาว,พพภ,19.044817,100.49141,21
663,ทต.บางระกำเมืองใหม่,สสน.,16.74887,100.0903,232
664,บางระกำ,สสน.,16.70818,100.17179,363
665,ชุมแสงสงคราม,สสน.,16.8586,100.05965,86
667,บางกระทุ่ม,สสน.,16.58046,100.23858,301
668,สะพานนครป่าหมากร่วมใจ,สสน.,16.60887,100.36977,197
669,อบต.พรหมพิราม,สสน.,17.02166,100.19216,378
670714,ลำน้ำกวงสะพานศรีดอนชัย,พพภ,18.653353,99.06447,526
670715,ลำน้ำสานบ้านทุ่งยาวเหนือ,พพภ,18.511826,99.07731,205
671,คลองผันน้ำยม-น่าน2,สสน.,16.95387,100.12127,354
672,อบต.วัดโบสถ์,สสน.,16.95813,100.33734,125
675,วังทอง,สสน.,16.8222,100.43159,1066
676,แม่น้ำเข็ก (ว้งทอง),สสน.,16.85502,100.66681,109
677,ทต.เนินมะปราง,สสน.,16.57068,100.6494,213
678,บ่อบำบัด ทม.พิจิตร,สสน.,16.43317,100.33195,1359
679,อบต.วังทรายพูน,สสน.,16.40616,100.53869,300
68,พรหมบุรี,สสน.,14.79091,100.45184,367
680,โพธิ์ประทับช้าง,สสน.,16.31077,100.27173,251
683,ตะพานหิน,สสน.,16.27034,100.41396,178
684,เทศบาลตำบลหอไกร,สสน.,16.04947,100.37354,479
685,ทต.โพทะเล,สสน.,16.09378,100.26013,552
685631,ที่ทำการอุทยานแห่งชาติถ้ำสะเกิน,พพภ,19.383726,100.53885,11
685633,หน่วยจัดการต้นน้ำและพัฒนาชุมชนในพื้นที่ป่าอนุรักษ์ขุนน่าน,พพภ,19.348192,101.1751,39
685634,หน่วยพิทักษ์อุทยานแห่งชาติที่ ศล.๕ (แม่ระงอง),พพภ,19.32973,99.13403,62
685637,สะพานน้ำกอน บ้านพญาแก้ว,พพภ,19.286142,100.90128,162
685639,หน่วยจัดการต้นน้ำและพัฒนาชุมชนในพื้นที่ป่าอนุรักษ์ขุนว้า,พพภ,19.236826,101.183914,23
685642,หน่วยศึกษาการพัฒนาการอนุรักษ์ต้นน้ำน้ำคาง (ดอยวาว),พพภ,19.137968,100.64121,12
685643,สะพานห้วยน้ำสาย,พพภ,19.026337,100.73505,59
685645,ที่ทำการอุทยานแห่งชาติดอยภูนาง,พพภ,18.856329,100.182236,23
685647,หน่วยจัดการต้นน้ำและพัฒนาชุมชนในพื้นที่ป่าอนุรักษ์แม่จริม,พพภ,18.804192,101.03546,18
685649,หน่วยจัดการต้นน้ำและพัฒนาชุมชนในพื้นที่ป่าอนุรักษ์แม่ขะนิง,พพภ,18.75281,100.54113,13
685650,สะพานน้ำว้า บ้านน้ำว้า,พพภ,18.643177,101.010826,33
685651,ที่ทำการอุทยานแห่งชาติถ้ำผาไท,พพภ,18.603598,99.900635,50
685652,หน่วยพิทักษ์อุทยานแห่งชาติที่ มร. ๑ (ห้วยเต่า),พพภ,18.58667,101.06919,9
685653,สะพานห้วยแม่ถาบ้านปาหุ่ง,พพภ,18.584373,100.50956,40
685655,หน่วยจัดการต้นน้ำและพัฒนาชุมชนในพื้นที่ป่าอนุรักษ์แม่กลาง,พพภ,18.533205,98.52239,329
685656,หน่วยจัดการต้นน้ำและพัฒนาชุมชนในพื้นที่ป่าอนุรักษ์แม่ถา,พพภ,18.516405,100.40301,18
685658,สะพานน้ำมวบ บ้านน้ำมวบ,พพภ,18.484377,100.93808,111
685659,ที่ทำการเขตรักษาพันธุ์สัตว์ป่าดอยหลวง,พพภ,18.433992,100.11433,25
685660,หน่วยจัดการต้นน้ำและพัฒนาชุมชนในพื้นที่ป่าอนุรักษ์ขุนแม่แจ่ม,พพภ,19.01651,98.413124,10
685661,หน่วยจัดการต้นน้ำและพัฒนาชุมชนในพื้นที่ป่าอนุรักษ์สวนป่าสิริกิติ์,พพภ,18.36419,98.46656,19
685662,หน่วยจัดการต้นน้ำและพัฒนาชุมชนในพื้นที่ป่าอนุรักษ์ขุนสถาน,พพภ,18.273388,100.53669,14
685664,ที่ทำการอุทยานแห่งชาติดอยผากลอง,พพภ,18.15246,99.98719,26
685665,หน่วยพิทักษ์อุทยานฯ ที่ ผก.๒ (ถ้ำเอราวัณ-แก่งหลวง),พพภ,18.036455,99.94229,50
685666,หน่วยพิทักษ์อุทยานแห่งชาติ ที่ วศ.๑ (แม่แขม),พพภ,18.031466,99.70319,52
685668,ที่ทำการอุทยานแห่งชาติเวียงโกศัย,พพภ,17.966373,99.59613,39
685669,หน่วยศึกษาการพัฒนาการอนุรักษ์ต้นน้ำแม่สูง,พพภ,17.804312,99.828,74
685674,หน่วยพิทักษ์อุทยานแห่งชาติ มว.๔ (แม่แสลม),พพภ,17.385424,99.30813,88
685675,หน่วยจัดการต้นน้ำและพัฒนาชุมชนในพื้นที่ป่าอนุรักษ์ดอยเปเปอร์,พพภ,17.264994,98.35863,33
685677,โครงการอนุรักษ์สภาพป่าแม่ตื่น ฯ (บ้านห้วยน้ำเย็น),พพภ,17.22546,98.5574,9
685678,สะพานแม่ตื่น,พพภ,17.12535,98.6394,33
685682,หน่วยพิทักษ์อุทยานแห่งชาติที่ ตม.๓ (ปูแป้),พพภ,16.852543,98.770515,26
685684,หน่วยจัดการต้นน้ำและพัฒนาชุมชนในพื้นที่ป่าอนุรักษ์แม่กลองน้อย-แม่กลองใหญ่,พพภ,16.28706,98.99642,12
687,อบต.หนองโสน,สสน.,16.39612,100.05419,181
688,ทต.ทับคล้อ,สสน.,16.16959,100.566,490
689,อบต.วังงิ้ว,สสน.,16.01561,100.73281,93
690,อบจ.เพชรบูรณ์,สสน.,16.44121,101.14906,975
691,เมืองเพชรบูรณ์,สสน.,16.44786,101.17017,404
692,อบต.ชนแดน,สสน.,16.17908,100.90167,113
693,หล่มสัก,สสน.,16.78151,101.2467,1845
695,อบต.หล่มเก่า,สสน.,16.88067,101.23835,577
696,อบต.ตาดกลอย,สสน.,17.0035,101.36601,134
698,ทม.วิเชียรบุรี,สสน.,15.65728,101.12476,540
699,อบต.ศรีเทพ,สสน.,15.43789,101.16249,179
700,หนองไผ่,สสน.,16.11497,101.09709,85
700551,เขื่อนท่าทุ่งนา,กฟผ.,14.233779,99.235022,229
700552,บ้านหนองบัว (K.35A),กฟผ.,14.06024,99.44414,439
700553,วัดไชยชุมพลชนะสงคราม (วัดใต้),กฟผ.,14.01615,99.53029,1815
700554,เขื่อนแม่กลอง,กฟผ.,13.95678,99.61505,288
700555,วัดหนองปรือ,กฟผ.,14.609306,99.457694,256
700556,โรงเรียนบ้านทุ่งนานางหรอก,กฟผ.,14.17509,99.43382,77
700557,สำนักงานสาธารณสุข อ.อุ้มผาง,กฟผ.,16.01545,98.86454,93
700559,หน่วยพิทักษ์ป่าเขาบันได,กฟผ.,15.27736,99.15219,6
700560,วัดปากลำขาแข้ง,กฟผ.,14.92634,99.12273,5
700561,วัดวังผาแดง,กฟผ.,14.72684,99.06556,14
700562,เขื่อนศรีนครินทร์,กฟผ.,14.40552,99.12831,73
700584,อ.ทองผาภูมิ,กฟผ.,14.73758,98.63576,222
700585,บ้านหินดาด,กฟผ.,14.59539,98.72946,38
700586,บ้านลิ่นถิ่น (K.54),กฟผ.,14.53566,98.78764,75
700588,บ้านลุ่มสุ่ม (K.10),กฟผ.,14.09336,99.17583,56
700589,บ้านวังเย็น (K.37),กฟผ.,13.9382,99.41518,113
700590,บ้านแม่น้ำน้อย,กฟผ.,14.44497,98.80493,14
700591,สะพานมิตรภาพชุมพล,กฟผ.,13.56012,99.36201,68
700592,วัดหินแท่น (K.62),กฟผ.,13.78093,99.42085,59
700595,บ้านจองอัว,กฟผ.,14.96845,98.62449,37
700596,เหมืองปิล๊อก,กฟผ.,14.67761,98.36765,78
700597,น้ำฝนเขื่อนวชิราลงกรณ,กฟผ.,14.79865,98.5966,123
701,อบต.หนองไผ่,สสน.,15.98164,101.07372,898
702,อบต.บึงสามพัน,สสน.,15.77805,101.02094,503
704,ลานกีฬา อบต.วังโป่ง,สสน.,16.36589,100.83071,101
705,อบต.ทุ่งสมอ,สสน.,16.70502,101.04407,94
706,สวนผึ้ง,สสน.,13.56008,99.36224,68
709,บ้านโป่ง,สสน.,13.81866,99.86508,1948
709863,สะพานท่าสาป อ.เมือง จ.ยะลา,กฟผ.,6.552715,101.266197,2209
71,อินทร์บุรี,สสน.,15.00602,100.33088,514
710,โพธาราม,สสน.,13.63308,99.8164,496
712,บ้านหนองตาจอน,สสน.,13.43388,99.67017,58
713,อบต.บ้านบึง,สสน.,13.33639,99.45017,85
714,เมืองกาญจนบุรี,สสน.,14.06047,99.48325,814
716,อบต.เกาะสำโรง,สสน.,13.94239,99.49628,139
717,ไทรโยค,สสน.,14.11265,99.14635,105
718,อบต.ท่าเสา,สสน.,14.21606,99.08133,105
719,อบต.ศรีมงคล,สสน.,14.02271,99.19147,37
72,อบต.โพธิ์ชัย,สสน.,14.9972,100.42356,110
721,อบต.นาสวน,สสน.,14.61133,99.12579,30
723,อบต.ดอนชะเอม,สสน.,13.96196,99.80394,207
724,ทต.ท่าขนุน,สสน.,14.74405,98.64233,161
725,อบต.หินดาด,สสน.,14.61504,98.72972,42
726,อบต.หนองลู,สสน.,15.19546,98.46124,56
729,อบต.ทุ่งกระบ่ำ,สสน.,14.58876,99.63505,80
730,รร.บ้านไทรทอง,สสน.,13.82329,99.28462,95
731,เมืองสุพรรณบุรี,สสน.,14.4705,100.11475,2755
734,ด่านช้าง,สสน.,14.83506,99.66543,134
735,อบต.นิคมกระเสียว,สสน.,14.85733,99.57508,64
736,สองพี่น้อง,สสน.,14.21608,100.05017,280
737,วัดท่าเจดีย์ (TTC06),สสน.,14.15657,100.12744,449
738,สามชุก,สสน.,14.75138,100.09592,1006
740532,สะพานลำน้ำเลย,สสน.,17.860956,101.61144,137
740533,สะพานห้วยน้ำฮวย,สสน.,18.151169,102.17911,55
740537,สะพานห้วยมุก,สสน.,16.546862,104.730385,2225
740538,สะพานบังอี่,สสน.,16.345835,104.889885,144
740540,สะพานข้ามน้ำมูล,สสน.,15.310499,105.49311,364
740720,คลองสรอย วัดแม่ขมวก,พพภ,17.775057,99.46933,149
740721,โรงพยาบาลส่งเสริมสุขภาพตำบลบ้านผามูบ,พพภ,17.72146,100.01803,138
740722,น้ำตกแม่พูล,พพภ,17.72906,99.97804,27
740723,สะพานวัดมงคลร่วมใจ (บ้านวังสาร),พพภ,16.670555,100.32789,223
740724,รร.บ้านข้าวแป้ง,พพภ,17.689745,103.94735,161
740725,รร.บ้านวาน้อย,พพภ,17.68971,103.94735,161
740726,สะพานบางไตประชาบริรักษ์,พพภ,9.282515,98.87693,32
740727,สะพานคลองพาย,พพภ,9.155624,98.895035,29
740728,พิพิธภัณฑ์ธรรมชาติจัดการน้ำชุมชนฯ บ้านปากซวด,พพภ,8.900032,98.80356,17
740729,สะพานทางเข้าชุมชนบ้านปากซวด,พพภ,8.889655,98.82028,55
740731,สะพานข้ามคลองหวาด,พพภ,8.935923,99.60879,27
740732,น้ำตกปลิว,พพภ,8.16269,99.75916,72
740733,ไร่ วงศ์ ทอง เมฆ ดี,พพภ,8.090253,99.73887,51
740734,ที่ทำการอุทยานแห่งชาติน้ำตกโยง,พพภ,8.172421,99.74128,95
740735,ฝายคลองเปิก,พพภ,8.193899,99.73481,44
740736,สะพานข้ามคลองวังเคียน,พพภ,7.954553,99.896324,79
740737,สะพานห้วยน้ำใส,พพภ,7.889575,99.87421,133
740738,สะพานข้ามคลองห้วยกรวด,พพภ,7.8768,99.93328,156
740739,สะพานบ้านแหลมโตนด,พพภ,7.817578,100.047485,171
740740,สะพานท่าสำเภา,พพภ,7.729605,100.10799,221
740742,คลองสุหงาบารู หมู่ที่ 4,พพภ,6.737094,101.27308,329
740743,อบต. ตาชี,พพภ,6.555156,101.10632,134
740746,สะพานข้ามแม่น้ำปัตตานี,พพภ,6.411704,101.27776,299
740747,ศูนย์เรียนรู้ชุมชนบ้านนาซัว หมู่ที่ 2,พพภ,6.272022,101.15671,54
740748,โรงเรียนนิคมสร้างตนเองพัฒนาภาคใต้ 1,พพภ,6.312516,101.361046,84
740749,ทะเลหมอก อัยเยอร์เวง,พพภ,5.998522,101.176605,26
740750,หมู่บ้านปิยะมิตร 3,พพภ,5.934258,101.10874,28
740751,รร.กองม่องทะ สาขาไล่โว่,พพภ,15.30931,98.50981,9
740752,รร.กองม่องทะ สาขาสะละวะ,พพภ,15.344161,98.52554,7
740812,เขื่อนแควน้อยบำรุงแดน,สสน.,17.182213,100.41388,52
742,ทต.เจดีย์,สสน.,14.38422,99.96114,186
743,อบต.กำแพงแสน,สสน.,14.00326,99.98091,1079
744,อบต.นครชัยศรี,สสน.,13.79036,100.19051,1368
745,บางเลน,สสน.,14.01636,100.17979,955
745748,สะพานห้วยบังบาต,สสน.,18.282616,103.88075,71
746038,บ้านหนองแดง,พพภ,19.131092,98.31795,14
746039,บ้านขุนแม่ละอุปหมู่ที่ 3,พพภ,19.040228,98.20028,8
747,คลองนราภิรมย์ (บางเลน),สสน.,13.88207,100.29086,436
748,สะพานนครชัยศรี,สสน.,13.79217,100.19817,1680
749,ศาลาดิน,สสน.,13.80777,100.27417,514
750,เมืองสมุทรสาคร,สสน.,13.58598,100.23048,1628
751,คลองมหาชัย วัดพันท้ายนรสิงห์,สสน.,13.58184,100.36587,3839
752,อบต.บางกระเจ้า,สสน.,13.52146,100.19283,1963
753,ปากแม่น้ำท่าจีน,สสน.,13.5178,100.27499,2426
754,บ้านแพ้ว,สสน.,13.57563,100.07884,1693
755,พระรามสอง,สสน.,13.38362,99.9836,1826
757,อบต.บางครก,สสน.,13.19867,99.95052,402
758,เมืองเพชรบุรี,สสน.,13.08562,99.94393,2333
759,อบต.ดอนยาง,สสน.,13.0146,99.97034,283
760,อบต.หนองญ้าปล้อง,สสน.,13.16995,99.68775,75
762,การประปา ทม.ชะอำ,สสน.,12.78631,99.96016,526
765,ทต.ท่ายาง,สสน.,12.96333,99.89841,1155
768,อบต.เขากระปุก,สสน.,12.71212,99.7317,64
770,บางตะบูนและบางตะบูนออก,สสน.,13.26553,99.9418,395
771,อบต.สองพี่น้อง,สสน.,12.87273,99.6842,45
772,แก่งกระจาน,สสน.,12.92212,99.81754,157
775,อบต.เกาะหลัก,สสน.,11.80297,99.75459,123
776,ทต.กุยบุรี,สสน.,12.07006,99.8673,622
777,วัดยางชุม,สสน.,12.09903,99.7065,88
778,อบต.เขาล้าน,สสน.,11.52201,99.59756,200
781,ทต.บางสะพานน้อย,สสน.,11.07618,99.44528,156
782,ทต.ปราณบุรี,สสน.,12.37836,99.89328,1195
783,วัดเนินสวรรค์มงคลธรรม,สสน.,12.41647,99.81781,58
784,ปราณบุรี,สสน.,12.38992,99.91119,1396
786,อบต.ทับใต้,สสน.,12.49032,99.90437,113
787,อบต.ห้วยสัตว์ใหญ่,สสน.,12.52944,99.54378,52
789,อบต.ขุนทะเล,สสน.,8.33883,99.8521,183
79,สะพานคง-ศุข ศรีสวัสดิ์,สสน.,15.225,100.07824,119
791,รร.วัดทายิการาม,สสน.,8.08212,100.16427,202
792,เชียรใหญ่,สสน.,8.089498,100.12784,378
794,ท่าศาลา,สสน.,8.786868,99.911316,305
795,ทุ่งสง,สสน.,8.174942,99.67887,1134
796,อบต.ปากพนังฝั่งตะวันออก,สสน.,8.38821,100.23183,275
798,อบต.บ้านลำนาว,สสน.,8.02919,99.47584,291
799,อบต.สินปุน,สสน.,8.25222,99.27451,85
8,คลองลาดพร้าว ปากคลอง2สายใต้,สสน.,13.93183,100.63952,8996
80,สะพานธรรมจักร(วัดธรรมามูล),สสน.,15.25029,100.08347,304
800,อบต.คลองหิน,สสน.,8.2842,98.7971,203
802,เมืองพังงา,สสน.,8.477331,98.52832,303
804,ตลาดเก่าตะกั่วป่า,สสน.,8.829399,98.36931,377
807,ทต.ลำแก่น,สสน.,8.59675,98.25739,240
808,ทต.ราไวย์,สสน.,7.77087,98.31879,2180
809,อบต.ไม้ขาว,สสน.,8.18129,98.2988,975
81,ทต.คุ้งสำเภา,สสน.,15.31006,100.08173,267
812,ท่าขนอม,สสน.,9.029423,98.969635,331
814,อบต.คลองศก,สสน.,8.89049,98.66134,72
816,ชุมชนบ้านทับคริสต์,สสน.,8.75029,98.80189,85
817,บ้านทับคริสต์,สสน.,8.725811,98.821014,60
818,อบต.ปากฉลุย,สสน.,9.30059,99.02602,55
819,อบต.ควนสุบรรณ,สสน.,8.88152,99.38225,265
820,อบต.บ้านเสด็จ,สสน.,8.76356,99.06461,68
822,ทม.ท่าข้าม,สสน.,9.10603,99.2328,1055
823,พุนพิน 1,สสน.,9.131233,99.25885,395
824,พุนพิน 3,สสน.,8.986764,99.2113,146
825,ชุมชนลีเล็ด,สสน.,9.191764,99.253975,361
826,พุนพิน 2,สสน.,9.085781,99.170006,233
8265454,หน่วยจัดการต้นน้ำและพัฒนาชุมชนในพื้นที่ป่าอนุรักษ์ชีลอง,สสน.,16.040003,101.952,28
8265459,หน่วยพิทักษ์ป่าโคกนกกระบา,สสน.,17.2797,101.5189,6
8268768,สถานีวิจัยต้นน้ำแม่กลอง,สสน.,14.576,98.8406,10
8268793,ที่ทำการเขตรักษาพันธุ์สัตว์ป่าทุ่งระยะ-นาสัก,สสน.,10.3753,98.8537,62
8268794,หน่วยพิทักษ์อุทยานแห่งชาติที่ กบ.2 (เขาเมืองสูง),สสน.,10.0237,98.66568,192
8268797,หน่วยศึกษาการพัฒนาการอนุรักษ์ต้นน้ำคลองอู่ตะเภา,สสน.,6.7799,100.274,37
8268798,ที่ทำการเขตรักษาพันธุ์สัตว์ป่าภูผาแดง,สสน.,16.7573,101.425,46
8268799,หน่วยจัดการต้นน้ำและพัฒนาชุมชนในพื้นที่ป่าอนุรักษ์เกาะภูเก็ต-ตะกั่วป่า,สสน.,8.7855,98.517,27
8268810,หน่วยพิทักษ์อุทยานแห่งชาติที่ ทย.1 (น้ำตกไทรโยคน้อย),สสน.,14.2385,99.05989,110
8268811,ที่ทำการอุทยานแห่งชาติเขื่อนศรีนครินทร์,สสน.,14.6359,98.9916,8
8268812,หน่วยพิทักษ์อุทยานแห่งชาติที่ ลง.7 (องธิ),สสน.,14.735226,98.69861,18
8269859,สะพานเทพประทานมิตรภาพสองฝั่งเลย,พพภ,17.0542,101.51778,48
8269863,หน่วยจัดการต้นน้ำและพัฒนาชุมชนในพื้นที่ป่าอนุรักษ์ห้วยน้ำพุง,พพภ,16.9186,103.90136,65
8269865,ที่ทำการอุทยานแห่งชาติภูผาเหล็ก,พพภ,17.2667,103.4596,47
8269866,อุทยานแห่งชาติภูลังกา (น้ำตกกินรี),พพภ,17.94336,104.12967,33
8269868,ที่ทำการเขตรักษาพันธุ์สัตว์ป่าภูวัว,พพภ,18.24663,103.96224,26
8269872,ที่ทำการอุทยานแห่งชาติภูสระดอกบัว,พพภ,16.23258,104.78207,97
8269877,หน่วยพิทักษ์อุทยานแห่งชาติแก่งตะนะที่ กน.3 (เวินบึก),พพภ,15.314553,105.54858,50
8269879,หน่วยพิทักษ์อุทยานแห่งชาติที่ ศร.4 (ผาตาด),พพภ,14.64951,98.77478,13
8269881,ที่ทำการวนอุทยานดงบังอี่,พพภ,16.34674,104.58482,76
8269883,หน่วยพิทักษ์อุทยานแห่งชาติที่ ภพ.12 (ห้วยแข้),พพภ,16.82502,103.95182,56
8269894,สะพานคลองพาย,พพภ,17.0403,102.09082,291
8269895,สะพานคลองเขิญ,พพภ,16.65079,101.80563,121
8269897,สะพานคลองตาดโตน,พพภ,15.93151,102.03825,314
8269899,สะพานคลองเชียงทา,พพภ,15.77695,101.70581,59
8269904,ที่ทำการอุทยานแห่งชาติภูเก้า-ภูพานคำ,พพภ,16.81552,102.61133,68
8269909,หน่วยจัดการต้นน้ำและพัฒนาชุมชนในพื้นที่ป่าอนุรักษ์ลำพะเนียง,พพภ,16.92692,102.46395,69
8269925,หน่วยพิทักษ์อุทยานแห่งชาติที่ นพ.5 (ห้วยเข),พพภ,16.32863,102.46907,42
8269927,หน่วยพิทักษ์อุทยานแห่งชาติที่ ศร.11 (เนินสวรรค์),พพภ,14.74058,98.81722,11
8269928,ที่ทำการอุทยานแห่งชาติไทรโยค,พพภ,14.4545,98.84806,40
8269934,สะพานน้ำลำเซบาย,พพภ,15.44485,104.65509,84
8269938,สะพานหนองโดนบ้านยาง,พพภ,14.88608,102.84595,227
8269946,สะพานแม่น้ำลำสะแทดหายโศก,พพภ,15.50654,102.91684,98
8269948,ที่ทำการเขตห้ามล่าสัตว์ป่าดูนลำพัน,พพภ,15.77201,103.02769,88
8269954,หน่วยพิทักษ์ป่าถ้ำน้ำทิพย์,พพภ,14.44678,105.03024,48
8269955,หน่วยพิทักษ์อุทยานแห่งชาติที่ ภจ.5 (มดง่าม),พพภ,14.5567,105.4274,24
8269957,หน่วยจัดการต้นน้ำและพัฒนาชุมชนในพื้นที่ป่าอนุรักษ์ห้วยโดน,พพภ,14.80493,105.47118,140
8269971,ที่ทำการเขตห้ามล่าสัตว์ป่าเขาวงจันแดง,พพภ,14.99967,101.39597,28
8269975,หน่วยพิทักษ์อุทยานแห่งชาติที่ ทล.12 (ซับสะเดา),พพภ,14.39858,102.16507,24
8269977,ที่ทำการเขตรักษาพันธุ์สัตว์ป่าดงใหญ่,พพภ,14.29667,102.73718,134
8269979,หน่วยจัดการต้นน้ำและพัฒนาชุมชนในพื้นที่ป่าอนุรักษ์ห้วยโตง-ห้วยด่าน,พพภ,14.54885,103.50998,167
827,อบต.ชัยบุรี,สสน.,8.45064,99.08304,221
8270113,หน่วยพิทักษ์ป่าแม่ปลาสร้อย,พพภ,14.6054,99.1704,9
8270139,หน่วยพิทักษ์อุทยานแห่งชาติที่ ทจ.2 (บางกะม่า),พพภ,13.2724,99.4988,10
8270171,หน่วยพิทักษ์อุทยานแห่งชาติที่ 6 (เขามะเร็ว),พพภ,12.8701,99.53721,10
8270289,สะพานคลองน้ำพุง,พพภ,16.94808,101.21521,151
8270317,หน่วยจัดการต้นน้ำและพัฒนาชุมชนในพื้นที่ป่าอนุรักษ์ละอุ่น,พพภ,10.08942,98.7222,99
8270332,หน่วยจัดการต้นน้ำและพัฒนาชุมชนในพื้นที่ป่าอนุรักษ์ปิล๊อก,พพภ,14.6659,98.3811,27
8270334,หน่วยจัดการต้นน้ำและพัฒนาชุมชนในพื้นที่ป่าอนุรักษ์พุเตย,พพภ,15.0219,99.3923,22
8270336,หน่วยจัดการต้นน้ำและพัฒนาชุมชนในพื้นที่ป่าอนุรักษ์คลิตี้,พพภ,14.9616,98.8889,9
8270337,หน่วยจัดการต้นน้ำและพัฒนาชุมชนในพื้นที่ป่าอนุรักษ์คลองงู,พพภ,14.849774,98.824,10
8270339,หน่วยพิทักษ์อุทยานแห่งชาติที่ ขน.7 (คลองยอดน้ำ),พพภ,8.91637,99.73282,26
8270343,ที่ทำการอุทยานแห่งชาติเฉลิมรัตนโกสินทร์,พพภ,14.66122,99.30444,14
8270344,ที่ทำการอุทยานแห่งชาติเอราวัณ,พพภ,14.37565,99.11301,19
8270346,หน่วยพิทักษ์อุทยานแห่งชาติที่ ทย.8 (เขารวก),พพภ,14.527559,98.66175,12
8270348,หน่วยพิทักษ์อุทยานแห่งชาติที่ ทย.6 (เขาพลู),พพภ,14.266877,98.77193,5
8270351,หน่วยพิทักษ์อุทยานแห่งชาติที่ ทจ.1 (ห้วยต้นห้าง),พพภ,13.4169,99.555,21
8270355,หน่วยพิทักษ์อุทยานแห่งชาติที่ ศร.9 (ไกรเกรียง),พพภ,15.0256,99.1902,5
8270362,ที่ทำการอุทยานแห่งชาติเขาแหลม,พพภ,15.02447,98.59832,8
8270376,หน่วยพิทักษ์อุทยานแห่งชาติที่ ปด.8 (พระปรง),พพภ,14.00969,102.4258,21
8270383,ที่ทำการอุทยานแห่งชาติตาพระยา,พพภ,14.13271,102.66787,47
8270440,หน่วยจัดการต้นน้ำและพัฒนาชุมชนในพื้นที่ป่าอนุรักษ์คลองยันตอนบน,พพภ,9.36634,98.8568,8
8270450,หน่วยจัดการต้นน้ำและพัฒนาชุมชนในพื้นที่ป่าอนุรักษ์คลองบางแก้ว,พพภ,7.23008,100.04997,38
8270451,หน่วยพิทักษ์อุทยานแห่งชาติที่ ขป.3 (บ้านน้ำราบ),พพภ,7.58009,99.78888,160
8270459,จุดชมวิวควนเขากล้อง (อุทยานแห่งชาติน้ำตกหงาว),พพภ,10.0401,98.8262,41
828,วิภาวดี,สสน.,9.206472,98.95253,74
829,เมืองระนอง,สสน.,9.961575,98.644485,2600
83,ปตร.มโนรมย์,สสน.,15.3277,100.10913,150
831,ทต.ปากน้ำ,สสน.,9.94654,98.5952,1229
833,อบต.บางใหญ่,สสน.,10.30637,98.77072,191
835,เมืองชุมพร,สสน.,10.574472,99.145744,114
836,ทต.วังใหม่,สสน.,10.50381,98.98581,106
838,อบต.หงษ์เจริญ,สสน.,10.77972,99.19108,121
839,รร.ปะทิววิทยา,สสน.,10.70853,99.34739,150
840,อบต.เขาไชยราช,สสน.,10.94432,99.29758,85
841,หลังสวน,สสน.,9.953369,99.06444,880
842,อบต.ทุ่งคาวัด,สสน.,9.74115,99.02649,67
845,สวี 1,สสน.,10.2312,99.09844,528
846,สวี 2,สสน.,10.203275,99.04355,72
847,อบต.เขาค่าย,สสน.,10.12198,98.89594,120
849,จะนะ,สสน.,6.916742,100.72962,841
850,นาทวี,สสน.,6.738124,100.69319,1205
852087,อโศก,สสน.,13.74325,100.562164,17841
853,อบต.เขาพระ,สสน.,7.07915,100.19008,252
854,ทม.สะเดา,สสน.,6.63837,100.42479,1532
855,สะเดา,สสน.,6.796687,100.44239,741
855471,หน่วยจัดการต้นน้ำและพัฒนาชุมชนในพื้นที่ป่าอนุรักษ์น้ำพาง,พพภ,16.950552,101.62511,19
855472,หน่วยพิทักษ์อุทยานฯ ที่ นน.๖ (ถ้ำใหญ่น้ำหนาว),พพภ,16.946814,101.50735,16
855474,อุทยานแห่งชาติน้ำหนาว,พพภ,16.739025,101.56976,20
855475,หน่วยพิทักษ์ป่าช้างตะลูด,พพภ,16.573484,101.33621,42
855476,หน่วยจัดการต้นน้ำและพัฒนาชุมชนในพื้นที่ป่าอนุรักษ์ห้วยอีมาย,พพภ,16.409319,101.283,55
855477,อุทยานแห่งชาติภูเรือ,พพภ,17.507849,101.345345,10
855478,หน่วยจัดการต้นน้ำและพัฒนาชุมชนในพื้นที่ป่าอนุรักษ์น้ำโสม,พพภ,17.928358,102.06969,46
855479,เขตห้ามล่าสัตว์ป่าหนองหานกุมภวาปี,พพภ,17.210785,103.00368,138
855480,โครงการพัฒนาพื้นที่ภูผาหัก,พพภ,17.187212,103.45421,53
855481,สถานีควบคุมไฟป่าภูฝอยลม,พพภ,17.15843,102.69399,12
855482,หน่วยจัดการต้นน้ำและพัฒนาชุมชนในพื้นที่ป่าอนุรักษ์ห้วยหลวง,พพภ,17.078602,102.56056,70
855483,ศูนย์ศึกษาการพัฒนาการอนุรักษ์ต้นน้ำลุ่มน้ำชี,พพภ,16.931898,102.70161,51
855485,อุทยานแห่งชาติภูผาม่าน,พพภ,16.758446,101.968666,41
855486,หน่วยจัดการต้นน้ำและพัฒนาชุมชนในพื้นที่ป่าอนุรักษ์ลำพะยัง,พพภ,16.682741,103.957565,74
855488,สถานีวิจัยต้นน้ำชี,พพภ,16.66195,102.22475,0
855489,หน่วยจัดการต้นน้ำและพัฒนาชุมชนในพื้นที่ป่าอนุรักษ์ลำเชิญ,พพภ,16.660492,101.73749,72
855490,อุทยานแห่งชาติภูผาเทิบ,พพภ,16.433405,104.80253,96
855491,อุทยานแห่งชาติภูแลนคา,พพภ,15.997084,101.88816,31
855492,อุทยานแห่งชาติตาดโตน,พพภ,15.984448,102.03773,25
855493,สถานีควบคุมไฟป่าภูสิงห์ภูผาผึ้ง-ภูสระดอกบัว,พพภ,15.885841,104.730225,45
855494,อุทยานแห่งชาติป่าหินงาม,พพภ,15.632897,101.38918,35
855495,ผาชะนะได (อช.ผาแต้ม),พพภ,15.62108,105.6168,36
855496,หน่วยพิทักษ์อุทยานแห่งชาติที่ ขญ.๑๗ (กลางดง),พพภ,14.549575,101.26519,36
855497,ศูนย์ศึกษาการพัฒนาการอนุรักษ์ต้นน้ำลุ่มน้ำมูลตอนบน,พพภ,14.467833,101.590866,44
855498,ผามออีแดง (อช.เขาพระวิหาร),พพภ,14.404393,104.688,32
855499,อุทยานแห่งชาติภูจองนายอย,พพภ,14.435199,105.25578,46
855500,หน่วยจัดการต้นน้ำและพัฒนาชุมชนในพื้นที่ป่าอนุรักษ์ห้วยสำราญ,พพภ,14.43152,104.05005,102
855501,หน่วยพิทักษ์อุทยานแห่งชาติที่ ขญ.๔ (คลองปลากั้ง),พพภ,14.356375,101.72591,27
855502,หน่วยพิทักษ์อุทยานแห่งชาติที่ ทล.๑๑ (ไทยสามัคคี),พพภ,14.322821,101.93274,25
855503,หน่วยพิทักษ์อุทยานแห่งชาติที่ ตย.๕ (บาระแนะ),พพภ,14.249989,102.97801,46
855504,อุทยานแห่งชาติเขาใหญ่,พพภ,14.434425,101.372604,46
855505,หน่วยพิทักษ์อุทยานแห่งชาติที่ ขญ.๑๐ (ประจันตคาม),พพภ,14.181167,101.592064,66
855506,หน่วยจัดการต้นน้ำและพัฒนาชุมชนในพื้นที่ป่าอนุรักษ์เนินหอม,พพภ,14.174927,101.43875,127
855507,หน่วยพิทักษ์อุทยานแห่งชาติที่ ตย.๑ (ทัพไทย),พพภ,14.138174,102.88573,106
855508,ศูนย์ศึกษาการพัฒนาการอนุรักษ์ต้นน้ำลุ่มน้ำบางปะกง,พพภ,13.351688,101.99863,24
855509,หน่วยพิทักษ์ป่ามาบลำบิด,พพภ,13.164513,101.15418,99
855510,หน่วยพิทักษ์ป่าเขาช่องลม,พพภ,13.157225,101.11463,56
855511,เขตห้ามล่าสัตว์ป่าเขาชีโอน,พพภ,12.768159,100.97308,280
855514,เขตห้ามล่าสัตว์ป่าเขาสมโภชน์,พพภ,15.181677,101.29398,28
855515,หน่วยพิทักษ์ป่าหินเรือ,พพภ,10.7458,98.947365,23
855516,หน่วยจัดการต้นน้ำและพัฒนาชุมชนในพื้นที่ป่าอนุรักษ์ตาปี,พพภ,9.162969,98.8869,23
855520,หน่วยพิทักษ์อุทยานแห่งชาติที่ ขป.๔ (บ้านน้ำตก),พพภ,7.96328,99.76106,50
855521,หน่วยพิทักษ์ป่าควนนางเหวน,พพภ,7.884335,100.06661,43
855522,หน่วยพิทักษ์อุทยานแห่งชาติที ขป.๘ (น้ำตกหนานปลิว),พพภ,7.854691,99.80874,54
855523,สถานีควบคุมไฟป่าพัทลุง,พพภ,7.758506,99.817474,54
855524,หน่วยพิทักษ์อุทยานแห่งชาติที่ ขป.๙  (น้ำตกเขาคราม),พพภ,7.515887,99.87866,33
855525,หน่วยพิทักษ์ป่าอ่าวท่ายาง,พพภ,7.42019,100.33263,43
855526,หน่วยจัดการต้นน้ำและพัฒนาชุมชนในพื้นที่ป่าอนุรักษ์คลองป่าพรุพ้อ,พพภ,7.162198,100.08452,67
855527,ที่ทำการอุทยานแห่งชาติทะเลบัน,พพภ,6.709046,100.16905,78
855528,ที่ทำการอุทยานแห่งชาติเขาน้ำค้าง,พพภ,6.600056,100.58906,27
855529,หน่วยพิทักษ์อุทยานฯ ที่ บล.๒ (น้ำตกฮาลาซะห์),พพภ,6.058344,101.40899,17
855530,หน่วยพิทักษ์อุทยานฯ ที่ บล.๔ (น้ำตกละอองรุ้ง),พพภ,5.996956,101.187065,35
855531,ที่ทำการอุทยานแห่งชาติน้ำตกซีโป,พพภ,6.271502,101.64063,115
855532,เขตรักษาพันธุ์สัตว์ป่าฮาลา-บาลา,พพภ,5.807492,101.845184,69
856,หาดใหญ่,สสน.,6.98013,100.46322,1839
857,อบต.พิจิตร,สสน.,6.98768,100.57162,363
858,บางกล่ำ,สสน.,7.079418,100.42788,122
859,ปากรอ,สสน.,7.261514,100.42447,294
860,คลองหอยโข่ง,สสน.,6.931234,100.43985,271
861,เมืองสตูล,สสน.,6.726527,100.06259,572
862,ทต.เจ๊ะบิลัง,สสน.,6.65726,99.97032,245
862849,บึงกาฬ,อต.,18.41361,103.51672,93
862850,อำนาจเจริญ,อต.,15.90375,104.61805,377
862851,ยโสธร,อต.,15.79494,104.21436,169
864,อบต.ป่าแก่บ่อหิน,สสน.,7.05861,99.80006,79
865,เมืองตรัง,สสน.,7.555884,99.57825,742
867,อบต.กะลาเส,สสน.,7.70389,99.31807,79
868,ทต.ห้วยยอด,สสน.,7.78926,99.63351,880
869,ท่าสะบ้า,สสน.,7.729391,99.55152,82
87,ทต.วัดสิงห์,สสน.,15.2584,100.04493,454
870,คลองนาท่อม,สสน.,7.558824,99.98739,149
871,อบต.คลองเฉลิม,สสน.,7.38226,99.98037,270
877,อบต.บานา,สสน.,6.89117,101.26469,2497
88,ทต.สรรพยา,สสน.,15.13217,100.25129,530
880,ศูนย์วิจัยข้าวปัตตานี,สสน.,6.75417,101.13338,299
881,สถานีฟาร์มตัวอย่างฯ บ้านลุตง,สสน.,6.65788,101.24636,217
883,ชุมชนบ้านท่าด่าน,สสน.,6.834729,101.20043,407
886,โครงการฟาร์มตัวอย่างฯ บ้านป่าตาเขียว,สสน.,6.84301,101.4945,410
888,ทต.มายอ,สสน.,6.71813,101.41406,439
889,สำนักงานเกษตรอำเภอทุ่งยางแดง,สสน.,6.61733,101.42686,245
89,สรรพยา,สสน.,15.10907,100.26785,399
890,ทต.ยะรัง,สสน.,6.76416,101.30057,693
891,อบต.มะนังดาลำ,สสน.,6.67271,101.60943,406
892,ที่ว่าการอำเภอไม้แก่น,สสน.,6.61046,101.66753,216
894,ปตร.พรุสนอ,สสน.,6.86288,101.37754,933
897,โครงการชลประทานยะลา,สสน.,6.5374,101.25938,1269
898,ชุมชนบ้านควน 2,สสน.,6.57636,101.199104,661
899,ชุมชนบ้านควน 1,สสน.,6.576934,101.169464,395
901,เมืองยะลา,สสน.,6.67525,101.286354,298
902,รพ.สต.บ้านวังไทร,สสน.,6.00923,101.26753,27
904,ชุมชนบ้านเหมือง,สสน.,5.92379,101.12599,24
905,บันนังสตา,สสน.,6.262041,101.268036,723
908,สถานีพัฒนาที่ดินยะลา,สสน.,6.17036,101.18082,195
911,ที่ว่าการอำเภอรามัน,สสน.,6.479,101.42407,493
913,อบต.กาบัง,สสน.,6.48018,100.98265,117
916,รร.ตชด.บ้านไอร์บือแต,สสน.,6.04925,101.57049,60
917,ทม.ตากใบ,สสน.,6.23914,102.08368,786
918,ทต.บาเจาะ,สสน.,6.51914,101.65873,726
920,ทต.ตันหยงมัส,สสน.,6.29462,101.72369,1356
921,สวนสาธารณะ ทต.รือเสาะ,สสน.,6.38792,101.51716,713
922,ศรีสาคร,สสน.,6.227293,101.49695,258
924,ทต.แว้ง,สสน.,5.93329,101.88209,454
928,สุคิริน,สสน.,5.939258,101.77473,203
929,ทต.สุไหงโก-ลก,สสน.,6.00509,101.95814,1754
93,ทต.หันคา,สสน.,14.96964,100.01039,327
930,ทต.ปะลุรู,สสน.,6.08839,101.87299,538
932,ที่ว่าการอำเภอจะแนะ,สสน.,6.09841,101.69395,144
933,สำนักงานเกษตรอำเภอเจาะไอร้อง,สสน.,6.22419,101.81099,282
935,ทต.หนองเลิง,สสน.,18.33914,103.39765,180
936,อบต.บึงกาฬ,สสน.,18.36219,103.65973,707
937,อบต.ป่าแฝก,สสน.,18.06305,103.73639,133
938,อบต.หนองพันทา,สสน.,18.1073,103.41307,203
939,ทต.บึงโขงหลง,สสน.,17.96783,104.0496,266
940,ชุมชนบ้านบุ่งคล้า,สสน.,18.29481,103.99486,152
941,ชุมชนบ้านแม่ละอุป,สสน.,19.00122,98.27111,11
97,ทม.ทับกวาง,สสน.,14.60885,101.07645,609
9700504,เกาะไหง หมู่ที่ 4 บ้านเกาะปอ,ปภ.,7.41144,99.21017,28
9700784,องค์การบริหารส่วนตำบลบางลาย หมู่ที่ 3,ปภ.,16.19118,100.23879,270
9700802,บริเวณชายหาดเลพัง-อ่าวบางเทา หมู่ที่ 4,ปภ.,8.01189,98.29265,1415
9700981,องค์การบริหารส่วนตำบลบ่อทอง หมู่ที่ 7,ปภ.,17.40699,100.32585,120
9700992,เทศบาลตำบลน้ำปาด หมู่ที่ 4,ปภ.,17.72512,100.68086,231
9701059,วัดโนนทอง หมู่ที่ 2 บ้านแก่งม่วง,ปภ.,17.38335,101.48586,18
9701060,วัดศรีบุญเรือง หมู่ที่ 4 บ้านน้ำจันทร์,ปภ.,17.3483,101.57654,58
9822342,โรงสูบน้ำแรงต่ำแม่ข่าย (แม่สาย),สสน.,20.444576,99.87177,2578
9930661,CHD001,สสน.,19.39982,98.87604,27
9930664,CHD002,สสน.,19.39301,98.86552,24
9930666,หน่วยพิทักษ์ป่าสบห้วยผาตั้ง-นาเลา,สสน.,19.41391,98.91527,35
9930667,CHD004,สสน.,19.39339,98.92826,82
9930852,สำนักงานเทศบาลนครหัวหิน,สสน.,12.56669,99.95777,1355
9930854,คลองพระราชดำริ ซอยหัวหิน 10,สสน.,12.6096,99.9453,718
9930856,คลองพระราชดำริ วัดเขาไกรลาศ,สสน.,12.5175,99.97219,516
9931002,บ้านหัวนาหนองจิก,สสน.,15.98427,103.14799,88
9931004,บ้านกำพี้,สสน.,15.95648,103.1543,104
9931006,บ้านน้ำผึ้ง,สสน.,15.95243,103.19807,100
9931008,บ้านกระยอม,สสน.,15.82878,103.35448,188
